Niveau;Kanas;Kanjis;Francais
N3;アイスクリーム;;crème glacée
N3;アイロン;;fer à repasser
N3;アウト;;dehors, à l'extérieur
N4;アクセサリー;;accessoire
N1;アクセル;;accélérateur
N2;アクセント;;"accent"""
N4;アジア;;Asie, asiatique
N3;あずける;預ける [一段];confier à la garde de, laisser quelqu'un à la charge de
N3;あたる;当たる [亓段];entreprendre, avoir du succès, être assigné, êtreéquivalent à
N3;あちこち・あち らこちら;彼方・此方;ici, par ici, celui-ci
N1;あっさり;;facilement, simplement, rapidement
N1;アップ;; en ce qui me concerne
N1;あとまわし;後回し;e fait de remettre à plus tard, d'ajourner quelque chose
N4;アナウンサー;;présentateur (TV, radio)
N5;あの;;bien, donc...
N5;あの;彼の;ce (loin du locuteur et de l'interlocuteur)
N5;アパート;;appartement
N5;あびる;浴びる [一段];prendre une douche, prendre un bain, se dorer au soleil
N4;アフリカ;;Afrique
N1;アプローチ;;approche, voie d'accès
N1;あべこべ;;inverse, contraire, opposé
N1;あまえる;甘える [一段];se comporter comme un enfant gâté, faire un caprice
N1;あまくち;甘口;saveur douce, sucrée
N1;アマチュア;;amateur
N4;アメリカ;;Amérique
N1;あやふや;;ambigu, incertain, vague
N1;アラブ;;arabe
N3;"あらわれる""";現れる・表れる・現われる[一段];apparaître, se dévoiler, s'exprimer (sentiment)
N1;アルカリ;;alcali
N5;あるく;歩く [亓段];marcher
N4;アルコール;;alcool
N4;アルバイト;;"travail à temps partiel"""
N3;アルバム;;album
N1;アルミ;;"aluminium"""
N1;アワー・アウア;;heure
N1;あわす;吅わす [亓段];comparer, combiner, ajouter, unir, fairecorrespondre
N1;アンケート;;enquête
N1;アンコール;;encore
N2;アンテナ;;"antenne"""
N4;あんな;;comme ça
N4;あんな;;ce genre de
N3;あんなに;;à tel point que
N5;あまり;余り;excès, trop plein, surplus
N1;イエス;;oui
N2;イコール;;égal à
N1;いざ;;bien, maintenant
N2;いしょくじゅう;衣食住;nécessités de la vie (des vêtements, de la nourriture et un abri)
"N5""";いただきます;戴きます;merci pour ce repas (expression de gratitude avant de commencer à manger)
N2;いちぶ;一部;une section, une partie (d'un ensemble), un exemplaire (d'un document)
N1;"いちもく・ひとめ""一目";;coup d'œil, aperçu
N4;いっしょうけんめい;一生懸命;de toute ses forces, très fort
N2;いってきます;行って来ます;à tout à l'heure (se dit en partant et en ayant l'intention de revenir)
N4;いつでも;何時でも;à tout à l'heure (se dit en partant lorsqu'on reviendra plus tard)
N1;いとなむ;営む [亓段];diriger (une cérémonie, un spectacle, une entreprise)
N2;イメージ;;image
N5;いれる;入れる [一段];introduire, mettre dedans, insérer, préparer (du thé, du café)
N3;インク・インキ;;encre
N3;いんたい;引退;retraite, isolement
N2;インタビュー;;interview, entretien
N1;インテリ;;intelligent
N1;インフォメーション;;information
N3;ウイスキー;;whisky
N2;ウーマン;;femme
N2;ウール;;laine
N5;うえ;上;dessus
N2;ウエートレス;;serveuse, hôtesse
N2;うかべる;浮かべる [一段];faire flotter, montrer (des sentiments), avoir l'air (triste, heureux)
N2;うっかり;;par inadvertance, par inattention
N2;うつす;映す [亓段];réfléchir (quelque chose), projeter (un film, une ombre)
N3;うったえる;訴える [一段];solliciter, faire appel à, poursuivre une personne en justice, se plaindre auprès de
N2;うどん;饂飩;udon (nouilles japonaises préparées avec de la farine de blé)
N1;うめぼし;梅干;umeboshi (aliment japonais réalisé avec des prunes salées)
N2;うらむ;恨む [亓段];maudire, avoir de la rancœur contre quelqu'un, en vouloir à
N1;うるおう;潤う [亓段];être humide, être moite, tirer profit de quelque chose
N2;うろうろ;;"flânant, marchant sans but"""""
N4;うん;;ouais, ok, yeah (marque l'accord)
N2;うんと;;beaucoup, une grande quantité
N1;エアメール;;courrier par avion
N5;ええ;;oui, en effet, c'est cela
N2;ええと;;voyons voir..., et bien…
N4;エスカレーター;;escalateur
N4;えだ;枝;branche
N2;エチケット;;étiquette, règles de bienséance, protoco
N1;えつらん;閲覧;inspection, relevé
N3;エネルギー;;énergie
N2;えのぐ;絵の具;peinture (matière)
N2;エプロン;;tablier
N1;エレガント;;élégant
N5;エレベーター;;ascenseur
N3;えんぎ;演技;jeu d'un acteur, interprétation, performance d'un acteur
N1;エンジニア;;ingénieur
N3;エンジン;;moteur
N2;"オイル""";;huile, pétrole
N1;おいる;老いる [一段];vieillir
N1;おう;負う [亓段];porter sur soi, devoir quelque chose à quelqu'un,assumer
N1;オーケー;;OK
N1;おおげさ;大げさ;exagéré
N2;オーケストラ;;orchestre
N4;オートバイ;;moto
N1;オートマチック;;automatique
N2;オートメーション;;automatisation
N1;おおはば;大幅;grande échelle, drastique
N1;オープン;;ouvert
N2;おおよそ;大凡;grossièrement, approximativement, en règle générale
N2;おかけください;お掛け下さい;asseyez-vous s'il vous plait, veuillez vous asseoir s'il vous plait
N2;おかず;;o-kazu (plat principal accompagnant le riz dans les repas japonais)
N2;おかまいなく;お構いなく;ne faites pas attention à moi, ne vous inquiétez pas pour moi
N2;おくりがな;送り仮名;partie écrite en kana après un kanji pour former unmot
N1;おごる;奢る・驕る [亓段];offrir une tournée, être extravagant, vivre dans le luxe
N1;おさまる;収まる・納まる・治まる[亓段];être à sa place, être installé, s'établir, être délivré, être obtenu
N2;おじぎ;御辞儀;révérence pour saluer, salutation (en s'inclinant en avant)
N1;おしむ;惜しむ [亓段];être parcimonieux, être frugal, être peu disposé à faire, chérir, estimer
N2;おじゃまします;お邪魔します;excusez-moi de vous déranger, expression utilisée en entrant dans la maison de quelqu'un d'autre
N1;おしよせる;押し寄せる [一段];se rapprocher, fondre sur, déferler sur, inonder, submerger
N1;おちこむ;落ち込む [亓段];être démoralisé, être triste, s'effondrer (l'économie, les affaires…), tomber dans (un trou)
N1;おっかない;;effrayant, terrifiant, énorme
N1;おどおど;;craintivement, avec hésitation
N2;おどかす;脅かす・威かす・嚇かす[亓段];menacer, intimider, forcer, surprendre
N5;おとこ;男;homme
N5;おとこのこ ;男の子 ;garçon
N3;おとこのひと;男の人;homme, personne de sexe masculin
N2;おとしもの;落し物;objet perdu
N4;おとす;落とす [五段];laisser tomber, faire tomber
N5;おととい・いっ さくじつ;一昨日;avant-hier
N5;おととし・いっ さくねん;一昨年;l'année avant l'année dernière, il y a 2 ans
N5;おとな;大人;adulte, grande personne
N2;おとなしい;大人しい;docile, calme
N4;おどり;踊り;danse
N3;おとる ;务る [五段] ;être inférieur à, être plus petit que
N4;おどる ;踊る [五段] ;danser
N2;おどろかす; 驚かす [五段]; surprendre, effrayer
N4;おどろく ;驚く [五段] ;être surpris, être étonné
N5;おなか;お腹;ventre, estomac
N5;おなじ ;同じ;identique, égal
N3;おに;鬼;démon, monstre
N5;おにいさん;お兄さん;grand-frère (polie)
N5;おねえさん;お姉さん;grande-soeur (polie)
N5;おねがいします;お願いします;s'il vous plaît
N3;おのおの・それぞれ;各々;respectivement, chacun respectivement, tour à tour
N5;おば;伯母・叔母;tante
N5;おばあさん;お婆さん;grand-mère (polie)
N5;おばさん 伯母さん;叔母さん;tante (polie)
N5;おはようござい;お早う御座います;bonjour (le matin)
N3;かかえる;抱える [一段];tenir dans les bras, avoir (des problèmes, des dettes…), recruter, embaucher
N1;かかげる;掲げる [一段];faire paraître un article, publier, étendre (un drapeau)
N5;かかる;掛かる [亓段];prendre (du temps, de l'argent), être accroché, être suspendu, être couvert (par une assurance, un contrat…)
N2;かかわる;係わる [亓段];être lié à, être en rapport avec, être influencé par, être affecté par
N5;かぎ;鍵;clé
N2;かきとめ;書留;inscription, enregistrement (d'une personne), prise de note à l'écrit
N1;カクテル;;cocktail
N5;かける;掛ける [一段];accrocher, porter (des lunettes...), appeler (au téléphone), prendre, dépenser (de l'argent, du temps)
N3;かける;欠ける [一段];être dépourvu, être manquant, être absent, être déficitaire
N3;かげん;加減;condition, état de santé, degré, mesure, addition et soustraction
N1;かさばる;嵩張る [亓段];être volumineux, être intransportable, être encombrant
N4;かしこまりました;畏まりました;bien entendu, bien sûr
N2;かじる;齧る [亓段];ronger, mordiller, mâcher, grignoter, avoir quelques notions en
N2;ガス;;gaz
N2;カセット;;cassette
N4;ガソリン;;essence
N4;ガソリンスタンド;;station-essence
N1;かたこと;片言;le fait de parler de manière hésitante, de manière maladroite
N2;かたづく;片付く [亓段];être rangé, être mis en ordre, être résolu, être terminé
N2;かたむく;傾く [亓段];s'incliner, pencher, décliner, se coucher (pour le soleil), vaciller
N3;がっかりする;;être déçu, être découragé, être démoralisé
N1;がっくりする;;être navré, être défait
N1;がっしり;;fermement, solidement
N1;がっちり;;fermement, solidement bâti
N1;カット;;couper
N1;カップ;;bol, tasse, coupe
N1;カテゴリー;;catégorie
N2;かなづかい;仮名遣い;utilisation des kanas (syllabaires) pour écrire le japonais
N2;カバー;;couverture, pochette, couvercle
N1;かばう;庇う [亓段];protéger quelqu'un, plaider en faveur de quelqu'un,défendre
N2;かぶせる;被せる [一段];couvrir avec quelque chose, verser un liquide, recouvrir
N5;かぶる;被る [亓段];porter quelque chose sur la tête, être recouvert (d'eau, de poussière…), supporter (un défaut, un manque…)
N1;かぶれる;気触れる [一段];développer des rougeurs ou une inflammation, réagir à quelque chose
N2;ガム;;chewing-gum
N1;カムバック;;come-back, retour (à la mode)
N5;カメラ;;appareil photo
N1;カメラマン;;cadreur, cameraman
N4;かよう;通う;aire des aller-et-retours, faire la navette, fréquenter, aller à (une école, une église...)
N2;カラー;;couleur
N4;ガラス;;verre (matière)
N2;がる;;exprime l'envie de quelqu'un d'autre
N1;カルテ;;enregistrement clinique
N4;かれ;彼;il, son (neutre)
N1;カレー;;curry
N1;ガレージ;;garage
N5;カレンダー;;calendrier
N2;カロリー;;calorie
N1;かわす;交わす [亓段];échanger (des salutations, des messages…), croiser, éviter, parer
N2;かわる;代わる・替わる・換わる[亓段];être changé, être remplacé
N2;かんさい;関西 np;Kansai (région Sud-Ouest du Japon vers Osaka et Kyoto)
N2;がんじつ・がんにち;元日;jour de l'An
N2;かんしょう;鑑賞;appréciation (d'un art par exemple), sens de l'esthétisme
N3;かんどう;感動;profonde émotion, excitation, le fait d'être profondément touché par quelque chose
N1;カンニング;;tricherie
N2;かんねん;観念;idée, notion, sens (du devoir par exemple),résignation, abandon
N2;かんわ;漢和;chinois-japonais (comme un dictionnaire par exemple)
N1;きかざる;着飾る [亓段];se pomponner, s'habiller avec de beaux vêtements, se parer
N3;きかん;機関;mécanisme, équipement, moteur, institution,organisation
N3;きじ;生地;étoffe, tissu, vraie nature de quelqu'un, poterie non vernie, pâte non préparée
N2;きせる;着せる [一段];habiller quelqu'un, vernir, revêtir, accuser quelqu'un, imputer à
N5;ギター;;guitare
N1;きちっと;;exactement, parfaitement
N3;きちんと;;avec exactitude, avec précision, avec soin
N3;きつい;;fort, déterminé, serré (en parlant d'un vêtement), intense, difficile
N1;きっかり;;clairement, manifestement, distinctement
N2;ぎっしり;;fermement, complètement, entièrement
N1;きっちり;;précisément, bien fort, fermement
N1;きっぱり;;clairement, manifestement, distinctement
N1;キャッチ;;attraper, prendre
N3;キャプテン;;capitaine
N1;キャリア;;carrière
N2;ギャング;;gang, bande
N2;キャンパス;;campus universitaire
N3;キャンプ;;camping, camp
N5;きょう・こんにち;"今日""";aujourd'hui
N2;きょうしゅくです;恐縮です;je suis vraiment désolé, je m'en excuseprofondément
N1;きり;;depuis que
N1;ぎり;義理;honneur, sens du devoir, dette morale, obligation sociale
N2;きる;斬る [亓段];tuer quelqu'un à l'aide d'une lame (d'un couteau, d'une épée…)
N2;きる;;suffixe pour indiquer qu'une action a été accomplie totalement en usant d'un effort particulier pour la réussir
N3;きれ;切れ;étoffe, morceau de tissu, tranche, morceau,compteur pour les tranches
N3;きれる;切れる [一段];bien couper, être tranchant, se casser, rompre, être blessé, manquer de, battre (un temps par exemple), perdre son sang-froid, s'effondrer
N2;きろくする;記録する;enregistrer, documenter, atteindre un record, atteindre une valeur
N5;キロメートル;;kilomètre
N1;クイズ;;quiz
N3;くう;食う [亓段];anger (vulgaire), vivre, piquer (comme un insecte), taquiner, consommer (du temps ou des ressources)
N2;クーラー;;air conditionné, climatiseur
N1;くき;茎;tige (d'une fleur), pied (d'un champignon), queue (d'une feuille)
N1;くぐる;潜る [亓段];passer à travers, passer sous, plonger dans l'eau, s'enfoncer dans le sous-sol, esquiver, évier
N1;くっきり;;à poings fermés (dormir), profondément (en parlant du sommeil)
N5;くつした;;chaussettes
N3;ぐっすり;;à poings fermés (dormir), profondément (en parlant du sommeil)
N1;ぐっと;;fermement, beaucoup
N2;くぶん;区分;segmentation, classification, division, voie decirculation
N3;くむ;組む [亓段];réunir, assembler, unir, produire (une émission, une série…)
N2;くむ;汲む [亓段];puiser (de l'eau), pomper (un liquide), boire (de l'alcool), sympathiser avec
N2;くもる;曇る [亓段];s'assombrir, se couvrir (en parlant du temps), devenir nuageux
N2;くやむ;悔やむ [亓段];faire ses condoléances, regretter, se lamenter sur, se repentir
N5;くらい・ぐらい;;environ
N3;くらし;暮らし;subsistance, vie
N5;クラス;;classe
N3;くらす;暮らす [亓段];vivre, passer du temps
N3;クラッシック;;classique
N4;くらべる;比べる [一段] ;Comparer
N5;グラム;;gramme
N3;グランド;;glande, sol
N2;クリーニング;;nettoyage, entretien
N3;クリーム;;crème
N4;くらべる;比べる [一段];comparer
N3;くりかえす;繰り返す [亓段];répéter, refaire
N3;クリスマス;;Noël
N3;グループ;;groupe
N1;グレー;;gris
N1;クレーン;;grue (matériel de chantier ou animal)
N2;くわえる;咥える [一段];tenir quelque chose dans sa bouche (une cigarette,une pipe…)
N1;ぐん;群;groupe d'animaux, groupe au sens mathématique duterme
N3;げ;下;manque de hauteur, infériorité, dernier tome d'un ensemble de 2 ou 3
N1;けいい;経緯;cours des choses, évènements, circonstances, position
N3;けいき;景気;situation (commerciale ou des affaires), activité (du marché)
N1;けいさい;掲載;parution, publication (d'un article dans un journal par exemple), insertion
N1;けいさいする;掲載する;publier, faire paraître (un article dans un journal parexemple)
N2;けいしき;形式;forme, apparence, formalité, style, système,méthode, expression mathématique
N4;ケーキ;;gâteau
N3;ケース;;caisse, valise, cas
N3;ゲーム;;jeu
N1;ゲスト;;invité, convive
N1;けだもの・けもの;獣;bête, animal
N1;げっしゃ;月謝;frais mensuel pour des cours (de musique, de sport, de langue…)
N1;けっせい;結成;création, formation (d'un groupe, d'une entreprise…)
N1;げっそりする;;perdre du poids, être découragé
N2;けはい;気配;signe, indication, tendance, cotation (boursière entre autres)
N4;けれど;;mais
N4;けれども;;mais
N2;けわしい;険しい;accidenté, rude, escarpé, inaccessible, aiguisé (pour le regard ou la parole)
N1;こうえん;公演;représentation publique (concert, pièce de théâtre…), démonstration de sumos dans un pays étranger
N3;こうさい;交際;association, relation, amitié, compagnie, connaissance
N2;こうし;講師;maître de conférence, professeur qui donne un cours magistral
N1;こうじょ;控除;retenue, prélèvement, déduction (d'une taxe, d'un montant), décompte, remise
N4;こうとうがっこう;高等学校;lycée
N4;こうば・こうじょう;工場;usine, atelier
N2;コース;;cours, parcours
N3;コーチ;;coach, entraineur
N5;コート;;manteau, veste, court (de tennis, de basket…)
N3;コード;;code, corde
N1;コーナー;;angle, coin
N5;コーヒー;;café
N2;コーラス;;chœur de chanteurs, chorale
N3;ゴール;;but
N2;ごくろうさま;ご苦労様;je suis reconnaissant de vos efforts, merci pour vos efforts
N2;こころあたり;心当たり;le fait d'avoir une idée ou des connaissances sur quelque chose
N2;こころえる;心得る [一段];avoir des connaissances approfondies sur, être bien renseigné sur
N1;こずえ;梢;sommet d'un arbre, cime d'un arbre, extrémité d'une branche
N1;こたつ;炬燵;kotatsu (table basse japonaise munie d'un chauffage)
N5;ごちそうさまでした;"ご馳走様でした""";merci pour ce repas (après avoir mangé)
N5;こちらこそ;;de même
N1;こつ;;savoir-faire, astuce, truc, tour de main
N2;コック;;cuisinier, robinet
N2;こっそり;;secrètement, furtivement
N5;コップ;;verre (contenu)
N3;コピー;;copie, photocopie
N2;ごぶさたする;ご無沙汰する;ne pas écrire ou contacter quelqu'un depuis quelques temps
N2;こぼれる;零れる [一段];répandre, déborder, s'échapper (des larmes, unsourire)
N1;コマーシャル;;annonce publicitaire
N2;ゴム;;gomme
N5;ごめんください;ご免下さい;puis-je rentrer ? (dans la maison de quelqu'un d'autre)
N3;これら;此れ等;ces
N5;ころ・ごろ;;vers (pour l'heure)
N2;コンクール;;concours
N2;コンクリート;;béton
N4;コンサート;;concert
N2;コンセント;;prise de courant, consentement
N1;コンタクトレンズ;;lentille de contact
N1;コンテスト;;concours
N4;こんど;今度;cette fois, la prochaine fois
N1;コントロール;;contrôle
N5;こんな;;cette sorte de
N3;こんなに;;de cette manière, de cette façon
N1;コンパス;;compas, boussole
N3;コンピューター;;ordinateur
N2;さあ;;allez, viens ! Par ici !
N2;サークル;;cercle
N3;サービス;;service, support
N1;サイクル;;cycle
N1;サイズ;;size
N1;さいせい;再生;régénération, retour à la vie, réanimation, écoute d'un enregistrement
N2;さいそく;催促;demande pressante, requête, réclamation, revendication
N1;さいよう;採用;admission (d'une personne), engagement (de quelqu'un)
N2;サイレン;;sirène
N3;さいわい;幸い;bonheur, félicité
N1;さかのぼる;逆上る [亓段];faire rétroactivement, remonter (un cours d'eau), remonter (à une certaine date)
N1;さじ;些事;détail, broutille, quelque chose de petit et d'insignifiant
N4;さっき;;il y a longtemps
N2;さっさと;;rapidement
N1;さっと;;soudainement, rapidement
N3;ざっと;;grossièrement, rapidement, approximativement
N3;さっぱりする;;se sentir à l'aise, se sentir libéré
N3;さて;偖;et bien (pour faire la transition entre deux sujets différents)
N1;サボる;;sécher les cours
N4;さま;様;suffixe pour les noms (Mr, Mme), apparence, manière
N2;さめる;冷める [一段];refroidir, se refoidir, se calmer, baisser (fièvre, colère)
N5;さよなら;;au revoir
N4;サラダ;;salade
N3;さらに;更に;d'ailleurs, de plus, en plus
N2;サラリーマン;;employé, cadre
N5;さん;;suffixe pour les noms (Mme, Mr)
N1;サンキュー;;merci
N1;サンタクロース;;le Père Noël
N4;サンダル;;sandale
N2;さんち;産地;zone de production
N4;サンドイッチ;;sandwich
N2;サンプル;;échantillon
N1;じ;次;suivant, compteur pour les ordres, les séquences, le nombre de fois
N2;シーツ;;drap
N1;しいて;強いて;avec force
N1;シート;;siège, feuille
N1;ジーパン;;jeans (le pantalon)
N1;しいれる;仕入れる [一段];mettre en stock, stocker, renouveler le stock, se procure
N3;ジーンズ;;jeans
N2;しいんと;;silencieusement, calmement
N1;しかけ;仕掛け;appareil, mécanisme, gadget, à moitié fini, défi,commencement, attaque
N1;しかける;仕掛ける [一段];commencer, poser des mines, attaquer, faire la guerre, défier
N1;システム;;système
N1;したじ;下地;fondation, base, aptitude, connaissances élementaires de quelque chose
N1;じつぎょうか;实業家;businessman, homme d'affaires, industriel (personne)
N1;じっくり;;consciencieusement
N1;しつける;仕付ける [一段];être habitué à un travail, commencer à faire, faufiler (en couture)
N2;しつこい;;tenace, obstiné
N1;じつじょう;实情;réelle condition, circonstances actuelles, véritable état des affaires
N3;じっと;;fermement, fixement
N5;しつれいしました;"失礼しました""";excusez-moi, je suis désolé
N1;シナリオ;;scénario
N1;しぶとい;;têtu, obstiné
N3;しまった;;zut ! Merde !
N2;しめきる;締め切る [亓段];clôturer, fermer, condamner (une porte, une ouverture)
N2;ジャーナリスト;;journaliste
N1;ジャズ;;jazz
N1;しゃたく;社宅;logement que possède une entreprise pour ses employés
N5;シャツ;;chemise, chemisier
N2;しゃっくり;吃逆;hoquet
N2;シャッター;;volet, store
N4;ジャム;;confiture
N5;シャワー;;douche
N2;じゃんけん;じゃん拳;jeu du pierre-feuille-ciseaux
N1;ジャンパー;;pull-over
N1;ジャンプ;;saut
N1;ジャンボ;;éléphant, géant
N1;ジャンル;;genre
N1;しゅうぎょう;修行;poursuite de la connaissance, apprentissage, formation, discipline
N2;しゅうしょくする;就職する;trouver un emploi
N3;ジュース;;jus
N3;しゅうせいする;修正する;altérer, modifier, corriger, rectifier, retoucher
N2;しゅうへん;周辺;circonférence, environs, périphérie, périphériques informatiques
N1;しゅうよう;収容;héberger, réceptionner, admettre, introduire (dans un dictionnaire)
N2;じゅうりょう;重量;pesanteur, poids, poids lourd (pour un sportif, une voiture…)
N2;しょう;背負う [亓段];être surchargé avec, porter sur son dos ou ses épaules
N1;しよう;仕様;méthode, manière, ressources, spécifications techniques
N2;じょう;畳;compteur pour les tatamis (unité de mesure de longueur )
N1;じょうい;上位;poids fort, supérieur (en terme de rang), unité centrale
N2;しょうしょうおまちください;尐々お待ちください;un instant s'il vous plaît
N1;じょうりく;上陸;débarquement, le fait de toucher la côté (pour un typhon par exemple)
N1;ショー;;show
N4;しょくりょうひん;食料品;nourriture
N1;ショック;;choc
N1;しょっちゅう;;constamment, toujours
N2;シリーズ;;commerce, boutique, magasin
N3;スイッチ;;interrupteur
N4;すいどう;水道;approvisionnement d'eau, conduite d'eau, distribution d'eau
N2;スーツ;;costume, tailleur
N4;スーツケース;;valise
N4;スーパー;;supermarché
N1;すうはい;崇拝 ;culte, adoration, adulation
N3;スープ;;soupe, bouillon
N5;スカート;;jupe
N2;スカーフ;;écharpe
N2;ずかん;図鑑;livre d'images, encyclopédie illustrée (notamment pour les enfants)
N3;スキー;;ski
N2;スクール;;école
N3;スケート;;patinage
N2;スケジュール;;horaire, programme
N3;すすめる;勧める [一段];recommander, conseiller, encourager, proposer (du vin)
N3;スター;;star, vedette
N2;スタート;;départ, démarrage
N3;スタイル;;style
N1;スタジオ;;studio
N1;すたれる;廃れる [一段] ;se démoder, vieillir, devenir obsolète
N3;スタンド;;stand, tribunes
N2;スチュワーデス;;hôtesse de l'air
N5;ずつ;;chaque
N3;ずつう;頭痛 ;migraine 
N4;すっかり;;tous, complètement
N2;すっかり;;complètement, entièrement
N2;すっきり;;bien fait, clair, ordonné
N2;すっと;;directement, tout d'un coup, doucement
N4;ずっと;;très, complètement, pendant longtemps
N2;すっぱい;酸っぱい;acide, aigre
N2;ステージ;;scène, prestation scénique, représentation
N4;ステレオ;;chaîne stéréo
N5;ストーブ;;chauffage
N2;ストッキング;;bas (fine et longue chaussette portée par les femmes)
N1;ストライキ;;grève
N1;ストレス;;stress, tension
N1;ストロー;;paille
N1;ストロボ;;stroboscope
N1;すばしこい;;agile, habile, futé, rapide
N1;ずばり;;franchement, une fois pour toutes
N2;スピーカー;;haut-parleur
N3;スピーチ;;discours, allocution
N1;スピード;;vitesse
N5;スプーン;;cuillère
N1;ずぶぬれ;ずぶ濡れ;imbibé, mouillé
N1;スプリング;;printemps
N1;スペース;;espace
N5;スポーツ;;sport
N1;スポーツカー;;voiture de sport
N5;ズボン;;pantalon
N2;スマート;;élégant, chic, stylé
N2;スライド;;diapositive
N2;ずらす;滑らす [亓段];remettre à plus tard, retarder
N1;スラックス;;pantalon
N1;ずらっと;;aligné en ligne ou en colonne
N5;スリッパ;;pantoufle
N4;すると;;ensuite
N3;するどい;;aiguisé, pointu
N1;ずれ;;décalage
N2;すれちがう;すれ違う [亓段];se croiser sans se rencontrer, se manquer, être en désaccord
N1;すんなり;;le fait de réussir facilement, sans problème
N1;せい;制;système, organisation, régime, contrôle, gouvernement
N5;セーター;;pull
N1;セール;;vente
N1;セクション;;section
N1;セックス;;rapport sexuel, sexe
N3;セット;;ensemble, manche (au tennis), série
N2;ゼミ;;séminaire
N2;セメント;;ciment
N2;せりふ;台詞;discours, parole, remarque
N1;セレモニー;;cérémonie
N5;ゼロ;;zéro
N2;ぜんご;前後;avant et après, devant et derrière, environ, à peu près
N1;せんこう;先行;départ en premier, le fait d'aller en avant, de tête (devant)
N1;センス;;bon goût (pour la musique, le style…)
N3;センター;;centre
N2;センチ;;centimètre
N4;そう;;ainsi
N1;そうかん;創刉;lancement (d'un journal par exemple), premier numéro
N1;そうさく;捜索;recherche, enquête (particulièrement pour quelqu'un ou quelque chose de disparu)
N1;そえる;添える [一段];accompagner, ajouter, s'attacher à
N1;ソース;;source
N1;そくする;即する;se conformer à, consentir avec, être adapté à, être basé sur
N2;そそっかしい;;étourdi, distrait, imprudent
N4;そつぎょう;卒業;obtention d'un diplôme
N1;ソックス;;chaussette
N3;そっくり;;ressemblant, semblable
N3;そっと;;doucement, furtivement
N3;ソファー;;canapé, sofa, divant
N1;そむく;背く [亓段];s'opposer à, désobéir, aller à l'encontre de, ne pas respecter
N4;其れはいけませんね;;c'est ennuyeux
N1;ソロ;;solo
N2;そろう;揃う [亓段];être tous présents, devenir complet, être égal, rassembler
N4;そろそろ;;doucement, petit à petit
N1;ぞんざい;;grossier, négligé
N4;そんな;;une telle (chose), une pareille (chose)
N4;そんなに;;comme, tellement
N1;ダース;;douzaine
N2;だい;題;titre, sujet, thème
N1;タイトル;;titre
N1;タイピスト;;dactylo
N4;タイプ;;type, style
N3;タイプライター;;machine à écrire
N1;だいべんする;代弁する;agir pour quelqu'un, parler pour quelqu'un, payer par procuration
N1;タイマー;;minuterie
N1;たいまん;怠慢;négligence, paresse, procastination
N1;タイミング;;horaire prévu, timing
N1;タイム;;temps
N1;タイムリー;;opportun, dans les délais
N2;タイヤ;;pneu
N2;ダイヤグラム;;diagramme
N2;ダイヤル;;cadran, composer (un numéro)
N1;タイル;;tuile, carreau
N1;ダウン;;à terre
N3;タオル;;serviette de toilette
N4;たおれる;倒れる [一段];s'effondrer
N3;だが;;mais, cependant
N1;だかい;打開;sortie d'une impasse, dénouement d'une situation difficile
N4;だから;;donc
N5;タクシー;;taxi
N3;だけど;;cependant
N2;たちまち;忽ち;dans un instant, soudainement, d'un coup, tout de suite
N3;たった;;seulement (+nombre), uniquement
N1;だったい;脱退;retrait, abandon, sécession
N3;だって;;Seulement (+nombre), uniquement
N1;たっとい;貴い;précious, cher, noble, sans prix
N3;たっぷり;;abondamment
N2;たっぷり;;plein, rempli
N1;たてまえ;建前;position que l'on adopte en public (par opposition à son opinion personnelle que l'on garde)
N2;たとえる;例える [一段];comparer, illustrer avec un exemple, utiliser une comparaison
N1;たどりつく;辿り着く [亓段];arriver quelque part après avoir lutté, parvenir à atteindre tout juste quelque chose, finalement arriver à
N1;たなごころ・てのひら;掌;paume de la main
N2;たび;足袋;tabi (chaussette japonaise dont le gros orteil est séparé
N1;だぶだぶ;;ample, desserré
N2;ダブル;;double
N2;ダム;;barrage, muet, idiot
N2;だらけ;;être plein de (connotation négative), être couvert de
N2;だらしない;;négligé, malpropre, relaché
N1;たるみ;弛み;"relâchement, ralentissement, manque d'intérêt,déception"""""
N1;タレント;;talent, star, vedette
N1;タワー;;tour
N3;ダンス;;danse
N1;たんだい;短大;école de premier cycle universitaire (2 ou 3 ans après le lycée)
N1;ダンプ;;décharge, tas d'ordures
N3;チーズ;;fromage
N3;チーム;;équipe
N1;チームワーク;;travail d'équipe
N3;ちえ;知恵;sagesse, intelligence, raison, bon sens
N1;チェンジ;;changement, échange, monnaie
N2;ちかづく;近づく [亓段];se rapprocher, devenir proche, se lier d'amitié avec quelqu'un
N2;チップ;;pourboire
N1;チャイム;;carillon
N1;チャネル;;chaîne de TV
N1;ちゃのま;茶の間;salle de séjour (dans une maison japonaise traditionnelle)
N1;ちゃのゆ;茶の湯;cérémonie du thé
N1;ちやほやする;;choyer, dorloter, gâter
N5;ちゃわん;茶碗 ;bol à riz, tasse à thé
N3;チャンス;;chance, occasion
N4;駐車場;;place de parking
N2;ちゅうせい;中性;neutralité (électrique, chimique…), indifférence, androgyne, neutre (en grammaire)
N3;ちゅうもく;注目;attention (le fait de faire attention à quelque chose), observation
N3;ちょうし;調子;rythme, tonalité, humeur, état d'esprit, état desanté, tendance
N2;ちょうたん;長短;avantages et inconvénients, points forts et points faibles, long et court
N1;重宝;;pratique, utile
N2;チョーク;;craie
N1;ちょくちょく;;fréquemment, souvent
N2;ちょくつう;直通;direct (en parlant d'un trajet pour un train, un avion…)
N5;ちょっと;一寸;juste une minute, un petit peu, un instant, un moment
N1;ちらっと;;d'un coup d'œil, par inadvertance
N2;ちる;散る [亓段];tomber (des feuilles , des fleurs…), se disperser, s'éparpiller, se répandre
N1;ついきゅうする;追及する;interroger (dans un interrogatoire par la police par exemple), faire des recherches (sur l'innocence d'une personne par exemple)
N5;つかう;使う [亓段];interroger (dans un interrogatoire par la police parexemple), faire des recherches (sur l'innocence d'une personne par exemple)
N2;つきあう;付き吅う [亓段];fréquenter quelqu'un, accompagner quelqu'un, être d'accord avec quelqu'un
N3;つく;就く [亓段];être nommé, accéder à une position, prendre unsiège ou une position, partir, apprendre (sous la direction d'un enseignant à
N2;つく;付く [亓段];attacher, adhérer, coller, accompagner, s'allumer (pour la lumière), avoir de la chance
N1;つぐ;接ぐ [亓段];joindre, reconstituer, greffer (un arbre), immobiliser (un os cassé)
N4;つける;付ける・着ける [一段];coller, attacher, fixer, enfiler un vêtement, accompagner quelqu'un, allumer
N1;つつしむ;慎む [亓段];être attentionneux, être discret, s'abstenir, se restreindre
N1;つっぱる;突っ張る [亓段];soutenir, insister, se raidir, devenir tendu, maintenir (son opinion)
N3;つなぐ;繋ぐ [亓段];attacher, lier, connecter, transférer (un appel téléphonique)
N2;つなげる;繋げる [一段];attacher, lier, connecter, transférer (un appel téléphonique)
N1;つまむ;摘む [亓段];pincer, saisir, prendre quelque chose avec ses mains, ramasser
N1;てあて;手当て;indemnisation, dédommagement, allocation, soins médicaux
N2;ていいん;定員;capacité (d'un moyen de transport, d'un lieu), nombre de places
N3;ていしゅつ;提出;présentation, soumission (d'un rapport, d'un document…)
N1;データ;;données
N3;デート;;rendez-vous
N5;テープ;;bande magnétique, cassette audio
N5;テーブル;;table
N5;テープレコーダ;;magnétophone
N1;ておくれ;手遅れ;trop tard, tardif
N1;でかい;;gigantesque, énorme
N4;テキスト;;texte
N1;デコレーション;;décoration
N3;てきする;適する;convenir, être convenable, être approprié
N3;てきせつ;適切;pertinent, approprié, adéquat
N3;てきど;適度;modéré, mesuré
N4;てきとう;適当;approprié, convenable
N3;てきよう;適用;application, mise en pratique, utilisation
N5;できる;出来る [一段];être capable de faire, être fait
N2;てごろ;手頃 ;maniable, commode approprié, raisonnable, abordable
N4;できるだけ;出来るだけ;si possible, autant que possible
N5;でぐち;出口;sortie
N2;てくび;手首;poignet
N2;でこぼこ;凸凹;inégal (relief du terrain, du sol), rugueux
N2;てごろ;手頃;modéré, abordable, accessible
N1;デザート;;désert
N1;デザイン;;design
N3;ですから;;donc, par conséquent
N5;テスト;;test, essai
N2;てっきり;;certainement, sûrement, sans l'ombre d'un doute
N1;てっこう;鉄鋼;fer et acier
N1;デッサン;;dessin
N4;テニス;;tennis
N4;テニスコート;;court de tennis
N5;では;;donc, alors, et bien
N5;デパート;;centre commercial
N3;デモ;;démonstration, manifestion politique
N5;でも;;mais, cependant
N1;てもと;手元;dans la main, sous la main, à la maison
N1;デモンストレーション;;démonstration, manifestation politique
N1;テレックス;;télex
N5;テレビ;;télévision
N1;てんか;天下;le monde, le public, le pays dans son ensemble, descente des cieux (dans le bouddhisme)
N1;てんで;;complètement, entièrement
N3;テント;;tente
N2;てんのう・すめらぎ;天皇;Empereur du Japon
N2;テンポ;;tempo, rythme
N5;ドア;;porte (style occidental)
N5;トイレ;;toilettes
N5;どういたしまして;"どう致しまして""";il n'y a pas de quoi, de rien
N2;どうせ;;après tout, de toute manière, en tout cas
N5;どうぞ;;s'il vous plaît
N1;どうにか;;d'une manière ou d'une autre
N5;どうも;;merci
N1;どうもありがとうございます;;merci
N1;とかく;兎角・左右;faire des choses variées, faire ceci et cela, être apte à
N1;とがめる;咎める [一段];blâmer, aggraver (une blessure), menacer, contester, trouver à redire
N2;どきどき;;battement de cœur rapide, pulsation
N2;とく;溶く [亓段];diluer (de la peinture), brouiller (des œufs), dissoudre
N3;ところで;;au fait, à propos
N1;としごろ;年頃;âge approximatif, âge de se marrier (en particulier pour une femme), âge adulte
N2;どっと;;soudainement
N1;とっぱする;突破する;pénétrer, franchir
N3;トップ;;premier, en tête
N1;ととのえる;整える [一段];arranger, mettre en ordre, préparer, organiser, collecter des fonds
N2;とどまる・とまる;留まる [亓段];rester (à un endroit), demeurer, être limité à
N3;とばす;飛ばす [亓段];s'envoler, être projeté, omettre, ignorer, répandre(une rumeur)
N5;とまる・とどまる;止まる・留まる [亓段];s'arrêter, faire une pause se percher, se jucher, se poser
N3;とめる;留める・止める [一段];arrêter, se concentrer sur, prêter attention à, se rappeler, garder à l'esprit, rester (dans un lieu, à un endroit)
N1;ドライ;;sec
N1;ドライクリーニング;;nettoyage à sec
N3;ドライブ;;voyage en voiture
N1;ドライブイン;;service au volant (restaurant, cinéma), drive-in
N3;トラック;;camion, piste (de course, d'un CD)
N1;トラブル;;ennuis, problèmes
N3;ドラマ;;programme TV de fiction, drame
N1;トランジスター;;transistor
N3;トランプ;;cartes à jouer
N1;とりたてる;取り立てる [一段];exiger, ramasser de l'argent, extorquer, nommer, promouvoir
N1;とりつぐ;取り次ぐ [亓段];annoncer quelqu'un, transmettre un message, représenter quelqu'un
N1;ドリル;;exercice, perceuse
N2;とる;採る [亓段];adopter (une mesure, une proposition), cueillir (un fruit), attraper (un insecte), prélever (un échantillon)
N2;トレーニング;;entraînement
N3;ドレス;;robe
N3;とれる;取れる [一段];être enlevé, disparaitre, être attrapé, être récolté, être interprêté
N3;トン;;tonne
N1;どんかん;鈍感;bête, idiot
N1;とんだ;;inimaginable, inconcevable, inattendu
N3;とんでもない;;impossible !, hors de question !, absolument pas !,n'importe quoi !
N5;どんな;;quel genre ?
N3;どんなに;;comment ?, combien ?
N3;トンネル;;tunnel
N2;どんぶり;丼;bol en porcelaine, bol de riz avec de la garniture au dessus
N5;ない;無い;qui n'existe pas, qui n'est pas là, qui n'est pas possédé
N2;ないか;内科;médecine générale, département de la médecine interne (dans un hôpital)
N1;ないしん;内心;pensées les plus intimes de quelqu'un, véritables sentiments
N1;ナイター;;match en soirée (comme du baseball)
N5;ナイフ;;couteau
N2;ナイロン;;nylon
N2;なおす;直す;suffixe pour exprimer le fait qu'on retente une action
N3;ながす;流す [亓段];faire couler, verser (des larmes…), répandre, faire circuler
N5;なく;鳴く [亓段];chanter (oiseau), aboyer, miauler, grogner (pangolin)...
N2;なにぶん;何分;de toute façon, s'il vous plaît (pour insister sur une demande)
N3;なにも;何も;rien (+ verbe au négatif), aucun, et tout le reste (+ nom avec も)
N1;ナプキン;;serviette de table, serviette
N1;なまぐさい;生臭い;qui sent la viande ou le poisson cru, qui a l'odeur de quelque chose de mauvais
N2;なまける;怠ける [一段];négliger, ne pas s'occuper de (en parlant d'un travail)
N1;なめる;嘗める [一段];lécher, sucer, endurer (une épreuve difficile), se moquer de, traiter avec mépris
N1;なりたつ;成り立つ [亓段];être composé de, consister en, être valide, être fondé sur, être valable
N5;なる;成る [亓段];devenir, se changer en, être composé de, être constitué de
N1;なんか;;des choses comme, des trucs comme (souvent péjoratif)
N1;ナンセンス;;un peu, d'une manière ou d'une autre, d'une certaine façon
N1;なんだか;何だか;un peu, d'une manière ou d'une autre, d'une certaine façon
N2;なんて;;des choses comme, des trucs tels que
N2;なんとも;何とも;rien (+ verbe au négatif), complètement (+ affirmatif), pas le moindre
N2;ナンバー;;numéro, nombre
N3;にあう;似吅う [亓段];ressembler, correspondre, convenir, aller bien ensemble
N2;におう;匂う [亓段];sentir (bon ou mauvais), être parfumé, rougeoyer, luire
N2;にこにこ;;sourire
N4;について;;à propos de
N3;にっこり;;avec le sourire
N1;になう;担う [亓段];porter sur ses épaules, prendre sur soi (une erreur, un échec…), épauler une arme
N3;にほん・にっぽん;日本 np;Japon
N1;ニュー;;nouveau
N1;にゅうしょうする;入賞する;remporter un prix, gagner un prix
N1;にんじょう;人情;compassion, empathie, sympathie, nature humaine, sens commun
N2;ね・ねえ;;n'est ce pas ?, interjection pour demander la confirmation de l'interlocuteur
N1;ねいろ;音色;ton (d'une couleur ou d'un son), timbre (d'une voix), son d'un synthétiseur
N1;ネガ;;négatif d'une photo
N5;ネクタイ;;cravate
N1;ねだる;強請る [亓段];taquiner, amadouer, demander avec insistance,solliciter
N2;ネックレス;;collier
N3;ねんげつ・としつき;年月;mois et années
N1;ノイローゼ;;névrose
N3;ノー;;non
N5;ノート;;calepin, cahier, note
N3;のこす;残す [亓段];laisser de côté, léguer, sauvegarder, garder en réserve
N3;のせる;乗せる・載せる [一段];charger (des bagages), embarquer, déposer quelqu'un en voiture, mentionner, publier (une annonce)
N3;ノック;;névrose
N3;のびる;伸びる・延びる [一段];s'étendre, s'allonger, pousser (les cheveux, la barbe…), être reporté, être prolongé
N2;のぼり;上り;ascension, montée, train qui part en direction d'une métropole
N1;のりこむ;乗り込む [亓段];embarquer (dans un avion, un bateau…), monter dans (une voiture)
N5;のる;乗る [亓段];monter (dans un véhicule), prendre (un train),embarquer (dans un avion, un bateau)
N2;のる;載る [亓段];apparaître dans (un registre, un annuaire, un dictionnaire...), figurer dans la liste de
N2;のろい;鈍い;émoussé, idiot, stupide, tardif, lent
N2;のろのろ;;doucement, lentement
N2;のんき;呑気 ;imprudent, insouciant, optimiste, tranquille
N3;のんびり;;sans souci, à loisir
N1;バー;;"bar"""
N3;パーセント;;pour cent
N5;パーティー;;fête
N5;はい;;oui
N3;バイオリン;;violon
N3;ハイキング;;promenade, randonnée
N1;はいけい;拝啓;Cher Mr/Mme… (formule de politesse employée au début d'une lettre)
N3;パイプ;;tube, tuyau
N3;パイロット;;pilote
N2;はきはき;;clairement, avec lucidité, de façon efficace
N2;バケツ;;seau
N1;はげむ;励む [亓段];faire tout son possible pour, s'efforcer de, travailler assidûment
N3;はし;端;baguettes pour manger
N1;パジャマ;;pyjama
N5;バス;;bus
N3;パス;;chemin, passe (dans un jeu de balle)
N4;はず;筈;suffixe pour indiquer qu'une chose est presque sûre, qu'elle doit être ainsi
N3;パスポート;;passeport
N1;はずむ;弾む [亓段];bondir, sauter, jaillir, rebondir, être stimulé, être encouragé, être joyeux
N5;バター;;beurre
N1;パチンコ;;pachinko (billard électronique vertical)
N1;はつがする;発芽する;bourgeonner, se développer (pour un arbre, une plante…)
N4;はっきり;;clairement, distinctement
N2;バック;;arrière, dos, soutien
N3;バッグ;;sac
N1;バッジ;;badge
N3;ばったり;;d'un coup, soudainement, sans attendre
N1;バット;;batte (de base-ball), chauve-souris
N1;パトカー;;voiture de police
N2;はなしかける;話し掛ける [一段];accoster (quelqu'un), engagenr la conversation, adresser la parole à quelqu'un
N2;はなしちゅう;話中;accoster (quelqu'un), engagenr la conversation, adresser la parole à quelqu'un
N1;はばむ;阻む [亓段];empêcher quelqu'un de faire quelque chose, arrêter, contenir, gêner, opposer
N1;はまる;填まる [亓段];aller dans, tomber dans, être pris dans, convenir, s'adapter
N2;はめる;填める [一段];insérer, emboîter, faire rentrer, mettre, faire l'amour
N1;ばらまく;散蒔く [亓段];disséminer, éparpiller, disperser, jeter son argent par les fenêtres
N2;はりきる;張り切る [亓段];disséminer, éparpiller, disperser, jeter son argent par les fenêtres
N3;バン;;van
N5;ばん;晩;soir, soirée
N5;パン;;pain
N1;ハンガー;;hangar, cintre
N5;ハンカチ;;mouchoir
N3;ハンサム;;beau, joli
N1;はんする;反する;s'opposer à , se révolter, se rebeller, aller à l'encontre de
N2;はんせい;反省;introspection, méditation, contemplation,reconsidération
N2;パンツ;;sous-vêtements, culotte, slip
N1;はんてい;判定 ;jugement, décision, verdict
N2;バンド;;groupe (de musique)
N2;はんとう;;péninsule
N2;ハンドバッグ;;sac à main
N2;ハンドル;;poignée, guidon
N4;ピアノ;;"piano"""""
N1;ひいては;;pas seulement… mais aussi, en plus de
N3;ビール;;bière
N1;ビールス;;virus
N1;ひかえる;控える [一段];se retenir, se modérer, se restreindre, prendre des notes
N2;ぴかぴか;;étincelle, scintillement
N5;ひく;引く [亓段];jouer d'un instrument à corde, dessiner (ligne)
N3;ピクニック;;pique-nique
N1;ビジネス;;business
N2;ピストル;;pistolet, revolver
N2;ビタミン;;vitamine
N2;ひっかける;引っ掛ける [一段];accrocher quelque chose, suspendre, attraper, enfiler en vitesse (des vêtements)
N2;ひっくりかえる;引っ繰り返る [亓段];se retourner, basculer par-dessus, tomber, être renversé
N2;ひつじゅひん;必需品;articles indispensables, articles de première nécessité
N3;ぴったり;;exactement, précisément, avec soin
N3;ビデオ;;vidéo
N2;ビニール;;vinyle
N2;ひねる;捻る [亓段];tourner (un interrupteur), tordre, essayer de comprendre, se creuser la tête
N1;ひょっと;;par hasard, possiblement, par accident
N1;びり;;dernier sur la liste, le fond de quelque chose (une pièce par exemple)
N4;ビル;;immeuble
N3;ピン;;épingle
N1;びんかん;;sensible, susceptible
N2;ピンク;;rose (couleur)
N1;ヒント;;indice
N2;ぶ;部;département, catégorie, partie, compteur pour les exemplaires (d'un magazine, d'un journal…)
N1;ファイル;;fichier
N2;ファスナー;;fermeture éclair
N1;ファン;;admirateur, fan, ventilateur
N1;フィルター;;filtre (audio, d'appareil photo)
N5;フィルム;;film
N1;ブーツ;;bottes
N1;ブーム;;période de forte croissance, engouement
N5;プール;;piscine
N1;フェリー;;ferry
N5;フォーク;;fourchette
N1;フォーム;;écume, mousse
N1;ぶかぶか;;trop gros, large
N1;ブザー;;sonnerie, buzzer
N2;ふさがる;塞がる [亓段];être obstrué, être bouché, être encombré, être occupé
N2;ぶさた;無沙汰;ne pas rester en contact avec quelqu'un, absence de nouvelles durant un long moment
N2;ふぞくする;付属する;appartenir à, être rattaché à, être lié à, être associé à
N1;ふっかつ;復活;reprise (d'un film, d'une musique), restauration, résurrection
N2;ぶつぶつ;;grognement, plainte à voix basse
N2;ふみきり;踏切;croisement de chemin de fer, passage à niveau, ligne de départ
N2;フライパン;;poêle à frire
N2;ブラウス;;chemisier
N2;ぶらさげる;ぶら下げる [一段];suspendre, faire osciller, balancer
N2;ブラシ;;brosse
N3;プラス;;plus
N2;プラスチック;;plastique
N2;プラットホーム;;quai d'une gare
N1;ふらふら;;étourdi, chancelant
N1;ぶらぶら;;oisivement, paresseusement, sans but, en flânant
N3;プラン;;plan, projet
N2;フリー;;gratuit, libre
N2;プリント;;imprimé, polycopié
N3;ふる;振る [亓段];agiter, secouer, remuer, distribuer (un rôle à un acteur)
N3;ブレーキ;;frein
N4;プレゼント;;cadeau
N3;プロ;;professionnel
N2;ブローチ;;broche
N1;ふろく;付録;annexe, supplément
N2;プログラム;;façade, réception (d'hôtel)
N2;ふろしき;風呂敶;carré de tissu noué par les coins
N1;フロント;;façade, réception (d'hôtel)
N1;ぶんぎょう;分業;division du travail, production en ligne d'assemblage, spécialisation
N1;ぶんさん;分散;dispersion, décentralisation, variance (en statistiques)
N1;ふんだん;;abondant, somptueux
N1;ペア;;paire, poire
N2;へいかい;閉会;fin (d'une réunion, d'un évènement, d'une cérémonie)
N2;へいこう;平行;parallèle, en même temps, simultané, dans la même direction
N5;ページ;;page
N1;ベース;;base
N1;へきえきする;辟易する;grimacer, reculer, être déconcerté, être effrayé
N1;ぺこぺこ;;avoir faim
N2;へこむ;凹む [亓段];être cabossé, être bosselé, s'effondrer, céder, s'enfoncer
N1;ベストセラー;;best-seller
N5;ベッド;;le meilleur, le mieux
N2;ベテラン;;vétéran
N2;ヘリコプター;;hélicoptère
N4;ベル;;cloche
N3;ベルト;;ceinture
N5;ペン;;stylo
N3;ペンキ;;peinture
N3;ベンチ;;banc
N2;ペンチ;;pince, tenailles
N1;ボイコット;;boycott
N1;ポイント;;point
N1;ぼうか;;防火
N2;ぼうだい;;膨大
N3;ボーイ;;garçon, serveur
N1;ホース;;tuyau
N1;ポーズ;;pose, pause
N3;ボート;;bateau
N2;ボーナス;;bonus
N3;ホーム;;"""maison, quai d'une gare"
N1;ホール;;trou, hall
N3;ボール;;balle, bol
N5;ボールペン;;stylo-bille
N5;ポケット;;poche
N1;ぼこう;母校;école ou université dans laquelle une personne a fait ses études (alma mater)
N1;ポジション;;position
N2;ポスター;;affiche, poster
N2;ポスト;;boîte aux lettres, courrier, poste de travail
N5;ボタン;;bouton
N1;ほっと;;se sentir soulagé
N1;ポット;;pot, vase
N1;ほっぺた;頬っぺた ;joue
N1;ぼつぼつ;;petit à petit, peu à peu, bouton
N1;ぼつらく;没落;ruine, chute, déclin, perdition, écroulement
N5;ホテル;;hôtel
N1;ボルト;;volt
N1;ほんかく;本格;procédure ou méthode originale, règles fondamentales
N1;ポンプ;;pompe
N3;ぼんやりする;;être étourdi, distrait, évanoui, flou
N3;まあ;;eh bien…
N1;マーク;;marque, signe
N3;マーケット;;marché
N2;まあまあ;;comme-ci comme-ça, moyen, interjection utilisée pour calmer quelqu'un
N3;マイク;;micro
N1;マイクロホン;;microphone
N5;まいとし・まいねん;毎年・毎年;tous les ans
N3;まかせる;任せる [一段];confier, laisser faire, charger quelqu'un de faire quelque chose, continuer quelque chose sans but particulier
N2;まごまごする;;être confus
N3;まさか;;pas possible !, pas moyen !, en aucun cas !
N1;まじえる;交える [一段];combiner, associer à, échanger (des mots, des tirs…), croiser (des épées), mélanger
N1;まして;況して;et encore moins (précédé d'un verbe négatif), sans parler de
N2;マスク;;masque
N1;マスコミ;;communication de masse
N3;まずしい;貧しい;pauvre
N3;マスター;;maîtriser, apprendre, maître
N5;また;;à plus tard
N1;またがる;跨がる [亓段];s'étendre sur, chevaucher, enfourcher (un cheval, une moto…)
N4;まだは;;ou, autrement
N1;マッサージ;;massage
N3;まったく;全く;complètement, entièrement, totalement, vraiment,effectivement
N1;まばたき;瞬き;lin d'œil, scintillement (des étoiles), clignotement (d'une lumière)
N2;マフラー;;longue écharpe, silencieux (pour une moto, une voiture…)
N4;まま;;tel quel, comme, parce que
N2;まよう;迷う [亓段];se perdre, s'égarer, être perplexe, être fasciné par,hésiter
N3;まるで;丸で;entièrement, complètement, comme si, pour ainsi dire
N2;マンション;;hôtel particulier, immeuble résidentiel de standing
N2;み;;suffixe pour nominaliser des adjectifs, notamment ceux relatifs aux sens ou aux lieux (exemple : 甘い,doux donnera 甘み, douceur)
N1;み;味;compteur pour la nourriture, les boissons, les médicaments
N1;みあい;見吅い;entrevue formelle en vue d'un mariage
N2;みあげる;見上げる [一段];regarder vers le haut, regarder en levant les yeux, admirer
N1;みあわせる;見吅わせる [一段];échanger des regards, se regarder l'un l'autre, ajourner, suspendre les opérations
N4;みえる;見える [一段];être visible, apparaître, sembler
N3;みおくり;見送り;adieux, raccompagnement de quelqu'un (à la gare, à l'aéroport...)
N2;ミシン;;machine à coudre
N1;みじん;微塵;particule, atome
N3;ミス;;erreur, échec, mademoiselle, mythe
N1;ミスプリント;;erreur typographique, coquille
N1;ミセス;;madame, Mme
N4;みそ;味噌;miso (plat traditionnel japonais consistant en une pâte fermentée et salée)
N2;みたい;;comme, similaire à, ressemblant à
N3;みちる;満ちる [一段];être plein, être rempli, monter (en parlant de la marée), mûrir, expirer
N3;みとめる;認める [一段];reconnaître, apprécier, observer, remarquer, admettre, approuver
N1;みのうえ;身の上;vie (de quelqu'un), situation (d'une personne), passé, histoire personnelle
N1;みのがす;見逃す [亓段];rater (un évènement, une action…), ne pas voir,manque
N1;みのまわり;身の回り;les environs, les affaires, la vie quotidienne de quelqu'un
N2;みまいする;見舞いする;prendre des nouvelles de quelqu'un malade, envoyer une lettre de rétablissement
N1;ミュージック;;musique
N2;ミリメートル;;millimètre
N3;ミルク;;lait
N1;ムード;;humeur, état d'esprit, atmosphère
N3;むかえ;迎え;rencontre, accueil, le fait d'aller à la rencontre de quelqu'un
N4;むかえる;迎える [一段];accueillir, recevoir, accepter quelqu'un, aller à l'encontre de, aller chercher quelqu'un
N1;むやみに;無闇に;déraisonnablement, de façon ridicule, de manière inconsciente
N2;むれ;群;groupe d'animaux (troupeau, essaim…), groupe, grappe (de fleurs), amas (d'étoiles)
N5;め;目;compteur des numéros d'ordre (suffixe en -ième comme dans deuxième)
N2;めい;名;compteur pour les personnes (notamment pour les réservation, les nombres de place…) (hon)
N3;めいじる;命じる [一段];ordonner, commander, nommer (quelqu'un à un poste)
N1;めいちゅう;命中;coup, le fait de frapper quelque chose qui était l'objectif
N1;メーカー;;fabricant
N2;メーター;;compteur (d'eau, de gaz par exemple), mètre
N5;メートル;;mètre
N1;めくる;捲る [亓段];feuilleter, tourner des pages, retrousser ses manches
N1;めす;召す [亓段];appeler, porter (un vêtement), prendre (un bain), attraper (un rhume), boire, acheter
N2;めっきり;;remarquablement, sensiblement
N1;メッセージ;;message
N1;メディア;;médias
N2;メニュー;;menu
N2;めまい;;vertige, étourdissement
N3;メモ;;note, memo
N1;メロディー;;mélodie
N3;メンバー;;membre
N1;めんぼく・めんもく;面目;honneur, réputation, prestige, dignité, face (que l'on peut perdre ou sauver)
N3;もうしこむ;申し込む [亓段];faire une demande de, souscrire, s'abonner, demander (une interview, un entretien)
N2;モーター;;moteur
N1;モーテル;;motel
N5;もしもし;;hallo (au téléphone)
N2;モダン;;moderne
N1;もちきり;持ち切り;sujet très débattu, sujet de discussion dont on ne fait que parler
N2;もったいない;勿体ない;trop bien, plus que nécessaire, qui consomme beaucoup, gaspilleur
N5;もっと;;plus
N2;モデル;;modèle
N1;モニター;;écran d'ordinateur
N2;モノレール;;monorail
N2;もみじ・こうよう;紅葉;érable, couleurs d'automne
N1;もよおす;催す [亓段];tenir (une réunion), donner (un dîner), développer les symptômes de, montrer les signes de, se sentir malade
N3;やく;訳;traduction, version (traduction d'une langue étrangère vers la langue maternelle du traducteur)
N1;やけに;;extrêmement, terriblement, désespérément
N1;やしなう;養う [亓段];élever (des animaux, des enfants…), cultiver, subvenir aux besoins de
N2;やっと;;enfin
N4;やっぱり・やはり;;"comme je le pensais"""
N3;やとう;雇う [亓段];embaucher, employer, louer (un moyen de transport)
N4;やむ;止む [亓段];cesser, s'arrêter (en parlant de la pluie, la neige...),être terminé
N1;ややこしい;;déroutant, embrouillé, compliqué, complexe
N1;ヤング;;jeune
N3;ユーモア;;humour
N3;ゆずる;譲る [亓段];transmettre, assigner, céder (quelque chose à quelqu'un)
N5;ゆっくり;;lentement, tranquillement
N2;ゆでる;茹でる [一段];faire bouillir
N1;ゆとり;;liberté de manœuvre, marge
N1;ユニーク;;unique
N1;ユニフォーム;;uniforme
N2;よいしょ;;expression qui indique un effort, ho ! hisse !
N1;ようけん;用件;business, affaires (économiques), choses qui doivent être faites
N3;ヨーロッパ;;Europe
N4;よくいらっしゃいました;;vous voilà donc, vous voilà !
N1;よこづな;横綱;yokozuna (rang le plus élevé que peut atteindre un lutteur de sumo)
N1;よし;;raison, cause, signification
N2;よせる;寄せる [一段];approcher, évoquer
N3;ヨット;;yacht
N2;よみがえる;蘇る [亓段];être ressuscité, être restauré, être ramené, être rappelé
N2;より;;plus de, plus que, de, par
N1;ライス;;riz
N3;ライター;;briquet, écrivain, motard
N2;らくだい;落第;échec à un examen, le fait de laisser tomber un cours
N3;ラケット;;raquette
N5;ラジオ;;radio
N2;ラッシュアワー;;heure de pointe
N1;ラベル;;étiquette, label
N2;らん;欄;colonne de journal, champ (dans un formulaire, une page web…)
N2;ランニング;;course à pied, débardeur
N1;ランプ;;lampe, lumière, rampe
N1;リード;;mener, aller devant, être en tête, lecture
N1;りじゅん;利潤;profit, gain, bénéfice, intérêt
N2;リズム;;rythme
N2;リットル;;litre
N2;リボン;;ruban
N2;りゅう;流;manière (de), méthode (de), style (de), courant de pensée
N1;りゅうつう;流通;circulation de monnaie ou de bien, flux monétaire ou de marchandises
N1;りょうかい;了解;compréhension, consentement,bien reçu (pour un ordre)
N1;りょうきょく;両極;les deux extrémités, les deux pôles (nord et sud,positif et négatif...)
N1;了承する;;prendre en compte, prendre en considération
N1;りれき;履歴;histoire personnelle, antécédents, origine,formation, passé
N1;ルーズ;;desserré, dénoué, ample
N1;ルール;;règle
N2;るすばん;留守番;personne qui s'occupe d'un logement pendant que le propriétaire n'est pas là, concierge
N2;るすばんする;留守番する;prendre soin d'une maison pendant que le ropriétaire n'est pas là
N1;れいたん;冷淡;indifférent, dénué d'intérêt, froid (en parlant d'une mbiance)
N1;レース;;course, dentelle
N4;れきし;歴史;histoire
N2;レジャー;;loisir
N5;レストラン;;restaurant
N3;れつ;列;queue, file d'attente, ligne, file
N3;れっしゃ;列車;train (ordinaire)
N1;レッスン;;cours, leçon
N2;れっとう;列島;archipel
N1;レディー;;dame, prêt
N1;レバー;;levier, foie
N2;レベル;;niveau
N3;レポート・リポート;;"compte-rendu, rapport"""
N1;レンジ;;gamme, choix, cuisinière
N2;レンズ;;lentille optique
N1;レンタカー;;voiture de location
N1;れんちゅう;連中;groupe de personnes, collègues, compagnons
N1;レントゲン;;rayons-X
N1;ろうりょく;労力;labeur, travail, effort
N1;ロープ;;corde
N1;ロープウェイ;;téléphérique
N3;ロケット;;fusée, médaillon
N1;ろこつ;露骨;direct, franc, évident, manifeste, visible, suggestif, indécent
N2;ロビー;;hall (d'hôtel, de bâtiment…)
N1;ロマンチック;;romantique
N2;ろん;論;discussion, débat, théorie, doctrine, dissertation, essai littéraire
N3;わ;輪;cercle, anneau, boucle, compteur pour les roues et les fleurs
N5;ワイシャツ;;chemise
N3;ワイン;;vin
N2;わえい;和英;japonais-anglais (comme un dictionnaire par exemple)
N1;ワット;;watt
N1;わび;侘び;beauté de la simplicité, terme japonais décrivant un concept esthétique associé à la solitude, la beauté et la simplicité
N2;ワンピース;;robe
