"2";"N1";"あ";"亜";"sub-, sous-"
"3";"N5";"ああ";"嗚呼";"ah !, oh !, hey!"
"4";"N3";"あい";"愛";"amour"
"5";"N2";"あいかわらず";"相変わらず";"comme d'habitude, comme toujours"
"6";"N4";"あいさつ";"挨拶";"salutation"
"7";"N5";"あいさつする";"挨拶する";"saluer"
"8";"N3";"あいじょう";"愛情";"amour, affection"
"9";"N3";"あいず";"吅図";"signal, signe"
"10";"N3";"アイスクリーム";"";"crème glacée"
"11";"N3";"あいする";"愛する";"aimer, être amoureux"
"12";"N1";"あいそう";"愛想";"amabilité"
"13";"N4";"あいだ";"間";"entre, parmi, pendant que"
"14";"N1";"あいだがら";"間柄";"lien, relation avec quelqu'un"
"15";"N3";"あいて";"相手";"adversaire, opposant, compagnon"
"16";"N2";"アイデア・アイ
ディア";"";"idée"
"17";"N3";"あいにく";"生憎";"malheureusement"
"18";"N1";"あいま";"吅間";"intervalle"
"19";"N2";"あいまい";"曖昧";"ambigu, peu précis, vague"
"20";"N3";"アイロン";"";"fer à repasser"
"21";"N5";"あう";"会う・遭う[亓段]";"rencontrer, voir (une personne)"
"22";"N4";"あう";"吅う[亓段]";"convenir"
"23";"N3";"アウト";"";"dehors, à l'extérieur"
"24";"N1";"あえて";"敢えて";"défi"
"25";"N5";"あお";"青";"bleu (le), vert (le)"
"26";"N5";"あおい";"青い・蒼い";"bleu, vert, inexpérimenté"
"27";"N2";"あおぐ";"扇ぐ[亓段]";"éventer, battre"
"28";"N1";"あおぐ";"仰ぐ[亓段]";"admirer quelqu'un, respecter, demander, boire"
"29";"N2";"あおじろい";"青白い";"blême, pâle"
"30";"N5";"あか";"赤";"rouge (le)"
"31";"N1";"あか";"垢";"crasse, saleté"
"32";"N5";"あかい";"赤い";"rouge"
"33";"N1";"あかじ";"赤字";"déficit, perte (monétaire)"
"34";"N1";"あかす";"明かす[亓段]";"passer la nuit, révéler un secret"
"35";"N4";"あかちゃん";"赤ちゃん";"bébé"
"36";"N1";"あからむ";"赤らむ[亓段]";"rougir (visage)"
"37";"N3";"あかり";"明かり";"clarté, lumières"
"38";"N1";"あがり";"上がり";"ascension, montée"
"39";"N4";"あがる";"上がる[亓段]";"s'élever, grimper, augmenter"
"40";"N5";"あかるい";"明るい";"clair"
"41";"N4";"あかんぼう";"赤ん坊";"bébé"
"42";"N5";"あき";"秋";"automne"
"43";"N3";"あき";"明き・空き";"vide, place, espace"
"44";"N3";"あきらか";"明らか";"évident, clair"
"45";"N1";"あきらめ";"諦め";"résignation, acceptance"
"46";"N3";"あきらめる";"諦める[一段]";"abandonner, renoncer, laisser tomber"
"47";"N3";"あきる";"飽きる[一段]";"s'ennuyer, se lasser"
"48";"N2";"あきれる";"呆れる[一段]";"être stupéfait, ébahi"
"49";"N5";"あく";"開く[亓段]";"s'ouvrir"
"50";"N4";"あく";"空く[亓段]";"se vider, être vide, être disponible"
"51";"N1";"あく";"悪";"mal (le)"
"52";"N3";"あくしゅ";"握手";"poignée de mains"
"53";"N4";"アクセサリー";"";"accessoire"
"54";"N1";"アクセル";"";"accélérateur"
"55";"N2";"アクセント";"";"accent"
"56";"N1";"あくどい";"悪どい";"tape-à-l'œil, voyant, vicieux"
"57";"N2";"あくび";"欠伸";"bâillement"
"58";"N3";"あくま";"悪魔";"démon, diable, mauvais esprit"
"59";"N2";"あくまで";"飽くまで";"jusqu'au bout, obstinément"
"60";"N2";"あくる";"明くる";"prochain, suivant"
"61";"N2";"あけがた";"明け方";"aube"
"62";"N5";"あける";"開ける・明ける[一段]";"ouvrir"
"63";"N3";"あける";"明ける[一段]";"se lever (le soleil), s'éclaircir"
"64";"N5";"あげる";"上げる[一段]";"donner"
"65";"N4";"あげる";"上げる[一段]";"augmenter"
"66";"N1";"あご";"顎";"menton"
"67";"N1";"あこがれ";"憧れ";"aspiration, désirs"
"68";"N2";"あこがれる";"憧れる[一段]";"aspirer à, languir de quelque chose"
"69";"N5";"あさ";"朝";"matin"
"70";"N1";"あさ";"麻";"chanvre, lin"
"71";"N1";"あざ";"字";"hameau, partie d'un village"
"72";"N4";"あさい";"浅い";"peu profond"
"73";"N5";"あさごはん";"朝ご飯";"petit-déjeuner"
"74";"N5";"あさって";"明後日";"après-demain"
"75";"N4";"あさねぼう";"朝寝坊";"lève-tard"
"76";"N1";"あさましい";"浅ましい";"misérable, infortuné, méprisable"
"77";"N1";"あざむく";"欺く[亓段]";"tromper, duper"
"78";"N1";"あざやか";"鮮やか";"brillant, vif, éclatant"
"79";"N1";"あざわらう";"あざ笑う[亓段]";"sourire avec mépris"
"80";"N5";"あし";"足";"jambe"
"81";"N5";"あし";"足";"pied"
"82";"N4";"あじ";"味";"goût"
"83";"N4";"アジア";"";"Asie, asiatique"
"84";"N2";"あしあと";"足跡";"empreinte de pied"
"85";"N1";"あしからず";"悪しからず";"désolé mais…, ne m'en veuillez pas mais…"
"86";"N5";"あした";"明日";"demain"
"87";"N2";"あしもと";"足元・足下";"sous les pieds, allure, démarche"
"88";"N1";"あじわい";"味わい";"saveur, goût"
"89";"N2";"あじわう";"味わう[亓段]";"goûter"
"90";"N4";"あす";"明日";"demain"
"91";"N2";"あずかる";"預かる[亓段]";"s'occuper de, prendre en charge"
"92";"N3";"あずける";"預ける[一段]";"confier à la garde de, laisser quelqu'un à la charge
de"
"93";"N3";"あせ";"汗";"sueur"
"94";"N1";"あせる";"焦る[亓段]";"être pressé, impatient"
"95";"N1";"あせる";"褪せる[一段]";"pâlir, se décolorer, se faner"
"96";"N2";"あせをかく";"汗を掻く";"transpirer, suer"
"97";"N5";"あそこ";"彼処";"là-bas (loin du locuteur et de l'interlocuteur)"
"98";"N5";"あそび";"遊び";"jeu"
"99";"N5";"あそぶ";"遊ぶ[亓段]";"jouer"
"100";"N2";"あたい";"値";"coût, prix, valeur"
"101";"N1";"あたいする";"値する";"mériter, être digne de"
"102";"N3";"あたえる";"与える[一段]";"décerner, offrir, donner"
"103";"N5";"あたたかい";"温かい・暖かい";"tiède, chaud"
"104";"N2";"あたたまる";"温まる・暖まる[亓段]";"se réchauffer"
"105";"N2";"あたためる";"温める・暖める[一段]";"réchauffer"
"106";"N5";"あたま";"頭";"tête"
"107";"N5";"あたらしい";"新しい";"nouveau"
"108";"N3";"あたり";"辺り";"aux environs"
"109";"N1";"あたり";"当たり";"coup, réussite, succès, par… (+unité)"
"110";"N2";"あたりまえ";"当たり前";"évident, banal, normal"
"111";"N3";"あたる";"当たる[亓段]";"entreprendre, avoir du succès, être assigné, être
équivalent à"
"112";"N3";"あちこち・あち
らこちら";"彼方・此方";"ici et là"
"113";"N5";"あちら";"彼方";"ce côté-là (loin du locuteur et de l'interlocuteur)"
"114";"N5";"あつい";"暑い";"chaud (temps météo.)"
"115";"N5";"あつい";"厚い";"épais, lourd"
"116";"N1";"あっか";"悪化";"aggravation, détérioration"
"117";"N1";"あつかい";"扱い";"traitement, service"
"118";"N3";"あつかう";"扱う[亓段]";"s'occuper de, gérer, traiter"
"119";"N2";"あつかましい";"厚かましい";"effronté, insolent"
"120";"N1";"あっけない";"呆気ない";"trop rapide, abrupt, pas assez de"
"121";"N1";"あっさり";"";"facilement, simplement, rapidement"
"122";"N2";"あっしゅく";"圧縮";"compression"
"123";"N5";"あっち";"彼方";"ce côté-là (loin du locuteur et de l'interlocuteur)"
"124";"N1";"あっぱく";"圧迫";"pression, oppression"
"125";"N1";"アップ";"";"vers le haut"
"126";"N3";"あつまり";"集まり";"réunion, rassemblement"
"127";"N4";"あつまる";"集まる[亓段]";"se réunir"
"128";"N4";"あつめる";"集める[一段]";"réunir, rassembler"
"129";"N1";"あつらえる";"誂える[一段]";"commander, donner un ordre"
"130";"N1";"あつりょく";"圧力";"pression, stress"
"131";"N1";"あて";"当て";"espoir, attente, but, objectif"
"132";"N1";"あて";"宛";"but, destination, objectif"
"133";"N1";"あてじ";"当て字";"kanji utilisé comme équivalent phonétique"
"134";"N2";"あてな";"宛名";"adresse et nom du destinataire"
"135";"N2";"あてはまる";"当てはまる[亓段]";"appliquer (une règle)"
"136";"N2";"あてはめる";"当てはめる[一段]";"adapter, faire correspondre"
"137";"N3";"あてる";"当てる[一段]";"toucher, appliquer, mettre, poser"
"138";"N1";"あてる";"宛てる[一段]";"adresser à"
"139";"N5";"あと";"後";"après"
"140";"N3";"あと";"跡";"empreinte, marque"
"141";"N1";"あとつぎ";"跡継ぎ";"héritier, successeur"
"142";"N1";"あとまわし";"後回し";"le fait de remettre à plus tard, d'ajourner quelque
chose"
"143";"N3";"あな";"穴";"trou, orifice"
"144";"N4";"アナウンサー";"";"présentateur (TV, radio)"
"145";"N5";"あなた";"貴方";"tu, toi, ton (neutre)"
"146";"N5";"あに";"兄";"grand-frère"
"147";"N5";"あね";"姉";"grande-soeur"
"148";"N5";"あの";"";"bien, donc..."
"149";"N5";"あの";"彼の";"ce (loin du locuteur et de l'interlocuteur)"
"150";"N5";"アパート";"";"appartement"
"151";"N2";"あばれる";"暴れる[一段]";"être furieux, violent, agir violemment"
"152";"N5";"あびる";"浴びる[一段]";"prendre une douche, prendre un bain, se dorer au
soleil"
"153";"N5";"あぶない";"危ない";"dangereux"
"154";"N3";"あぶら";"油";"huile"
"155";"N2";"あぶら";"脂";"graisse animale, lard"
"156";"N1";"あぶらえ";"油絵";"peinture à l'huile"
"157";"N4";"アフリカ";"";"Afrique"
"158";"N2";"あぶる";"炙る[亓段]";"réchauffer, sécher (auprès d'un feu)"
"159";"N2";"あふれる";"溢れる[一段]";"inonder, déborder"
"160";"N1";"アプローチ";"";"approche, voie d'accès"
"161";"N1";"あべこべ";"";"inverse, contraire, opposé"
"162";"N5";"あまい";"甘い";"doux, délicieux, sucré"
"163";"N1";"あまえる";"甘える[一段]";"se comporter comme un enfant gâté, faire un
caprice"
"164";"N1";"あまぐ";"雤具";"tenue de pluie (en cas de pluie)"
"165";"N1";"あまくち";"甘口";"saveur douce, sucrée"
"166";"N1";"アマチュア";"";"amateur"
"167";"N2";"あまど";"雤戸";"porte coulissante protégeant des orages"
"168";"N2";"あまやかす";"甘やかす[亓段]";"choyer, gâter un enfant"
"169";"N5";"あまり";"余り";"pas tellement (+négatif)"
"170";"N2";"あまる";"余る[亓段]";"dépasser"
"171";"N2";"あみ";"網";"filet, toile"
"172";"N2";"あみもの";"編物";"tricot"
"173";"N2";"あむ";"編む[亓段]";"assembler, coudre"
"174";"N5";"あめ";"雤";"pluie"
"175";"N5";"あめ";"飴";"bonbon, sucrerie"
"176";"N4";"アメリカ";"";"Amérique"
"177";"N2";"あやうい";"危うい";"dangereux, risqué"
"178";"N2";"あやしい";"怪しい";"incertain, suspicieux, douteux, suspect"
"179";"N1";"あやつる";"操る[亓段]";"manipuler, opérer"
"180";"N1";"あやぶむ";"危ぶむ[亓段]";"avoir des craintes, des doutes"
"181";"N1";"あやふや";"";"ambigu, incertain, vague"
"182";"N1";"あやまち";"過ち";"erreur, faute, faux pas, indiscrétion"
"183";"N3";"あやまり";"誤り";"erreur"
"184";"N4";"あやまる";"謝る[亓段]";"s'excuser"
"185";"N1";"あゆみ";"歩み";"promenade à pied, avancée"
"186";"N1";"あゆむ";"歩む[亓段]";"marcher, aller à pied"
"187";"N3";"あらい";"粗い";"grossier (texture), rugueux (surface)"
"188";"N2";"あらい";"荒い";"brutal, violent"
"189";"N5";"あらう";"洗う[亓段]";"laver"
"190";"N1";"あらかじめ";"予め";"à l'avance"
"191";"N3";"あらし";"嵐";"tempête"
"192";"N1";"あらす";"荒らす[亓段]";"dévaster, laisser en ruine, endommager"
"193";"N2";"あらすじ";"粗筊";"résumé, synopsis"
"194";"N1";"あらそい";"争い";"conflit, lutte"
"195";"N2";"あらそう";"争う[亓段]";"se disputer, s'affronter"
"196";"N3";"あらた";"新た";"nouvellement, fraîchement"
"197";"N1";"あらたまる";"改まる[亓段]";"être renouvelé, modifié"
"198";"N2";"あらためて";"改めて";"à nouveau, une nouvelle fois"
"199";"N2";"あらためる";"改める[一段]";"modifier, renouveler"
"200";"N1";"あらっぽい";"荒っぽい";"rude, rêche"
"201";"N1";"アラブ";"";"arabe"
"202";"N3";"あらゆる";"有らゆる";"tous, toutes"
"203";"N1";"あられ";"霰";"grêle"
"204";"N3";"あらわす";"表す・現す・著す[亓段]";"montrer, afficher, révéler"
"205";"N3";"あらわれ";"現れ";"manifestation, incarnation, expression"
"206";"N3";"あらわれる";"現れる・表れる・現われる
[一段]";"apparaître, se dévoiler, s'exprimer (sentiment)"
"207";"N2";"ありがたい";"有難い";"reconnaissant"
"208";"N1";"ありさま";"有様";"état, condition"
"209";"N1";"ありのまま";"有りのまま";"tel quel"
"210";"N1";"ありふれる";"有り触れる[一段]";"être courant, fréquent"
"211";"N5";"ある";"有る[亓段]";"avoir, posséder"
"212";"N5";"ある";"在る[亓段]";"être, se trouver, exister"
"213";"N3";"ある";"或る";"un certain"
"214";"N3";"あるいは";"或いは";"ou bien"
"215";"N1";"アルカリ";"";"alcali"
"216";"N5";"あるく";"歩く[亓段]";"marcher"
"217";"N4";"アルコール";"";"alcool"
"218";"N4";"アルバイト";"";"travail à temps partiel"
"219";"N3";"アルバム";"";"album"
"220";"N1";"アルミ";"";"aluminium"
"221";"N5";"あれ";"彼";"ceci (loin du locuteur et de l'interlocuteur)"
"222";"N2";"あれこれ";"彼此";"divers, diverses choses"
"223";"N2";"あれる";"荒れる[一段]";"être orageux, perdre son sang-froid"
"224";"N3";"あわ";"泡";"mousse, bulle"
"225";"N1";"アワー・アウア";"";"heure"
"226";"N1";"あわす";"吅わす[亓段]";"comparer, combiner, ajouter, unir, faire
correspondre"
"227";"N3";"あわせる";"吅わせる[一段]";"se connecter, se mélanger"
"228";"N2";"あわただしい";"慌しい";"déconcerté, confus"
"229";"N2";"あわてる";"慌てる[一段]";"devenir confus, agité, paniquer"
"230";"N3";"あわれ";"哀れ";"pitié, compassion"
"231";"N3";"あん";"案";"plan, idée, projet"
"232";"N2";"あんい";"安易";"facile, simple"
"233";"N2";"あんがい";"案外";"contre toute attente, inattendu"
"234";"N3";"あんき";"暗記";"mémorisation, par coeur"
"235";"N1";"アンケート";"";"enquête"
"236";"N1";"アンコール";"";"encore"
"237";"N1";"あんさつ";"暗殺";"assassinat"
"238";"N1";"あんざん";"暗算";"calcul mental"
"239";"N1";"あんじ";"暗示";"indice, suggestion"
"240";"N1";"あんじる";"案じる[一段]";"être inquiet, réfléchir à"
"241";"N4";"あんしんする";"安心する";"être tranquille"
"242";"N1";"あんせい";"安静";"repos"
"243";"N4";"あんぜん";"安全";"sûr"
"244";"N3";"あんてい";"安定";"équilibre, stabilité"
"245";"N2";"アンテナ";"";"antenne"
"246";"N4";"あんな";"";"comme ça"
"247";"N4";"あんな";"";"ce genre de"
"248";"N4";"あんない";"案内";"information, renseignement"
"249";"N4";"あんないする";"案内する";"guider, faire visiter"
"250";"N3";"あんなに";"";"à tel point que"
"251";"N1";"あんのじょう";"案の定";"comme d'habitude, comme prévu"
"252";"N5";"あんまり・あま
り";"余り";"excès, trop plein, surplus"
"253";"N3";"い";"胃";"estomac, ventre"
"254";"N2";"い";"位";"place, rang"
"255";"N1";"い";"異";"différente (avis, opinion), étrange, inhabituelle"
"256";"N1";"い";"意";"sentiments, sensations, signification"
"257";"N5";"いい・よい";"良い";"plaisant, agréable, bien"
"258";"N5";"いいえ, いえ";"否";"non"
"259";"N1";"いいかげん";"いい加減";"irresponsable, sans enthousiasme, vague"
"260";"N2";"いいだす";"言い出す[亓段]";"se mettre à parler, briser la glace"
"261";"N2";"いいつける";"言い付ける[一段]";"rapporter à quelqu'un, demander de faire, ordonner"
"262";"N1";"いいわけ";"言い訳";"excuse, explication, prétexte"
"263";"N3";"いいん";"委員";"membre d'un comité"
"264";"N1";"いいん";"医院";"bureau d'un médecin, clinique, dispensaire"
"265";"N5";"いう";"言う[亓段]";"dire"
"266";"N5";"いえ";"家";"maison"
"267";"N1";"イエス";"";"oui"
"268";"N1";"いえで";"家出";"le fait de quitter la maison"
"269";"N4";"いか";"以下";"moins de, au dessous-de, sous"
"270";"N4";"いがい";"以外";"excepté"
"271";"N3";"いがい";"意外";"inattendu, surprenant"
"272";"N4";"いかが";"如何";"comment ?"
"273";"N4";"いがく";"医学";"médecine"
"274";"N1";"いかす";"生かす[亓段]";"ranimer, ressusciter"
"275";"N1";"いかに";"如何に";"pourquoi ?, comment ?"
"276";"N1";"いかにも";"如何にも";"certainement !, en effet !, parfaitement !"
"277";"N1";"いかり";"怒り";"colère, emportement, fureur, rage"
"278";"N3";"いき";"息";"souffle, respiration"
"279";"N1";"いき";"粋";"élégant, coquet, chic"
"280";"N2";"いぎ";"意義";"moral"
"281";"N1";"いぎ";"異議";"objection, protestation"
"282";"N3";"いき・ゆき";"行き";"déplacement, aller simple"
"283";"N2";"いきいき";"生き生き";"plein d'entrain, animé, de façon très vivante"
"284";"N3";"いきおい";"勢い";"entrain, vigueur, force"
"285";"N1";"いきがい";"生き甲斐";"raison de vivre"
"286";"N1";"いきごむ";"意気込む[亓段]";"être enthousiaste à propos de quelque chose"
"287";"N1";"いきちがい";"行き違い";"désaccord, malentendu"
"288";"N2";"いきなり";"行成";"brusquement, soudainement"
"289";"N3";"いきもの";"生き物";"être vivant, animal"
"290";"N4";"いきる";"生きる[一段]";"vivre, exister"
"291";"N2";"いく";"幾";"plusieurs, quelques"
"292";"N5";"いく・ゆく";"行く[亓段]s";"aller"
"293";"N2";"いくじする";"育児する";"élever des enfants, s'occuper d'enfants"
"294";"N1";"いくせい";"育成";"élevage, culture"
"295";"N1";"いくた";"幾多";"beaucoup, de nombreux"
"296";"N5";"いくつ";"幾つ";"combien ? (quantité)"
"297";"N2";"いくぶん";"幾分";"un peu, une partie"
"298";"N5";"いくら";"幾ら";"combien ? (prix)"
"299";"N5";"いけ";"池";"étang"
"300";"N3";"いけない";"行けない";"ne doit pas faire, sans espoir, pas bon"
"301";"N2";"いけばな";"生花";"ikebana, arrangement floral"
"302";"N1";"いける";"生ける[一段]";"disposer (des fleurs)"
"303";"N4";"いけん";"意見";"opinion, avis"
"304";"N1";"いけん";"異見";"contradiction, opinion différente, objection"
"305";"N2";"いご";"以後";"après quoi, dorénavant"
"306";"N2";"いこう";"以降";"désormais, dorénavant, à l'avenir"
"307";"N1";"いこう";"意向";"idée, intention"
"308";"N1";"いこう";"移行";"migration, passage d'un état à un autre"
"309";"N2";"イコール";"";"égal à"
"310";"N1";"いざ";"";"bien, maintenant"
"311";"N2";"いさましい";"勇ましい";"courageux"
"312";"N5";"いし";"石";"pierre, roc"
"313";"N3";"いし";"医師";"médecin"
"314";"N3";"いし";"意志";"volonté"
"315";"N3";"いし";"意思";"intention, but"
"316";"N3";"いじ";"維持";"conservation, entretien"
"317";"N1";"いじ";"意地";"obstination, volonté"
"318";"N3";"いしき";"意識";"conscience"
"319";"N2";"いしきする";"意識する";"avoir conscience"
"320";"N4";"いじめる";"苛める[一段]";"embêter"
"321";"N5";"いしゃ";"医者";"docteur, médecin"
"322";"N1";"いじゅう";"移住";"migration, immigration"
"323";"N1";"いじゅうする";"移住する";"migrer, immigrer"
"324";"N1";"いしょう";"衣装";"vêtement, costume"
"325";"N4";"いじょう";"以上";"plus de, au dessus-de, davantage"
"326";"N3";"いじょう";"異常";"étrange, anormal"
"327";"N2";"いしょくじゅう";"衣食住";"nécessités de la vie (des vêtements, de la nourriture
et un abri)"
"328";"N1";"いじる";"弄る[亓段]";"manier, toucher, trifouiller"
"329";"N2";"いじわる";"意地悪";"malicieux, désobligeant"
"330";"N5";"いす";"椅子";"chaise"
"331";"N3";"いずみ";"泉";"fontaine, source"
"332";"N3";"いずれ";"孰";"où ?, qui ?, quoi ?"
"333";"N2";"いずれ";"孰";"un autre jour, une autre fois"
"334";"N1";"いせい";"異性";"sexe opposé"
"335";"N1";"いせい";"異性";"de sexe opposé"
"336";"N1";"いせき";"遺跡";"ruine, vestige"
"337";"N3";"いぜん";"以前";"auparavant, autrefois"
"338";"N1";"いぜん";"依然";"comme toujours, comme jusqu'à présent"
"339";"N5";"いそがしい";"忙しい";"occupé"
"340";"N4";"いそぐ";"急ぐ[亓段]";"se dépêcher"
"341";"N1";"いぞん";"依存";"dépendance"
"342";"N3";"いた";"板";"planche, plaque"
"343";"N5";"いたい";"痛い";"douloureux"
"344";"N3";"いだい";"偉大";"grandiose"
"345";"N1";"いたく";"委託";"consignation, le fait de confier quelque chose"
"346";"N1";"いたくする";"委託する";"consigner, confier"
"347";"N4";"いたす";"致す[亓段]";"faire (hum)"
"348";"N3";"いたずら";"悪戯";"mauvaise blague, sale tour"
"349";"N1";"いただき";"頂";"cime, sommet, pointe"
"350";"N5";"いただきます";"戴きます";"merci pour ce repas (expression de gratitude avant
de commencer à manger)"
"351";"N4";"いただく";"戴く・頂く[亓段]";"recevoir (hum), manger ou boire"
"352";"N1";"いたって";"至って";"extrêment, énormément"
"353";"N3";"いたみ";"痛み";"douleur"
"354";"N2";"いたむ";"痛む[亓段]";"être blessé, subir une douleur"
"355";"N1";"いためる";"痛める[一段]";"se faire mal"
"356";"N1";"いためる";"炒める[一段]";"faire revenir (cuisine), cuisiner, faire frire"
"357";"N3";"いたる";"至る[亓段]";"arriver à, mener à, conduire à"
"358";"N1";"いたわる";"労る[亓段]";"être plein d'attention pour, consoler, compatir"
"359";"N5";"いち";"一";"un"
"360";"N3";"いち";"市";"foire, marché"
"361";"N3";"いち";"位置";"place, position"
"362";"N2";"いちいち";"一々";"un par un, séparément"
"363";"N2";"いちおう";"一忚";"pour l'instant, pour le moment, provisoirement"
"364";"N1";"いちがいに";"一概に";"dans l'ensemble"
"365";"N3";"いちじ";"一時";"un moment, une heure, peu de temps"
"366";"N1";"いちじるしい";"著しい";"remarquable, considérable"
"367";"N2";"いちだんと";"一段と";"davantage, plus"
"368";"N2";"いちだんと";"一段と";"davantage"
"369";"N4";"いちど";"一度";"une fois"
"370";"N1";"いちどう";"一同";"tout le monde, tous ceux concernés"
"371";"N3";"いちどに";"一度に";"tout d'un coup, tout à la fois"
"372";"N5";"いちにち";"一日";"un jour"
"373";"N2";"いちにんしょう";"一人称";"première personne (grammaire)"
"374";"N3";"いちば";"市場";"marché (aux légumes, aux poissons, d'un produit…)"
"375";"N5";"いちばん";"一番";"meilleur, le premier, le numéro 1"
"376";"N2";"いちぶ";"一部";"une section, une partie (d'un ensemble), un
exemplaire (d'un document)"
"377";"N1";"いちぶぶん";"一部分";"une partie, un morceau"
"378";"N1";"いちべつ";"一別";"séparation, départ"
"379";"N1";"いちめん";"一面";"une face, un côté, un aspect"
"380";"N1";"いちもく・ひと
め";"一目";"coup d'œil, aperçu"
"381";"N1";"いちよう";"一様";"régulier, égal, uniforme, impartial"
"382";"N1";"いちりつ";"一律";"uniforme, monotone, régulier"
"383";"N2";"いちりゅう";"一流";"de haut rang, du premier ordre, excellent"
"384";"N1";"いちれん";"一連";"série, succession, séquence"
"385";"N5";"いつ";"何時";"quand ?"
"386";"N3";"いっか";"一家";"maison, famille, lignée, style"
"387";"N5";"いつか";"亓日";"cinquième jour du mois, 5 jours"
"388";"N3";"いつか";"何時か";"un jour, à l'occasion"
"389";"N1";"いっかつ";"一括";"lot, paquet, ensemble"
"390";"N1";"いっき";"一気";"santé !"
"391";"N1";"いっきょに";"一挙に";"d'un coup, d'un seul coup"
"392";"N1";"いっけん";"一見";"coup d'œil, regard, première rencontre"
"393";"N1";"いっさい";"一切";"complètement, entièrement, en totalité"
"394";"N3";"いっしゅ";"一種";"une sorte de, un genre de, un type de"
"395";"N5";"いっしゅうかん";"一週間";"une semaine"
"396";"N3";"いっしゅん";"一瞬";"un instant, un moment"
"397";"N5";"いっしょ";"一緒";"ensemble"
"398";"N3";"いっしょう";"一生";"vie entière, existence"
"399";"N4";"いっしょうけん
めい";"一生懸命";"de toute ses forces, très fort"
"400";"N1";"いっしん";"一心";"de tout son cœur, intensément"
"401";"N2";"いっせいに";"一斉に";"en même temps, simultanément"
"402";"N3";"いっそう";"一層";"davantage, encore plus"
"403";"N3";"いったい";"一体";"pas possible, en général, vraiment"
"404";"N1";"いったい";"一帯";"région, zone, tout un lieu"
"405";"N2";"いったん";"一旦";"pour le moment, temporairement"
"406";"N3";"いっち";"一致";"coïncident, accord, conformité, coopération"
"407";"N5";"いつつ";"亓つ";"cinq"
"408";"N2";"いってい";"一定";"fixé, déterminé"
"409";"N2";"いってきます";"行って来ます";"à tout à l'heure (se dit en partant et en ayant
l'intention de revenir)"
"410";"N4";"いってまいりま
す";"行って参ります";"à tout à l'heure (se dit en partant lorsqu'on reviendra plus tard) (poli)"
"411";"N3";"いつでも";"何時でも";"n'importe quand, jamais (+ négatif)"
"412";"N4";"いってらっしゃ
い";"行ってらっしゃい";"à tout à l'heure (se dit en partant lorsqu'on reviendra plus tard)"
"413";"N2";"いつのまにか";"何時の間にか";"avant de s'en rendre compte, inaperçu"
"414";"N4";"いっぱい";"一杯";"rempli, plein, ivre"
"415";"N3";"いっぱんに";"一般に";"généralement, d'habitude"
"416";"N1";"いっぺん";"一変";"revirement, volte-face"
"417";"N3";"いっぽう";"一方";"d'une autre direction, d'un autre côté"
"418";"N3";"いつまでも";"何時までも";"pour toujours, éternellement"
"419";"N5";"いつも";"何時も";"toujours, à chaque fois, jamais (+négatif)"
"420";"N2";"いてん";"移転";"transfert, déménagement"
"421";"N4";"いと";"糸";"fil"
"422";"N1";"いと";"意図";"intention"
"423";"N2";"いど";"五戸";"puits"
"424";"N2";"いど";"緯度";"latitude"
"425";"N3";"いどう";"移動";"déplacement, mouvement, migration"
"426";"N1";"いどう";"異動";"changement, mouvement"
"427";"N1";"いどう";"異動";"changer, bouger"
"428";"N2";"いどうする";"移動する";"se déplacer, migrer"
"429";"N3";"いとこ";"従兄弟";"cousin"
"430";"N2";"いとこ";"従姉妹";"cousine"
"431";"N1";"いとなむ";"営む[亓段]";"diriger (une cérémonie, un spectacle, une
entreprise)"
"432";"N1";"いどむ";"挑む[亓段]";"défier, provoquer"
"433";"N4";"いない";"以内";"avant de, moins de"
"434";"N4";"いなか";"田舎";"campagne"
"435";"N1";"いなびかり";"稲光";"éclair"
"436";"N5";"いぬ";"犬";"chien"
"437";"N3";"いね";"稲";"plant de riz"
"438";"N3";"いねむり";"居眠り";"assoupi, somnolant"
"439";"N2";"いねむりする";"居眠りする";"être assoupi"
"440";"N3";"いのち";"命";"vie"
"441";"N1";"いのり";"祈り";"prière, supplication"
"442";"N4";"いのる";"祈る[亓段]";"prier pour"
"443";"N2";"いばる";"威張る[亓段]";"être fier, fanfaronner"
"444";"N3";"いはん";"違反";"violation, transgression"
"445";"N2";"いびき";"鼾";"ronflement"
"446";"N3";"いふく";"衣服";"vêtements"
"447";"N5";"いま";"今";"maintenant"
"448";"N3";"いま";"居間";"salon"
"449";"N1";"いまさら";"今更";"maintenant, à cette heure tardive"
"450";"N3";"いまに";"今に";"d'ici peu"
"451";"N3";"いまにも";"今にも";"n'importe quand"
"452";"N5";"いみ";"意味";"signification, sens"
"453";"N1";"いみん";"移民";"émigrant, immigrant"
"454";"N2";"イメージ";"";"image"
"455";"N5";"いもうと";"妹";"petite-soeur"
"456";"N5";"いや";"嫌・否";"désagréable, déplaisant"
"457";"N1";"いやいや";"否々";"à contrecoeur, en aucun cas"
"458";"N2";"いやがる";"嫌がる[亓段]";"détester"
"459";"N1";"いやしい";"卑しい";"avide, mauvais, vulgaire"
"460";"N1";"いやに";"";"extrêmement"
"461";"N1";"いやらしい";"嫌らしい";"détestable, désagréable"
"462";"N2";"いよいよ";"愈々";"finalement, au dernier moment"
"463";"N1";"いよく";"意欲";"ambition, désir"
"464";"N3";"いらい";"以来";"depuis"
"465";"N3";"いらい";"依頼";"demande, requête"
"466";"N3";"いらいら";"苛々";"devenir énervé"
"467";"N5";"いらっしゃいま
せ";"";"bienvenue (dans notre magasin, notre restaurant)"
"468";"N4";"いらっしゃる";"[亓段]";"venir, arriver (hum)"
"469";"N5";"いりぐち";"入り口";"entrée"
"470";"N3";"いりょう";"医療";"traitement médical, soins"
"471";"N1";"いりょう";"衣料";"vêtements, habits"
"472";"N2";"いりょく";"威力";"puissance, autorité, influence"
"473";"N5";"いる";"要る[亓段]";"avoir besoin, nécessiter"
"474";"N2";"いる";"煎る・炒る[亓段]";"faire griller, rôtir, faire frire"
"475";"N1";"いるい";"衣類";"vêtements, habits"
"476";"N2";"いれもの";"入れ物";"récipient, conteneur"
"477";"N5";"いれる";"入れる[一段]";"introduire, mettre dedans, insérer, préparer (du thé,
du café)"
"478";"N5";"いろ";"色";"couleur"
"479";"N5";"いろいろ";"色々";"divers, variés"
"480";"N1";"いろん";"異論";"opinion différente, objection"
"481";"N3";"いわ";"岩";"roc, rocher"
"482";"N3";"いわう";"祝う[亓段]";"célébrer, fêter"
"483";"N3";"いわば";"言わば";"pour ainsi dire, si je puis dire"
"484";"N3";"いわゆる";"所謂";"prétendu, soi-disant"
"485";"N1";"いんかん";"印鑑";"sceau, tampon"
"486";"N1";"いんきょ";"隠居";"retraite, retraité"
"487";"N3";"インク・インキ";"";"encre"
"488";"N3";"いんさつ";"印刷";"impression (de documents)"
"489";"N3";"いんしょう";"印象";"impression (sensation)"
"490";"N1";"インターチェン
ジ";"";"échangeur, échange"
"491";"N1";"インターナショ
ナル";"";"international"
"492";"N1";"インターフォン";"";"interphone"
"493";"N3";"いんたい";"引退";"retraite, isolement"
"494";"N2";"インタビュー";"";"interview, entretien"
"495";"N1";"インテリ";"";"intelligent"
"496";"N1";"インフォメーシ
ョン";"";"information"
"497";"N1";"インフレ";"";"inflation"
"498";"N3";"いんよう";"引用";"extrait, citation"
"499";"N2";"いんりょく";"引力";"gravité"
"500";"N3";"ウイスキー";"";"whisky"
"501";"N2";"ウーマン";"";"femme"
"502";"N2";"ウール";"";"laine"
"503";"N5";"うえ";"上";"dessus"
"504";"N2";"ウエートレス";"";"serveuse, hôtesse"
"505";"N2";"うえき";"植木";"arbuste, arbre"
"506";"N4";"うえる";"植える[一段]";"planter, faire pousser (fleur, arbre...)"
"507";"N2";"うえる";"飢える[一段]";"mourir de faim, être affamé"
"508";"N3";"うがいする";"含嗽する";"se gargariser, se rincer la bouche"
"509";"N2";"うがいする";"嗽する";"se gargariser, se rincer la bouche"
"510";"N4";"うかがう";"伺う[亓段]";"demander, visiter (hum)"
"511";"N2";"うかぶ";"浮かぶ[亓段]";"flotter, faire surface, venir à l'esprit"
"512";"N2";"うかべる";"浮かべる[一段]";"faire flotter, montrer (des sentiments), avoir l'air
(triste, heureux)"
"513";"N1";"うかる";"受かる[亓段]";"avoir réussi un examen"
"514";"N2";"うく";"浮く[亓段]";"flotter"
"515";"N1";"うけいれ";"受け入れ";"acceptation, approbation"
"516";"N1";"うけいれる";"受け入れる[一段]";"accepter, recevoir"
"517";"N2";"うけたまわる";"承る[亓段]";"entendre, recevoir (un ordre), réserver (une table)"
"518";"N1";"うけつぐ";"受け継ぐ[亓段]";"hériter de, succéder"
"519";"N4";"うけつけ";"受付";"réception, bureau de renseignement"
"520";"N1";"うけつける";"受け付ける[一段]";"être accepté"
"521";"N1";"うけとめる";"受け止める[一段]";"attraper, bloquer, réagir à"
"522";"N2";"うけとり";"受け取り";"reçu, récépissé"
"523";"N3";"うけとる";"受け取る[亓段]";"accepter, recevoir, obtenir, prendre, comprendre"
"524";"N1";"うけみ";"受身";"voix passive, forme passive (grammaire)"
"525";"N1";"うけもち";"受け持ち";"charge, fonction"
"526";"N2";"うけもつ";"受け持つ[亓段]";"prendre en charge"
"527";"N4";"うける";"受ける[一段]";"recevoir, accepter, passer (un examen par exemple)"
"528";"N3";"うごかす";"動かす[亓段]";"bouger, changer, déplacer, mettre en mouvement"
"529";"N1";"うごき";"動き";"activité, mouvement, déplacement"
"530";"N4";"うごく";"動く[亓段]";"bouger"
"531";"N3";"うさぎ";"兎";"lapin"
"532";"N3";"うし";"牛";"vache"
"533";"N3";"うしなう";"失う[亓段]";"perdre, égarer"
"534";"N5";"うしろ";"後ろ";"derrière"
"535";"N1";"うず";"渦";"tourbillon"
"536";"N5";"うすい";"薄い";"mince, pâle (pour une couleur)"
"537";"N2";"うすぐらい";"薄暗い";"sombre, mal éclairé"
"538";"N2";"うすめる";"薄める[一段]";"diluer"
"539";"N4";"うそ";"嘘";"mensonge"
"540";"N1";"うそつき";"嘘つき";"menteur"
"541";"N5";"うた";"歌";"chanson, chant"
"542";"N5";"うたう";"歌う[亓段]";"chanter"
"543";"N3";"うたがう";"疑う[亓段]";"douter de, suspecter, soupçonner"
"544";"N1";"うたたねする";"転寝する";"être assoupi, sommeiller"
"545";"N5";"うち";"家・内";"maison (sa), chez soi"
"546";"N4";"うち";"中";"entre, parmi"
"547";"N1";"うちあける";"打ち明ける[一段]";"se confier, parler franchement"
"548";"N2";"うちあわせ";"打ち吅わせ";"rendez-vous, réunion d'affaire"
"549";"N2";"うちあわせる";"打ち吅わせる[一段]";"organiser (une réunion)"
"550";"N1";"うちきる";"打ち切る[亓段]";"arrêter, interrompre, cesser"
"551";"N1";"うちけし";"打ち消し";"démenti, négation (grammaire)"
"552";"N2";"うちけす";"打ち消す[亓段]";"nier, contredire, démentir"
"553";"N1";"うちこむ";"打ち込む[亓段]";"enfoncer en appuyant"
"554";"N5";"うちで";"内で";"chez soi"
"555";"N3";"うちゅう";"宇宙";"Univers"
"556";"N1";"うちわ";"団扇";"éventail"
"557";"N1";"うちわけ";"内訳";"panne, classification"
"558";"N4";"うつ";"打つ・撃つ[亓段]";"frapper (une personne), battre"
"559";"N2";"うっかり";"";"par inadvertance, par inattention"
"560";"N4";"うつくしい";"美しい";"belle (envers une femme)"
"561";"N1";"うつし";"写し";"copie, reproduction, duplicata"
"562";"N4";"うつす";"写す[亓段]";"copier, reproduire, filmer, photographier"
"563";"N3";"うつす";"移す[亓段]";"déplacer, transporter, infecter"
"564";"N2";"うつす";"映す[亓段]";"réfléchir (quelque chose), projeter (un film, une
ombre)"
"565";"N1";"うったえ";"訴え";"plainte, procès"
"566";"N3";"うったえる";"訴える[一段]";"solliciter, faire appel à, poursuivre une personne en
justice, se plaindre auprès de"
"567";"N1";"うっとうしい";"鬱陶しい";"couvert (temps), déprimant"
"568";"N1";"うつむく";"俯く[亓段]";"baisser la tête"
"569";"N4";"うつる";"移る[亓段]";"déménager, transférer"
"570";"N2";"うつる";"写る[亓段]";"être photographié"
"571";"N1";"うつろ";"空ろ";"vide, creux"
"572";"N1";"うつわ";"器";"bol, vase, récipient"
"573";"N4";"うで";"腕";"bras"
"574";"N1";"うでまえ";"腕前";"capacité, compétence"
"575";"N1";"うてん";"雤天";"temps pluvieux"
"576";"N2";"うどん";"饂飩";"udon (nouilles japonaises préparées avec de la farine
de blé)"
"577";"N1";"うながす";"促す[亓段]";"pousser quelqu'un à faire, insister, suggérer"
"578";"N2";"うなずく";"頷く・肯く[亓段]";"acquiescer"
"579";"N3";"うなる";"唸る・呻る[亓段]";"grogner, rugir, gémir, hurler"
"580";"N1";"うぬぼれ";"自惚れ";"vanité, prétention"
"581";"N3";"うばう";"奪う[亓段]";"dérober, voler"
"582";"N3";"うま";"馬";"cheval"
"583";"N4";"うまい";"上手い";"doué, bon"
"584";"N1";"うまる";"埋まる[亓段]";"être enseveli, être enterré, être bouché"
"585";"N3";"うまれ";"生まれ";"naissance, lieu de naissance"
"586";"N1";"うまれつき";"生まれつき";"par nature, de naissance"
"587";"N5";"うまれる";"生まれる[一段]";"naître"
"588";"N5";"うみ";"海";"mer"
"589";"N2";"うむ";"有無";"oui ou non, accord ou refus"
"590";"N1";"うむ";"産む[亓段]";"produire, créer, donner naissance à"
"591";"N3";"うめ";"梅";"prune, prunier"
"592";"N1";"うめこむ";"埋め込む[亓段]";"enterrer"
"593";"N1";"うめぼし";"梅干";"umeboshi (aliment japonais réalisé avec des prunes
salées)"
"594";"N2";"うめる";"埋める[一段]";"boucher, emplir, enfouir, enterrer"
"595";"N2";"うやまう";"敬う[亓段]";"respecter"
"596";"N4";"うら";"裏";"côté opposé, derrière, partie cachée du regard"
"597";"N1";"うらがえしに";"裏返しに";"à l'envers"
"598";"N2";"うらがえす";"裏返す[亓段]";"retourner, mettre à l'envers"
"599";"N3";"うらぎる";"裏切る[亓段]";"trahir"
"600";"N2";"うらぐち";"裏口";"porte de derrière, porte de service"
"601";"N2";"うらなう";"占う[亓段]";"prévoir, prédire"
"602";"N2";"うらみ";"恨み";"rancœur, amertume"
"603";"N2";"うらむ";"恨む[亓段]";"maudire, avoir de la rancœur contre quelqu'un, en
vouloir à"
"604";"N2";"うらやましい";"羨ましい";"envieux, jaloux"
"605";"N2";"うらやむ";"羨む[亓段]";"envier, jalouser"
"606";"N2";"うりあげ";"売上";"produit d'une vente, recette (financière)"
"607";"N2";"うりきれ";"売り切れ";"épuisement du stock"
"608";"N2";"うりきれる";"売り切れる[一段]";"être épuisé (un article)"
"609";"N1";"うりだし";"売り出し";"vente, affaire, marché"
"610";"N1";"うりだす";"売り出す[亓段]";"mettre en vente, mettre sur le marché"
"611";"N4";"うりば";"売り場";"lieu de vente, surface de vente"
"612";"N5";"うる";"売る[亓段]";"vendre"
"613";"N1";"うるおう";"潤う[亓段]";"être humide, être moite, tirer profit de quelque
chose"
"614";"N4";"うるさい";"煩い";"bruyant, gênant"
"615";"N4";"うれしい";"嬉しい";"content"
"616";"N2";"うれゆき";"売れ行き";"ventes"
"617";"N3";"うれる";"売れる[一段]";"être vendu"
"618";"N2";"うろうろ";"";"flânant, marchant sans but"
"619";"N2";"うわ";"上";"du haut, à la surface"
"620";"N1";"うわき";"浮気";"volage, frivole, infidèle"
"621";"N5";"うわぎ";"上着";"manteau, veste"
"622";"N3";"うわさ";"噂";"potin, rumeur"
"623";"N1";"うわまわる";"上回る[亓段]";"dépasser, excéder"
"624";"N1";"うわる";"植わる[亓段]";"être planté (fleur, arbre)"
"625";"N4";"うん";"";"ouais, ok, yeah (marque l'accord)"
"626";"N3";"うん";"運";"fortune, chance, destinée"
"627";"N1";"うんえい";"運営";"administration, management"
"628";"N1";"うんが";"運河";"canal, voie navigable"
"629";"N1";"うんそう";"運送";"transport maritime"
"630";"N1";"うんちん";"運賃";"frais de port, frais d'expédition"
"631";"N4";"うんてん";"運転";"conduite (d'un véhicule)"
"632";"N4";"うんてんしゅ";"運転手";"conducteur"
"633";"N4";"うんてんする";"運転する";"conduire"
"634";"N2";"うんと";"";"beaucoup, une grande quantité"
"635";"N4";"うんどう";"運動";"mouvement, exercice"
"636";"N4";"うんどうする";"運動する";"faire de l'exercice"
"637";"N1";"うんぬん";"云々";"et ainsi de suite, et patati"
"638";"N1";"うんぱんする";"運搬する";"transporter"
"639";"N1";"うんめい";"運命";"destin"
"640";"N1";"うんゆ";"運輸";"transport"
"641";"N1";"うんよう";"運用";"application, utilisation"
"642";"N1";"うんようする";"運用する";"mettre en application, pratiquer, appliquer"
"643";"N5";"え";"絵";"image, dessin"
"644";"N3";"え";"柄";"tige, queue (d'un champignon, d'une fleur)"
"645";"N1";"エアメール";"";"courrier par avion"
"646";"N3";"えいえん";"永遠";"éternel, perpétuel"
"647";"N2";"えいえん";"永遠";"éternité"
"648";"N5";"えいが";"映画";"film"
"649";"N5";"えいがかん";"映画館";"cinéma (bâtiment)"
"650";"N3";"えいきゅう";"永久";"éternité, perpétuité"
"651";"N3";"えいきょう";"影響";"effet, influence"
"652";"N3";"えいぎょう";"営業";"commerce, affaire, business"
"653";"N5";"えいご";"英語";"langue anglaise"
"654";"N1";"えいじ";"英字";"caractère alphabétique, lettre anglaise"
"655";"N1";"えいしゃ";"映写";"projection (d'une image)"
"656";"N3";"えいせい";"衛星";"satellite"
"657";"N2";"えいせい";"衛生";"hygiène, santé"
"658";"N1";"えいぞう";"映像";"reflet, réflexion"
"659";"N2";"えいぶん";"英文";"phrase en anglais, texte anglais"
"660";"N1";"えいゆう";"英雄";"héros, grand homme"
"661";"N3";"えいよう";"栄養";"nutrition, alimentation"
"662";"N2";"えいわ";"英和";"anglais-japonais (un dictionnaire par exemple)"
"663";"N5";"ええ";"";"oui, en effet, c'est cela"
"664";"N2";"ええと";"";"voyons voir..., et bien…"
"665";"N3";"えがお";"笑顔";"sourire, visage souriant"
"666";"N3";"えがく";"描く[亓段]";"décrire, dessiner, tracer"
"667";"N5";"えき";"駅";"gare"
"668";"N1";"えき";"液";"liquide, fluide"
"669";"N2";"えきたい";"液体";"liquide, fluide"
"670";"N3";"えさ";"餌";"appât, nourriture pour animaux"
"671";"N4";"エスカレーター";"";"escalateur"
"672";"N4";"えだ";"枝";"branche"
"673";"N2";"エチケット";"";"étiquette, règles de bienséance, protocole"
"674";"N1";"えつらん";"閲覧";"inspection, relevé"
"675";"N3";"エネルギー";"";"énergie"
"676";"N2";"えのぐ";"絵の具";"peinture (matière)"
"677";"N2";"エプロン";"";"tablier"
"678";"N1";"えもの";"獲物";"proie, gibier"
"679";"N2";"えらい";"偉い";"célèbre, éminent, admirable"
"680";"N4";"えらぶ";"選ぶ[亓段]";"choisir"
"681";"N1";"えり";"襟";"col, cou"
"682";"N3";"える・うる";"得る[一段]";"acquérir, obtenir, gagner, remporter"
"683";"N1";"エレガント";"";"élégant"
"684";"N5";"エレベーター";"";"ascenseur"
"685";"N5";"えん";"円";"yen"
"686";"N1";"えん";"縁";"rapport, relation, lien"
"687";"N2";"えん・その";"園";"jardin"
"688";"N2";"えんかい";"宴会";"banquet, festin, fête"
"689";"N1";"えんかつ";"円滑";"harmonie, douceur"
"690";"N1";"えんがわ";"縁側";"véranda, balcon"
"691";"N1";"えんがん";"沿岸";"littoral, côté"
"692";"N3";"えんぎ";"演技";"jeu d'un acteur, interprétation, performance d'un
acteur"
"693";"N3";"えんきする";"延期する";"remettre à plus tard, ajourner"
"694";"N1";"えんきょく";"婉曲";"indirect, détourné, insinué"
"695";"N2";"えんげい";"園芸";"horticulture, jardinage"
"696";"N2";"えんげき";"演劇";"pièce de théâtre"
"697";"N1";"エンジニア";"";"ingénieur"
"698";"N2";"えんしゅう";"円周";"circonférence"
"699";"N1";"えんしゅつ";"演出";"mise en scène, direction (d'une pièce de théâtre)"
"700";"N3";"えんじょ";"援助";"aide, assistance"
"701";"N1";"えんじる";"演じる[一段]";"interpréter un rôle, jouer une pièce de théâtre"
"702";"N3";"エンジン";"";"moteur"
"703";"N3";"えんぜつ";"演説";"discours, allocution"
"704";"N1";"えんせん";"沿線";"le long de la voie ferrée"
"705";"N3";"えんそう";"演奏";"interprétation, représentation musicale"
"706";"N2";"えんそく";"遠足";"pique-nique, ballade, randonnée"
"707";"N1";"えんだん";"縁談";"demande en mariage"
"708";"N2";"えんちょう";"延長";"élongation, extension, prolongation"
"709";"N2";"えんとつ";"煙突";"cheminée"
"710";"N5";"えんぴつ";"鉛筆";"crayon"
"711";"N1";"えんぽう";"遠方";"loin, lointain"
"712";"N1";"えんまん";"円満";"parfait, harmonieux"
"713";"N4";"えんりょ";"遠慮";"réserve, distance, défiance"
"714";"N4";"えんりょする";"遠慮する";"être réservé, hésiter"
"715";"N1";"お";"尾";"queue"
"716";"N3";"おい";"老い";"personnes âgées, vieux"
"717";"N2";"おい";"";"eh !, dis donc !"
"718";"N2";"おいかける";"追いかける[一段]";"poursuivre quelqu'un, courir après quelqu'un"
"719";"N2";"おいこす";"追い越す[亓段]";"dépasser (une voiture, un coureur), distancer"
"720";"N1";"おいこむ";"追い込む[亓段]";"rassembler, acculer, mettre aux abois"
"721";"N2";"おいさん";"甥さん";"neveu"
"722";"N5";"おいしい";"美味しい";"bon, délicieux"
"723";"N1";"おいだす";"追い出す[亓段]";"expulser, renvoyer, déloger"
"724";"N3";"おいつく";"追い付く[亓段]";"rattraper"
"725";"N1";"おいて";"於いて";"dans, à, sur"
"726";"N5";"おいでになる";"お出でになる[亓段]";"être, arriver (poli)"
"727";"N2";"オイル";"";"huile, pétrole"
"728";"N1";"おいる";"老いる[一段]";"vieillir"
"729";"N4";"おいわい";"お祝い";"célébration"
"730";"N3";"おう";"王";"roi, monarque, empereur"
"731";"N3";"おう";"追う[亓段]";"poursuivre, pourchasser, courir après"
"732";"N1";"おう";"負う[亓段]";"porter sur soi, devoir quelque chose à quelqu'un,
assumer"
"733";"N2";"おうえん";"忚援";"aide, assistance, appui, renfort"
"734";"N1";"おうきゅう";"忚急";"cas d'urgence, urgence"
"735";"N1";"おうごん";"黄金";"or"
"736";"N3";"おうさま";"王様";"roi"
"737";"N3";"おうじ";"王子";"prince"
"738";"N2";"おうじょ";"王女";"princesse"
"739";"N3";"おうじる";"忚じる[一段]";"répondre, satisfaire, accepter"
"740";"N1";"おうしん";"往診";"consultation à domicile (d'un docteur)"
"741";"N2";"おうせつ";"忚接";"réception (pour une occasion)"
"742";"N4";"おうせつま";"忚接間";"salle de réception, salon"
"743";"N2";"おうたいする";"忚対する";"réceptionner, s'occuper de"
"744";"N3";"おうだん";"横断";"traversée, franchissement"
"745";"N2";"おうふく";"往復";"aller-retour"
"746";"N2";"おうべい";"欧米np";"Europe et Etats-Unis, l'Occident"
"747";"N1";"おうぼ";"忚募";"candidature, le fait de postuler"
"748";"N1";"おうぼする";"忚募する";"postuler, candidater"
"749";"N2";"おうよう";"忚用";"application, utilisation, mise en pratique"
"750";"N3";"おえる";"終える[一段]";"terminer, finir, achever"
"751";"N2";"おお";"大";"grand"
"752";"N4";"おおい";"多い";"beaucoup, nombreux"
"753";"N3";"おおいに";"大いに";"beaucoup, très"
"754";"N3";"おおう";"覆う[亓段]";"recouvrir, cacher, dissimuler"
"755";"N1";"おおかた";"大方";"presque tout, la majorité de, en grande partie"
"756";"N1";"おおがら";"大柄";"grand motif"
"757";"N5";"おおきい";"大きい";"grand, large"
"758";"N4";"おおきな";"大きな";"grand, large"
"759";"N1";"オーケー";"";"OK"
"760";"N1";"おおげさ";"大げさ";"exagéré"
"761";"N2";"オーケストラ";"";"orchestre"
"762";"N2";"おおざっぱ";"大雑把";"en gros, approximatif"
"763";"N1";"おおすじ";"大筊";"grandes lignes (d'un plan, d'une politique), résumé"
"764";"N5";"おおぜい";"大勢";"foule"
"765";"N2";"おおぞら";"大空";"cieux, firmament"
"766";"N2";"おおどおり";"大通り";"rue principale, avenue"
"767";"N4";"オートバイ";"";"moto"
"768";"N1";"オートマチック";"";"automatique"
"769";"N2";"オートメーショ
ン";"";"automatisation"
"770";"N4";"オーバー";"";"pardessus"
"771";"N1";"おおはば";"大幅";"grande échelle, drastique"
"772";"N1";"オープン";"";"ouvert"
"773";"N1";"おおみず";"大水";"inondation, déluge"
"774";"N3";"おおや";"大家";"propriétaire"
"775";"N1";"おおやけ";"公";"gouvernemental, officiel, public, ouvert"
"776";"N2";"おおよそ";"大凡";"grossièrement, approximativement, en règle
générale"
"777";"N3";"おか";"丘";"colline"
"778";"N5";"おかあさん";"お母さん";"mère (polie)"
"779";"N4";"おかえりなさい";"お帰りなさい";"bienvenue à la maison (la notre)"
"780";"N4";"おかげ";"お陰";"soutien, support"
"781";"N2";"おかけください";"お掛け下さい";"asseyez-vous s'il vous plait, veuillez vous asseoir s'il
vous plait"
"782";"N4";"おかげさまで";"お陰様で";"merci à vous"
"783";"N5";"おかし";"お菓子";"gâteau, confiserie"
"784";"N4";"おかしい";"可笑しい";"étrange, drôle"
"785";"N1";"おかす";"犯す[亓段]";"commettre un crime, violer, profaner"
"786";"N1";"おかす";"侵す[亓段]";"envahir, s'introduire illégalement, profaner"
"787";"N2";"おかず";"";"o-kazu (plat principal accompagnant le riz dans les
repas japonais)"
"788";"N1";"おがそか";"厳か";"austère, majestueux, imposant"
"789";"N5";"おかね";"お金";"argent, monnaie"
"790";"N2";"おかまいなく";"お構いなく";"ne faites pas attention à moi, ne vous inquiétez pas
pour moi"
"791";"N2";"おがむ";"拝む[亓段]";"vénérer, prier"
"792";"N2";"おかわり";"お代わり";"un autre plat, un autre verre"
"793";"N3";"おき";"沖";"haute mer, le large"
"794";"N2";"おぎなう";"補う[亓段]";"compenser, compléter"
"795";"N2";"おきのどくに";"お気の毒に";"mes condéolances, quel dommage"
"796";"N5";"おきる";"起きる[一段]";"se réveiller, se lever"
"797";"N5";"おく";"置く[亓段]";"poser"
"798";"N4";"おく";"億";"cent millions"
"799";"N3";"おく";"奥";"intérieur, partie interne"
"800";"N2";"おくがい";"屋外";"extérieur, en plein air, dehors"
"801";"N5";"おくさん";"奥さん";"épouse (d'un autre)"
"802";"N4";"おくじょう";"屋上";"toît"
"803";"N1";"おくびょう";"臆病";"peureux, timide"
"804";"N1";"おくらす";"遅らす[亓段]";"remettre à plus tard, différer"
"805";"N2";"おくりがな";"送り仮名";"partie écrite en kana après un kanji pour former un
mot"
"806";"N4";"おくりもの";"贈り物";"cadeau"
"807";"N5";"おくる";"送る[亓段]";"envoyer, expédier, accompagner une personne"
"808";"N3";"おくる";"贈る[亓段]";"donner, décerner, offrir"
"809";"N1";"おくれ";"遅れ";"délai, retard, ajournement"
"810";"N4";"おくれる";"後れる・遅れる[一段]";"être en retard, être différé"
"811";"N5";"おげんきで";"お元気で";"portez-vous bien, prends soin de toi"
"812";"N4";"おこさん";"お子さん";"enfant de quelqu'un d'autre"
"813";"N4";"おこす";"起こす[亓段]";"réveiller, lever"
"814";"N2";"おこたる";"怠る[亓段]";"être négligent envers, négliger, éviter"
"815";"N1";"おこない";"行い";"action, comportement"
"816";"N4";"おこなう";"行う[亓段]";"faire un numéro, exécuter, faire, avoir lieu"
"817";"N4";"おこる";"怒る[亓段]";"se fâcher, se mettre en colère"
"818";"N3";"おこる";"起こる[亓段]";"arriver, avoir lieu, se produire"
"819";"N1";"おごる";"奢る・驕る[亓段]";"offrir une tournée, être extravagant, vivre dans le
luxe"
"820";"N2";"おさえる";"抑える・押さえる[一段]";"arrêter, freiner, réprimer, retenir"
"821";"N2";"おさきに";"お先に";"excusez-moi de partir avant vous"
"822";"N3";"おさない";"幼い";"puéril, immature"
"823";"N1";"おさまる";"収まる・納まる・治まる
[亓段]";"être à sa place, être installé, s'établir, être délivré, être obtenu"
"824";"N3";"おさめる";"収める・納める・治める
[一段]";"fournir, obtenir, stocker, récolter"
"825";"N1";"おさん";"お産";"accouchement, le fait de donner naissance"
"826";"N2";"おじ";"伯父・叔父";"oncle"
"827";"N2";"おしい";"惜しい";"regrettable, décevant, cher, de valeur"
"828";"N5";"おじいさん";"お爺さん";"grand-père (polie)"
"829";"N4";"おしいれ";"押入れ";"placard"
"830";"N1";"おしえ";"教え";"enseignement, précepte, lesson"
"831";"N5";"おしえる";"教える[一段]";"enseigner, instruire"
"832";"N2";"おじぎ";"御辞儀";"révérence pour saluer, salutation (en s'inclinant en
avant)"
"833";"N1";"おしきる";"押し切る[亓段]";"surmonter l'opposition"
"834";"N1";"おしこむ";"押し込む[亓段]";"appuyer sur (un bouton), s'entasser dans"
"835";"N5";"おじさん";"伯父さん・叔父さん";"oncle (polie)"
"836";"N1";"おしむ";"惜しむ[亓段]";"être parcimonieux, être frugal, être peu disposé à
faire, chérir, estimer"
"837";"N3";"おしゃべり";"お喋り";"papotage, bavardage"
"838";"N2";"おじゃまします";"お邪魔します";"excusez-moi de vous déranger, expression utilisée
en entrant dans la maison de quelqu'un d'autre"
"839";"N2";"おしゃれ";"お洒落";"élégant, bien habillé, coquet"
"840";"N4";"おじょうさん";"お嬢さん";"jeune femme (poli)"
"841";"N1";"おしよせる";"押し寄せる[一段]";"se rapprocher, fondre sur, déferler sur, inonder,
submerger"
"842";"N5";"おす";"押す[亓段]";"pousser, presser"
"843";"N1";"おす";"雄";"mâle (pour un animal)"
"844";"N1";"おせじ";"お世辞";"flatterie, compliment"
"845";"N2";"おせわになる";"お世話になる";"merci pour tout ce que vous faites pour moi"
"846";"N3";"おせん";"汚染";"pollution, contamination"
"847";"N5";"おそい";"遅い";"lent"
"848";"N1";"おそう";"襲う[亓段]";"attaquer, assaillir, frapper"
"849";"N1";"おそくとも";"遅くとも";"au plus tard"
"850";"N3";"おそらく";"恐らく";"peut-être, probablement"
"851";"N1";"おそれ";"恐れ";"peur, horreur, anxiété, inquiétude"
"852";"N1";"おそれいる";"恐れ入る[亓段]";"être désolé, être reconnaissant, être étonné"
"853";"N3";"おそれる";"畏れる・恐れる[一段]";"craindre, avoir peur de"
"854";"N3";"おそろしい";"恐ろしい";"épouvantable, effrayant"
"855";"N2";"おそわる";"教わる[亓段]";"recevoir un enseignement"
"856";"N4";"おだいじに";"お大事に";"bon rétablissement (à une personne malade)"
"857";"N2";"おたがいに";"お互いに";"ensemble, réciproquement, mutuellement"
"858";"N4";"おたく";"お宅";"votre maison, votre foyer (hum)"
"859";"N1";"おだてる";"煽てる[一段]";"exalter, flatter"
"860";"N3";"おだやか";"穏やか";"calme, tranquille, paisible"
"861";"N1";"おちこむ";"落ち込む[亓段]";"être démoralisé, être triste, s'effondrer (l'économie,
les affaires…), tomber dans (un trou)"
"862";"N1";"おちつき";"落ち着き";"calme, aplomb, sérénité"
"863";"N2";"おちつく";"落ち着く[亓段]";"se calmer, se détendre"
"864";"N1";"おちば";"落ち葉";"feuilles mortes"
"865";"N5";"おちゃ";"お茶";"thé"
"866";"N4";"おちる";"落ちる[一段]";"tomber, chuter"
"867";"N1";"おつ";"乙";"étrange, chic, épicé, plein d'esprit"
"868";"N1";"おつかい";"お使い";"commission, course, capacité d'utilisation"
"869";"N1";"おっかない";"";"effrayant, terrifiant, énorme"
"870";"N4";"おっしゃる";"仰る[亓段]";"dire, parler (poli)"
"871";"N4";"おっと";"夫";"mari, époux"
"872";"N1";"おてあげ";"お手上げ";"abandon, renonciation"
"873";"N5";"おてあらい";"お手洗い";"toilettes"
"874";"N2";"おでかけ";"お出かけ";"le fait d'être sur le point de partir, de sortir"
"875";"N2";"おてつだいさん";"お手伝いさん";"bonne, femme de ménage, femme de chambre"
"876";"N4";"おと・ね";"音";"son (bruit)"
"877";"N5";"おとうさん";"お父さん";"père (polie)"
"878";"N5";"おとうと";"弟";"petit-frère"
"879";"N1";"おどおど";"";"craintivement, avec hésitation"
"880";"N2";"おどかす";"脅かす・威かす・嚇かす
[亓段]";"menacer, intimider, forcer, surprendre"
"881";"N5";"おとこ";"男";"homme"
"882";"N5";"おとこのこ";"男の子";"garçon"
"883";"N3";"おとこのひと";"男の人";"homme, personne de sexe masculin"
"884";"N2";"おとしもの";"落し物";"objet perdu"
"885";"N4";"おとす";"落とす[亓段]";"laisser tomber, faire tomber"
"886";"N1";"おどす";"脅す・威す・嚇す[亓段]";"menacer"
"887";"N1";"おとずれる";"訪れる[一段]";"rendre visite, visiter, aller voir"
"888";"N5";"おととい・いっ
さくじつ";"一昨日";"avant-hier"
"889";"N5";"おととし・いっ
さくねん";"一昨年";"l'année avant l'année dernière, il y a 2 ans"
"890";"N5";"おとな";"大人";"adulte, grande personne"
"891";"N2";"おとなしい";"大人しい";"docile, calme"
"892";"N1";"おともする";"お供する";"accompagner"
"893";"N4";"おどり";"踊り";"danse"
"894";"N3";"おとる";"务る[亓段]";"être inférieur à, être plus petit que"
"895";"N4";"おどる";"踊る[亓段]";"danser"
"896";"N1";"おとろえる";"衰える[一段]";"s'affaiblir, décliner, se détériorer, diminuer"
"897";"N2";"おどろかす";"驚かす[亓段]";"surprendre, effrayer"
"898";"N1";"おどろき";"驚き";"étonnement, surprise"
"899";"N4";"おどろく";"驚く[亓段]";"être surpris, être étonné"
"900";"N1";"おないどし";"同い年";"du même âge"
"901";"N5";"おなか";"お腹";"ventre, estomac"
"902";"N5";"おなじ";"同じ";"identique, égal"
"903";"N3";"おに";"鬼";"démon, monstre"
"904";"N5";"おにいさん";"お兄さん";"grand-frère (polie)"
"905";"N5";"おねえさん";"お姉さん";"grande-soeur (polie)"
"906";"N5";"おねがいします";"お願いします";"s'il vous plaît"
"907";"N3";"おのおの・それ
ぞれ";"各々";"respectivement, chacun respectivement, tour à tour"
"908";"N1";"おのずから";"自ずから";"bien sûr, évidemment"
"909";"N5";"おば";"伯母・叔母";"tante"
"910";"N5";"おばあさん";"お婆さん";"grand-mère (polie)"
"911";"N5";"おばさん";"伯母さん・叔母さん";"tante (polie)"
"912";"N5";"おはようござい
ます";"お早う御座います";"bonjour (le matin)"
"913";"N3";"おび";"帯";"ceinture de kimono"
"914";"N1";"おびえる";"怯える[一段]";"être effrayé, être terrifié"
"915";"N1";"おびただしい";"夥しい";"innombrable, considérable"
"916";"N1";"おびやかす";"脅かす[亓段]";"intimider, faire peur"
"917";"N1";"おびる";"帯びる[一段]";"être chargé (d'une mission, d'une tâche), porter (une
épée, une décoration)"
"918";"N3";"オフィス";"";"bureau (du travail)"
"919";"N1";"おふくろ";"お袋";"mère (la sienne)"
"920";"N5";"おべんとう";"お弁当";"bentô, panier-repas japonais"
"921";"N1";"おぼえ";"覚え";"mémoire, expérience"
"922";"N5";"おぼえる";"覚える[一段]";"se souvenir"
"923";"N3";"おぼれる";"溺れる[一段]";"se noyer, se livrer à"
"924";"N2";"おまいり";"お参り";"culte, visite d'un temple"
"925";"N3";"おまえ";"お前";"tu, ton, toi (vulgaire)"
"926";"N1";"おまけ";"お負け";"bonus, supplément, exagération, remise (sur un
achat)"
"927";"N4";"おまたせしまし
た";"お待たせしました";"désolé pour l'attente"
"928";"N2";"おまちどうさま";"お待ちどうさま";"désolé de vous avoir fait attendre"
"929";"N5";"おまわりさん";"お巡りさん";"policier (désigné de manière amicale)"
"930";"N4";"おみまい";"お見舞い";"le faire de prendre des nouvelles de quelqu'un
malade"
"931";"N1";"おみや";"お宮";"sanctuaire shinto"
"932";"N4";"おみやげ";"お土産";"cadeau, souvenir"
"933";"N4";"おめでとうござ
います";"お目出度うご座います";"félicitations"
"934";"N2";"おめにかかる";"お目に掛かる";"rencontrer quelqu'un ayant un statut plus important
que le nôtre (polie)"
"935";"N2";"おも";"主";"principal, important"
"936";"N5";"おもい";"重い";"lourd, massif"
"937";"N2";"おもいがけない";"思い掛けない";"inattendu, imprévu, par hasard"
"938";"N2";"おもいきり・お
もいっきり";"思い切り";"de toutes ses forces, à tout prix, coûte que coûte"
"939";"N2";"おもいこむ";"思い込む[亓段]";"être convaincu que, avoir l'impression que, imaginer
que"
"940";"N4";"おもいだす";"思い出す[亓段]";"se rappeler, se souvenir"
"941";"N1";"おもいつき";"思い付き";"plan, idée, suggestion"
"942";"N2";"おもいつく";"思い付く[亓段]";"venir à l'esprit"
"943";"N2";"おもいつく";"思い付く[亓段]";"venir à l'esprit, trouver"
"944";"N3";"おもいで";"思い出・想い出";"souvenir"
"945";"N4";"おもう";"思う[亓段]";"penser"
"946";"N5";"おもしろい";"面白い";"intéressant"
"947";"N2";"おもたい";"重たい";"lourd, important, massif, rigoureux"
"948";"N4";"おもちゃ・がん
ぐ";"玩具";"jouet"
"949";"N4";"おもて";"表";"face, partie visible (contraire de 裏)"
"950";"N3";"おもに";"主に";"principalement, essentiellement"
"951";"N1";"おもむき";"趣";"sens, signification, teneur, influence, aspect, saveur,
délicatesse, charme"
"952";"N1";"おもむく";"赴く[亓段]";"aller vers, se diriger vers, se rendre à"
"953";"N3";"おもわず";"思わず";"involontairement, fortuitement, instinctivement"
"954";"N1";"おもんじる";"重んじる[一段]";"honorer, estimer, respecter, attacher de
l'importance"
"955";"N4";"おや";"親";"parents"
"956";"N2";"おや";"";"tiens !, oh !, oh ?"
"957";"N1";"おやじ";"親父";"père, vieil homme, boss"
"958";"N5";"おやすみなさい";"お休みなさい";"bonne nuit"
"959";"N2";"おやつ";"お八つ";"en-cas, goûté, quatre-heure"
"960";"N2";"おやゆび";"親指";"pouce"
"961";"N4";"おゆ";"お湯";"eau chaude"
"962";"N3";"およぎ";"泳ぎ";"natation, nage"
"963";"N5";"およぐ";"泳ぐ[亓段]";"nager"
"964";"N3";"およそ";"凡そ";"environ, à peu près, approximativement"
"965";"N1";"および";"及び";"et, aussi bien… que…"
"966";"N1";"およぶ";"及ぶ[亓段]";"atteindre, arriver à, commettre un crime, comparer
à, atteindre"
"967";"N3";"およぼす";"及ぼす[亓段]";"exercer (une influence, un effet sur quelque chose,
causer, occasionner (des dégâts)"
"968";"N1";"おり";"折り";"pli, repli, occasion, petite boîte en bois (pour
empaqueter de la nourriture)"
"969";"N1";"おり";"檻";"cage, cellule d'une prison, geôle"
"970";"N1";"オリエンテーシ
ョン";"";"orientation"
"971";"N1";"おりかえす";"折り返す[亓段]";"repartir en sens inverse"
"972";"N1";"おりもの";"織物";"textile, tissu"
"973";"N5";"おりる";"降りる[一段]";"descendre (d'une montagne, un bus...)"
"974";"N4";"おりる";"下りる[一段]";"descendre (d'une montage, d'un bus...)"
"975";"N4";"おる";"居る[亓段]";"être (pour quelque chose d'animé), exister"
"976";"N4";"おる";"折る[亓段]";"plier, rompre, casser"
"977";"N1";"おる";"織る[亓段]";"tisser"
"978";"N2";"オルガン";"";"organe"
"979";"N1";"おれ";"俺";"je, moi, mon (utilisé par les hommes de manière
informelle)"
"980";"N4";"おれい";"お礼";"courtoisie, politesse"
"981";"N4";"おれる";"折れる[一段]";"être plié, se rompre, se briser"
"982";"N4";"オレンジ";"";"orange (fruit ou couleur)"
"983";"N1";"おろか";"愚か";"idiot, stupide"
"984";"N3";"おろす";"下ろす・降ろす[亓段]";"faire descendre (un passager d'un véhicule),
descendre, abaisser, retirer de l'argent d'un compte"
"985";"N2";"おろす";"卸す[亓段]";"vendre en gros, râper (des légumes, des fruits…)"
"986";"N1";"おろそか";"疎か";"négligence"
"987";"N1";"おろそか";"疎か";"négligent"
"988";"N4";"おわり";"終わり";"fin"
"989";"N5";"おわる";"終わる[亓段]";"finir"
"990";"N3";"おん";"恩";"faveur, dette de gratitude, obligation morale"
"991";"N5";"おんがく";"音楽";"musique, mouvement (musique)"
"992";"N2";"おんけい";"恩恵";"bienfait, faveur, bénédiction, grâce"
"993";"N2";"おんしつ";"温审";"serre"
"994";"N2";"おんせん";"温泉";"onsen (bain thermal japonais), source chaude"
"995";"N2";"おんたい";"温帯";"zone tempérée"
"996";"N3";"おんだん";"温暖";"chaleur"
"997";"N2";"おんちゅう";"御中";"Messieurs"
"998";"N3";"おんど";"温度";"température"
"999";"N5";"おんな";"女";"femme"
"1000";"N5";"おんなのこ";"女の子";"fille"
"1001";"N2";"おんなのひと";"女の人";"femme, personne de sexe féminin"
"1002";"N1";"おんぶする";"負んぶする";"porter son enfant (sur le dos)"
"1003";"N1";"オンライン";"";"en ligne, on-line"
"1004";"N1";"おんわ";"温和";"calme, doux"
"1005";"N4";"か";"家";"suffixe pour indiquer une propriété, une relation ou une occupation d'une personne (ferme 農, fermier
農家)"
"1006";"N3";"か";"課";"compteur pour les chapîtres ou les leçons"
"1007";"N3";"か";"可";"passable, acceptable"
"1008";"N2";"か";"日";"jour du mois"
"1009";"N2";"か";"下";"en dessous de"
"1010";"N2";"か";"化";"le fait que quelque chose se fasse, suffixe -isation, - ication (international 国際, internationalisation 国際
化)"
"1011";"N2";"か";"科";"département, section"
"1012";"N2";"が";"画";"dessin, peinture, esquisse"
"1013";"N3";"カー";"";"voiture"
"1014";"N4";"カーテン";"";"rideau"
"1015";"N3";"カード";"";"carte"
"1016";"N2";"カーブ";"";"courbe"
"1017";"N1";"カーペット";"";"tapis"
"1018";"N5";"かい";"回";"compteur pour le nombre de fois"
"1019";"N5";"かい";"階";"compteur pour les étages"
"1020";"N4";"かい";"会";"rassemblement, club, association"
"1021";"N2";"かい";"貝";"coquillage"
"1022";"N1";"かい";"海";"mer de"
"1023";"N1";"かい";"界";"monde de"
"1024";"N3";"がい";"害";"blessure, coup, dommage"
"1025";"N2";"がい";"外";"en dehors de"
"1026";"N1";"がい";"街";"quartier, rue"
"1027";"N1";"がい";"街";"rue de, quartier de"
"1028";"N1";"かいあくする";"改悪する";"détériorer, changer en mal"
"1029";"N3";"かいいん";"会員";"membre d'une association"
"1030";"N1";"かいうん";"海運";"maritime, par voie marine"
"1031";"N1";"がいか";"外貨";"marchandise importée, devise étrangère"
"1032";"N3";"かいが";"絵画";"peinture"
"1033";"N2";"かいかい";"開会";"début d'une réunion"
"1034";"N3";"かいがい";"海外";"étranger, extérieur"
"1035";"N2";"かいかいする";"開会する";"débuter une réunion"
"1036";"N1";"かいかく";"改革";"amélioration, réforme"
"1037";"N1";"かいかくする";"改革する";"réformer"
"1038";"N1";"かいがら";"貝殻";"coquille, coquillage"
"1039";"N2";"かいかん";"会館";"salle de réunion"
"1040";"N1";"がいかん";"外観";"apparence, extérieur, façade"
"1041";"N4";"かいがん";"海岸";"rivage, côte (mer)"
"1042";"N4";"かいぎ";"会議";"conférence, réunion, meeting"
"1043";"N1";"かいきゅう";"階級";"rang, grade, classe sociale"
"1044";"N1";"かいきょう";"海峡";"canal, détroit maritime"
"1045";"N3";"かいけい";"会計";"comptabilité"
"1046";"N3";"かいけつ";"解決";"solution"
"1047";"N1";"かいけん";"会見";"entretien, audience"
"1048";"N1";"かいご";"介護";"soins infirmiers"
"1049";"N3";"がいこう";"外交";"diplomatie"
"1050";"N3";"かいごう";"会吅";"réunion, rassemblement"
"1051";"N5";"がいこく";"外国";"pays étranger"
"1052";"N5";"がいこくじん";"外国人";"étranger"
"1053";"N1";"かいさいする";"開催する";"tenir une réunion, ouvrir une exposition"
"1054";"N2";"かいさつ";"改札";"contrôle des billets"
"1055";"N2";"かいさん";"解散";"dissolution, séparation"
"1056";"N3";"かいし";"開始";"commencement, début"
"1057";"N5";"かいしゃ";"会社";"entreprise"
"1058";"N3";"かいしゃく";"解釈";"interprétation"
"1059";"N1";"かいしゅう";"回収";"collection, récupération"
"1060";"N1";"かいしゅう";"改修";"réparation, amélioration"
"1061";"N1";"かいじゅう";"怪獣";"monstre"
"1062";"N3";"がいしゅつする";"外出する";"sortir"
"1063";"N1";"かいじょ";"解除";"abandon, annulation, résiliation"
"1064";"N1";"がいしょう";"外相";"ministre des affaires étrangères"
"1065";"N4";"かいじょう";"会場";"lieu de réunion"
"1066";"N1";"かいじょする";"解除する";"abandonner, annuler, résilier"
"1067";"N2";"かいすいよく";"海水浴";"bain de mer"
"1068";"N2";"かいすう";"回数";"fréquence, nombre de fois"
"1069";"N2";"かいすうけん";"回数券";"carnet de tickets"
"1070";"N1";"がいする";"害する";"blesser, tuer"
"1071";"N2";"かいせい";"改正";"modification, révision (d'une loi, d'un contrat…)"
"1072";"N2";"かいせい";"快晴";"beau temps"
"1073";"N2";"かいせつ";"解説";"explication, commentaire"
"1074";"N1";"がいせつ";"概説";"grandes lignes, principe général"
"1075";"N3";"かいぜん";"改善";"amélioration"
"1076";"N1";"かいそう";"回送";"réexpédition, transfert"
"1077";"N1";"かいそう";"階層";"classe sociale, niveau social"
"1078";"N2";"かいぞう";"改造";"remodelage, transformation, refonte"
"1079";"N1";"かいたく";"開拓";"défrichement, exploitation d'un terrain vierge"
"1080";"N5";"かいだん";"階段";"escaliers"
"1081";"N1";"かいだん";"会談";"conférence, entretien"
"1082";"N2";"かいつう";"開通";"ouverture, le fait de devenir opérationnel ou en état
de marche"
"1083";"N1";"かいてい";"改定";"réforme"
"1084";"N1";"かいてい";"改訂";"révision (le fait de changer quelque chose)"
"1085";"N3";"かいていき";"快適";"agréable, confortable"
"1086";"N2";"かいてん";"回転";"rotation"
"1087";"N1";"ガイド";"";"guide"
"1088";"N2";"かいとう";"回答・解答";"réponse"
"1089";"N1";"がいとう";"街頭";"dans la rue"
"1090";"N1";"かいどう";"街道";"grande route, route principale"
"1091";"N1";"がいとうする";"該当する";"convenir à, correspondre à"
"1092";"N1";"ガイドブック";"";"guide sous forme de livre"
"1093";"N1";"かいにゅう";"介入";"intervention"
"1094";"N1";"がいねん";"概念";"concept, idée générale"
"1095";"N1";"かいはつ";"開発";"développement, exploitation"
"1096";"N1";"かいばつ";"海抜";"altitude"
"1097";"N2";"がいぶ";"外部";"extérieur (l')"
"1098";"N2";"がいぶ";"外部";"externe, extérieur"
"1099";"N3";"かいふく";"回復";"guérison, récupération (suite à une maladie),
rétablissement"
"1100";"N2";"かいほう";"解放";"libération"
"1101";"N1";"かいぼう";"解剖";"dissection, vivisection"
"1102";"N2";"かいほうする";"開放する";"ouvrir en grand, ouvrir"
"1103";"N1";"かいほうする";"介抱する";"garder (un patient, un enfant), surveiller"
"1104";"N5";"かいもの";"買い物";"achats, courses"
"1105";"N2";"かいよう";"海洋";"océan"
"1106";"N1";"がいらい";"外来";"importé, d'origine étrangère, externe"
"1107";"N1";"かいらん";"回覧";"circulation, diffusion"
"1108";"N1";"がいりゃく";"概略";"résumé, grandes lignes, esquisse, aperçu"
"1109";"N1";"かいりゅう";"海流";"courant marin"
"1110";"N1";"かいりょう";"改良";"amélioration"
"1111";"N1";"かいりょうする";"改良する";"améliorer"
"1112";"N1";"かいろ";"回路";"circuit électrique"
"1113";"N1";"かいろ";"海路";"route maritime, voie maritime (par)"
"1114";"N2";"がいろん";"概論";"grandes lignes, remarques générales"
"1115";"N4";"かいわ";"会話";"conversation, dialogue, discussion"
"1116";"N5";"かう";"買う[亓段]";"acheter"
"1117";"N3";"かう";"飼う[亓段]";"élever un animal"
"1118";"N5";"かえす";"返す[亓段]";"retourner, renvoyer quelque chose"
"1119";"N2";"かえす";"帰す・還す[亓段]";"renvoyer quelqu'un vers, faire retourner quelqu'un
vers"
"1120";"N2";"かえって";"却って";"à l'inverse, au contraire"
"1121";"N4";"かえり";"帰り";"retour"
"1122";"N1";"かえりみる";"省みる・顧みる[一段]";"réfléchir, tenir compte de, considérer"
"1123";"N4";"かえる";"変える[一段]";"changer, varier"
"1124";"N4";"かえる";"帰る・返る[亓段]";"revenir, retourner (à notre point de départ)"
"1125";"N3";"かえる";"代える・替える・換える
[一段]";"échanger, remplacer, substituer"
"1126";"N5";"かお";"顔";"visage"
"1127";"N2";"かおく";"家屋";"maison, bâtiment"
"1128";"N3";"かおり";"香り・薫り";"parfum, odeur, fragrance"
"1129";"N3";"がか";"画家";"peintre, dessinateur"
"1130";"N1";"かがい";"課外";"extrascolaire, parascolaire, en dehors des cours"
"1131";"N3";"かかえる";"抱える[一段]";"tenir dans les bras, avoir (des problèmes, des
dettes…), recruter, embaucher"
"1132";"N3";"かかく";"価格";"coût, prix, valeur"
"1133";"N4";"かがく";"科学";"science"
"1134";"N3";"かがく";"化学";"chimie"
"1135";"N1";"かかげる";"掲げる[一段]";"faire paraître un article, publier, étendre (un
drapeau)"
"1136";"N1";"かかと";"踵";"talon (d'un pied, d'une chaussure…)"
"1137";"N3";"かがやく";"輝く[亓段]";"briller, scintiller"
"1138";"N3";"かかり";"係り・係";"officiel, responsable"
"1139";"N5";"かかる";"掛かる[亓段]";"prendre (du temps, de l'argent), être accroché, être suspendu, être couvert (par une assurance, un
contrat…)"
"1140";"N3";"かかる";"罹る[亓段]";"souffrir de, être atteint de"
"1141";"N2";"かかわる";"係わる[亓段]";"être lié à, être en rapport avec, être influencé par,
être affecté par"
"1142";"N5";"かぎ";"鍵";"clé"
"1143";"N2";"かきとめ";"書留";"inscription, enregistrement (d'une personne), prise
de note à l'écrit"
"1144";"N2";"かきとり";"書き取り";"dictée"
"1145";"N1";"かきとる";"書き取る[亓段]";"noter, écrire, prendre des notes"
"1146";"N2";"かきね";"垣根";"haie, clôture"
"1147";"N1";"かきまわす";"掻き回す[亓段]";"remuer, mélanger, agiter, touiller"
"1148";"N2";"かぎり";"限り";"autant que possible"
"1149";"N2";"かぎり";"限り";"limite"
"1150";"N3";"かぎる";"限る[亓段]";"limiter, restreindre"
"1151";"N5";"かく";"書く[亓段]";"écrire"
"1152";"N2";"かく";"各";"chaque"
"1153";"N2";"かく";"掻く[亓段]";"griffer, gratter, érafler, transpirer"
"1154";"N1";"かく";"画";"compteur pour les traits de kanjis"
"1155";"N1";"かく";"欠く[亓段]";"manquer de, négliger, briser, ébrécher"
"1156";"N1";"かく";"角";"angle, fou (au shogi)"
"1157";"N1";"かく";"核";"noyau, nucleus"
"1158";"N1";"かく";"格";"caractère, nature (d'une personne)"
"1159";"N3";"がく";"学";"apprentissage, érudition"
"1160";"N3";"がく";"額";"montant (d'argent)"
"1161";"N3";"かぐ";"家具";"meubles, mobilier"
"1162";"N2";"かぐ";"嗅ぐ[亓段]";"renifler, flairer"
"1163";"N2";"かくう";"架空";"aérien, imaginaire"
"1164";"N1";"がくげい";"学芸";"arts libéraux"
"1165";"N3";"かくご";"覚悟";"préparation, décision, résolution, résignation"
"1166";"N1";"かくさ";"格差";"disparité, différence qualitative"
"1167";"N1";"かくさん";"拡散";"diffusion, propagation (d'un virus, d'une"
"1169";"N1";"がくし";"学士";"diplômé de l'université"
"1170";"N2";"かくじ";"各自";"chacun, chacune"
"1171";"N3";"かくじつ";"確实";"certitude, fiabilité"
"1172";"N3";"がくしゃ";"学者";"savant, érudit"
"1173";"N1";"かくしゅ";"各種";"toutes sortes de"
"1174";"N1";"かくしゅう";"隔週";"toutes les deux semaines"
