;;;;;
N3;Base verbale + がち;Base verbale + がち : avoir tendance à souvent ~;Peut se traduire par : avoir tendance à souvent ~\nSuggère qu'une action a tendance à se répéter souvent ou facilement\nS'utilise pour souligner quelque chose de négatif comme : être absent, être malade...;Verbe dans sa forme en ます et on remplace le ます par がち;彼女は学校に遅れがちだ。\nElle a tendance à souvent arriver en retard à l'école。\n多くの青年が同じ過ちを犯しがちである。\nBeaucoup de jeunes ont facilement tendance à commettre les mêmes erreurs。\n私たちは時間を浪費しがちである。\nOn a tendance à souvent gaspiller notre temps。
N3;Base verbale + きれる / きれない;Base verbale + きれる / きれない : être capable ou ne pas être capable de faire entièrement quelque chose;Avec きれる, on indique que l'on est capable de faire complètement quelque chose\nAvec きれない, on indique que l'on n'est pas capable de faire entièrement quelque chose;Verbe dans sa forme en ます et on remplace le ます par きれる ou きれない;一年でローンが払いきれるか。\nEst-ce que tu peux rembourser complètement ton emprunt en une année ?\n彼は使いきれないほどの金を稼ぐ。\nIl gagne plus d'argent qu'il ne peut en dépenser。\n彼女は読みきれないほどたくさんの本を持っている。\nElle a tellement de livres qu'elle n'est pas capable de tous les lire。
N3;Base verbale + っこない;Base verbale + っこない : n'est pas possible de ~, ne peut absolument pas ~;Peut se traduire par : il n'y a pas moyen de ~, il ne peut absolument pas ~, il ne peut vraisemblablement pas\nS'utilise lorsque le locuteur n'envisage absolument pas une action\n\nできっこない : ne pas pouvoir faire\nわかりっこない : ne pas pouvoir comprendre\n\nS'utilise à l'oral;Verbe dans sa forme en ます et on remplace le ます par っこ + ない ou ありません (plus poli)\nVerbe à la forme potentielle formelle et on remplace le ます final par っこ + ない ou ありません;それは君だってまちがいっこない。\nTu ne peux pas te tromper。\n今日は用事いっぱいあるので休みっこない。\nJ'ai tellement de choses à faire aujourd'hui que je ne peux vraisemblablement pas prendre de pause。\n彼は今夜たくさん飲んだので、安全に運転出来っこない。\nIl ne pourra pas conduire en toute tranquillité car il a beaucoup bu ce soir。
N3;Base verbale + 次第 (しだい);Base verbale + 次第 (しだい) : aussitôt après ~, dès que ~;Peut se traduire par : aussitôt après A, B\nImplique une série planifiée d'action : dès que A est terminée, alors B va être fait immédiatement après\nNe peut pas être utilisé avec un verbe passé;Verbe dans sa forme en ます et on remplace le ます par 次第\nLe verbe qui suit ne doit pas être au passé;北海道に着き次第、一筆差し上げます。\nDès que j'arrive à Hokkaïdo, je t'écris quelques lignes。\n終わり次第すぐにこの質問用紙を送ります。\nJ'envoie ce questionnaire dès que j'ai fini。\n私たちは雨が止み次第出発します。\nNous partirons aussitôt que la pluie se sera arrêtée。
N3;Base verbale + ようがない;Base verbale + ようがない : il n'y a pas moyen de ~;Peut se traduire par : il n'y a pas moyen de ~;Verbe dans sa forme en ます et on remplace le ます par ようがない ou ようもない;質問の意味はわからなくて、答えようがなかった。\nIl n'y avait aucun moyen de répondre si l'on ne comprenait pas le sens de la question。\n木村さんは今どこにいるのか分からないので、連絡しようがない。\nIl n'y a aucun moyen de contacter Mr. Kimura car on ne sait pas où il se trouve à l'heure actuelle。\n彼らの行動は言い訳しようがない。\nIl n'y a aucun moyen d'excuser leur comportement。
N3;だらけ;だらけ : plein de ~;Peut se traduire par : plein de ~, pleine de ~\nS'utilise pour exprimer quelque chose de négatif, de désagréable;Nom + だらけ(だ)\nNom + だらけ + の + nom;床は血だらけだった。\nLe sol était couvert de sang。\nせっけんだらけの手で私にさわらないで。\nNe me touche pas avec tes mains pleines de savon。\n彼は泥だらけだった。\nIl était couvert de boue。
N3;どころか;どころか : loin de ~, ~ en fait;"Peut se traduire par : loin de ~, ~ en fait ; non seulement ~, mais ~ même\nPermet de montrer que quelque chose est loin de ce qu'on attendait (souvent dans un sens plus fort)\nA+どころか+B : B est bien plus extrême ou inattendu que A";Verbe à la forme neutre ou nom ou adjectif en い + どころか\nAdjectif en な sans le な final + どころか;彼は貯金するどころか借金だらけだ。\nIl est loin d'économiser de l'argent, il est couvert de dettes。\nあの人は英語どころかアラビア語もスワヒリ語も話せる。\nNon seulement il parle anglais, mais il peut aussi parler l’arabe et le swahili。\nそれは失敗どころか大成功だった。\nLoin d’être un échec, ce fut une très grande réussite。
N3;はもとより / はもちろん;はもとより / はもちろん : bien évidemment ~ mais aussi ~;Permet de citer quelque chose d’évident, puis d’ajouter des choses peut-être inattendues\nはもちろん est plus courant à l’oral, はもとより plus formel;Nom + はもとより / はもちろん;彼は私たちに着物はもちろんお金もくれた。\nIl nous a donné des vêtements bien évidemment, mais aussi de l'argent。\n学生はもちろん先生も来た。\nLes élèves sont bien sûr venus, mais aussi les professeurs。\n彼女は英語はもちろん、フランス語も話せる。\nElle parle bien évidemment anglais, mais aussi français。
N3;一方だ (いっぽうだ);一方だ (いっぽうだ) : continuer à ~ de plus en plus;Exprime une tendance continue ou croissante (souvent négative)\nIndique qu’un changement ou une situation s’intensifie dans une direction;Verbe à la forme neutre + 一方だ;物価は上がる一方だ。\nLes prix ne cessent d’augmenter。\n最近英語を使わないので、忘れる一方で困っている。\nJe suis de plus en plus inquiet d’oublier l’anglais car je ne le pratique plus。
N3;から〜にかけて;から〜にかけて : de ~ à ~ (intervalle approximatif);Exprime une étendue approximative dans le temps ou dans l’espace (≠ から〜まで qui donne des limites claires);Nom + から + Nom + にかけて;このため、今夜から明日にかけて曇りや雨の天気でしょう。\nÀ cause de cela, le temps sera couvert ou pluvieux de ce soir à demain。\n今週末から来週にかけて大蔵大臣は中国を訪問するつもりです。\nLe ministre des finances prévoit une visite en Chine de ce week-end à la semaine prochaine。\n北海道から東北にかけて地震が発生しました。\nUn séisme a frappé de Hokkaidō à la région de Tōhoku。
N3;にかぎって;に限って : particulièrement lors de ~;S’utilise lorsqu’un événement inhabituel survient précisément dans un certain contexte, ou pour exprimer une malchance spécifique;Nom + に限って;急いでいる時に限ってバスが遅れる。\nC’est précisément quand on est pressé que le bus est en retard。\nその日に限って彼は欠席だった。\nIl était absent précisément ce jour-là。
N3;にかんして;に関して : concernant ~ / à propos de ~;Utilisé pour introduire un sujet d’étude, de discussion ou d’analyse\nPlus soutenu que について;Nom + に関して / に関する;旅行に関しては、切符を持っています。\nConcernant le voyage, j’ai les billets。\nインターネットに関する規制が強まっている。\nLes régulations concernant Internet sont renforcées。\nその問題に関して調査中です。\nNous sommes en train d’enquêter sur ce problème。
N3;にかわって;に代わって : à la place de ~ / au nom de ~;1) Remplacement concret d’une personne ou d’un objet\n2) Représentation ou action au nom de quelqu’un d’autre;Nom + に代わって / に代わり;今はタイプライターに代わってパソコンが使われている。\nLes ordinateurs sont maintenant utilisés à la place des machines à écrire。\n父に代わってご挨拶申し上げます。\nJe vous adresse mes salutations au nom de mon père。
N3;にきまっている;に決まっている : c’est forcément ~ / sans aucun doute ~;Exprime une forte certitude, souvent émotionnelle ou logique\nUtilisé à l’oral pour donner son opinion avec assurance;Forme neutre + に決まっている;彼がやったに決まっている。\nC’est sûr que c’est lui qui l’a fait。\nそんな話、嘘に決まっている。\nUne histoire pareille, c’est forcément un mensonge。
N3;にくらべて;に比べて : comparé à ~;Permet une comparaison explicite entre deux éléments\nSouvent utilisé dans des contextes objectifs ou mesurables;Nom + に比べて;去年に比べて、今年は涼しい。\nCette année est plus fraîche comparée à l’année dernière。\n兄に比べて私は背が低い。\nJe suis plus petit que mon frère。
N3;にくわえて;に加えて : en plus de ~;Permet d’ajouter une information ou un élément à une situation existante\nSouvent utilisé pour souligner une richesse ou une complexité;Nom + に加えて;雨に加えて風も強くなってきた。\nEn plus de la pluie, le vent s’est intensifié。\n彼は英語に加えてスペイン語も話せる。\nIl parle aussi espagnol en plus de l’anglais。
N3;にたいして;に対して : envers ~ / à l’égard de ~;Indique la cible ou le destinataire d’une action, d’un comportement ou d’un sentiment;Nom + に対して;先生に対して失礼な態度を取るな。\nNe sois pas impoli envers le professeur。\n政府に対する不満が高まっている。\nLe mécontentement envers le gouvernement augmente。
N3;にとって;にとって : pour ~ / du point de vue de ~;Exprime un jugement, une opinion ou une valeur en fonction d’un individu ou d’un groupe;Nom + にとって;私にとって家族は一番大切です。\nPour moi, la famille est ce qu’il y a de plus important。\n外国人にとって漢字は難しい。\nLes kanji sont difficiles pour les étrangers。
N3;につけ / につけて;につけ / につけて : chaque fois que ~ / que ce soit A ou B;1) につけ : chaque fois que ~, lié à une émotion\n2) につけ〜につけ : que ce soit A ou B, dans tous les cas…;Verbe neutre + につけ / につけて\n形容詞/名詞 + につけ + 形容詞/名詞 + につけ;彼の声を聞くにつけ、安心する。\nChaque fois que j’entends sa voix, je me sens soulagé。\n悲しいにつけ、嬉しいにつけ、彼女に話してしまう。\nQu’elle soit triste ou joyeuse, je finis toujours par lui parler。
N3;おかげで;おかげで : grâce à ~;Exprime une cause ou raison positive\nSouvent utilisée pour marquer de la gratitude (oral + écrit)\n≠ せいで qui a un sens négatif;Nom + の + おかげで / Verbe passé + おかげで;先生のおかげで合格できました。\nJ’ai pu réussir grâce au professeur。\n早く出発したおかげで、間に合った。\nGrâce à notre départ anticipé, nous sommes arrivés à temps。
N3;さえ〜ば;さえ〜ば : s’il suffit que ~, alors ~;Exprime qu’une seule condition suffit pour qu’une conséquence se produise\nSouvent équivalent à « il suffit que ~ pour que ~ »;Nom + さえ + verbe conditionnel (〜ば);名前さえ書けば参加できます。\nIl suffit d’écrire son nom pour pouvoir participer。\n静かにさえしていれば問題ない。\nTant que tu restes tranquille, il n’y aura pas de problème。
N3;せいで;せいで : à cause de ~;Exprime une cause négative ou un effet indésirable\nContraire du おかげで qui est positif;Nom + の + せいで / Verbe en た + せいで;風邪のせいで試験を受けられなかった。\nJe n’ai pas pu passer l’examen à cause du rhume。\n彼のせいで迷惑した。\nC’est à cause de lui que j’ai été embêté。
N3;たびに;たびに : chaque fois que ~;Exprime une répétition systématique d’un événement\nSouvent utilisé avec une émotion ou un souvenir associé;Verbe en forme neutre + たびに / Nom + の + たびに;この曲を聞くたびに昔を思い出す。\nChaque fois que j’entends cette chanson, je repense au passé。\n出張のたびにお土産を買う。\nÀ chaque déplacement, j’achète un souvenir。
N3;たとえ〜ても;たとえ〜ても : même si ~;Permet d’insister sur une hypothèse extrême ou une concession \nRenforce l’usage de 〜ても avec たとえ;たとえ + phrase en 〜ても;たとえ反対されても行きます。\nMême si l’on me déconseille, j’irai。\nたとえ給料が安くてもこの仕事が好きです。\nMême si le salaire est bas, j’aime ce travail。
N3;といえば;といえば : en parlant de ~ / à propos de ~;Permet d’introduire un nouveau sujet lié à celui déjà mentionné, comme une association d’idées;Nom + といえば;京都といえば、お寺が有名ですね。\nQuand on parle de Kyōto, on pense à ses temples。\n旅行といえば、今度の連休にどこ行く？\nEn parlant de voyage, tu vas où pendant les prochaines vacances？
N3;といったら;といったら : si on parle de ~, alors ~;Accentue l’étonnement ou l’intensité à propos du sujet mentionné\nSouvent utilisé pour exprimer admiration ou étonnement;Nom + といったら;彼の料理の腕前といったら、プロ以上だ。\nQuand il s'agit de son talent culinaire, il est meilleur qu'un pro。\n渋滞のひどさといったら信じられない。\nLa gravité des embouteillages était incroyable。
N3;というと;というと : à propos de ~ / quand on parle de ~;Souvent utilisé pour confirmer, préciser ou enchaîner une idée déjà évoquée;Nom + というと;お盆というと、8月15日ごろですね。\nQuand on parle d’Obon, c’est vers le 15 août, non ?\nフランス料理というと、高級なイメージがある。\nQuand on pense cuisine française, on imagine quelque chose de raffiné。
N3;ところ (に/で/へ/を);ところ (に/で/へ/を) : juste au moment où ~;Met l’accent sur le moment précis d’une action\nLe sens change légèrement selon la particule utilisée :\n- に : au moment où\n- で : pendant\n- へ : vers le lieu de l’action\n- を : action subie à ce moment;Verbe neutre / Verbe en 〜た / Verbe en 〜ている + ところ (に/で/へ/を);今出かけるところです。\nJe suis sur le point de partir maintenant。\n掃除しているところに客が来た。\nUn visiteur est arrivé pendant que je nettoyais。\n帰ったところで電話が鳴った。\nJuste après être rentré, le téléphone a sonné。
N3;とおりに / どおりに;とおりに / どおりに : comme ~ / conformément à ~;Indique que l’on agit selon un modèle, un plan ou une instruction précise;Verbe neutre + とおりに / Nom + の + とおりに;説明書のとおりに組み立ててください。\nAssemblez-le en suivant les instructions。\n先生の言ったとおりにやったら、うまくいった。\nJ’ai réussi en faisant exactement comme le professeur l’a dit。
N3;として;として : en tant que ~ / comme ~;Permet de désigner un rôle, une capacité ou une position (officielle ou informelle)\nSouvent utilisé pour parler de la fonction qu’une personne occupe;Nom + として;彼は医者として働いている。\nIl travaille en tant que médecin。\n日本代表として大会に出る。\nJe participerai au tournoi comme représentant du Japon。
N3;ついでに;ついでに : tant que j’y suis ~ / pendant que ~;Exprime qu’une action est réalisée à l’occasion d’une autre\nPeut se traduire par : pendant que ~, en profitant de ~;Verbe neutre ou en 〜た + ついでに;駅へ行くついでに、手紙を出してきて。\nEn allant à la gare, poste cette lettre。\n掃除したついでに、模様替えもした。\nJ’en ai profité pour refaire un peu l’aménagement en nettoyant。
N3;うちに;うちに : pendant que ~ / avant que ~;Exprime une action à accomplir tant qu'une condition est vraie ou avant qu’un changement n’intervienne;Verbe forme neutre ou négative + うちに;若いうちに海外旅行したい。\nJe veux voyager à l’étranger tant que je suis jeune。\n熱いうちに食べてください。\nMangez pendant que c’est chaud。
N3;〜たところ;〜たところ : juste après avoir ~ / en essayant de ~;Exprime le résultat immédiat ou inattendu d’une action accomplie;Verbe en 〜た + ところ;新製品を使ってみたところ、非常に便利だった。\nLe nouveau produit s’est révélé très pratique dès que je l’ai essayé。\nメールを送ったところ、すぐに返事が来た。\nDès que j’ai envoyé le mail, j’ai reçu une réponse。
N3;〜たとたん(に);〜たとたん(に) : juste après avoir ~, alors ~;Indique un événement soudain qui se déclenche immédiatement après une action;Verbe en 〜た + とたん(に);外に出たとたん、雨が降り出した。\nIl s’est mis à pleuvoir dès que je suis sorti。\n顔を見たとたんに泣き出した。\nElle a éclaté en sanglots dès qu’elle a vu son visage。
N3;〜て以来;〜て以来 : depuis que ~;Indique qu’un événement passé a des conséquences continues jusqu’à aujourd’hui;Verbe en 〜て + 以来;彼に会って以来、毎日が楽しい。\nDepuis que je l’ai rencontré, chaque jour est agréable。\nこの仕事を始めて以来、残業が続いている。\nDepuis que j’ai commencé ce travail, je fais tout le temps des heures sup。
N3;わけではない;わけではない : ce n’est pas que ~ / pas forcément ~;Permet de nuancer ou d’infirmer une généralisation\n≠ というわけではない qui est plus explicite;Phrase en forme neutre + わけではない;お金がほしいわけではない。\nCe n’est pas que je veux de l’argent。\n嫌いなわけではないけど、食べたくない。\nCe n’est pas que je déteste, mais je n’ai pas envie de manger。
N3;を中心に;を中心に : centré sur ~ / autour de ~;Indique que quelque chose est organisé ou construit autour d’un élément central;Nom + を中心に / を中心にして / を中心として;この店はラーメンを中心にメニューを作っている。\nCe restaurant élabore ses menus autour des ramens。\n駅を中心に開発が進んでいる。\nLes travaux avancent autour de la gare。
N3;をはじめ;をはじめ : à commencer par ~;Permet d’introduire un exemple emblématique suivi d’autres similaires;Nom + をはじめ / をはじめとする;日本には富士山をはじめ、多くの山があります。\nLe Japon compte de nombreuses montagnes, à commencer par le mont Fuji。\n先生をはじめ多くの方々にお世話になりました。\nJ’ai été aidé par beaucoup de gens, à commencer par mon professeur。
N3;をぬきにして;をぬきにして : sans ~ / en écartant ~;Exprime l’idée que l’on fait abstraction de quelque chose volontairement;Nom + をぬきにして / はぬきにして;冗談を抜きにして、まじめに話そう。\nSérieusement, parlons sans blague。\nこの料理はにんにく抜きにしてください。\nMerci d’enlever l’ail de ce plat。
N3;ように;ように : comme ~ / pour que ~;Peut exprimer soit une comparaison (comme ~), soit un but ou une consigne douce (pour que ~);Verbe forme neutre ou potentielle + ように / Nom + の + ように;忘れないようにメモしてください。\nNote-le pour ne pas oublier。\n氷のように冷たい。\nFroid comme la glace。\n先生の言うようにしなさい。\nFais comme dit le professeur。
N3;ようがない;ようがない : il n’y a pas moyen de ~;Exprime qu’il est objectivement impossible de faire quelque chose, ou qu’aucune solution n’est envisageable;Verbe en ます sans ます + ようがない / ようもない;木村さんの連絡先がないので、連絡しようがない。\nIl est impossible de contacter M. Kimura car je n’ai aucun moyen de le joindre。\n質問の意味が分からなくて、答えようがなかった。\nJe ne pouvais pas répondre car je ne comprenais pas la question。\n彼らの行動は言い訳しようがない。\nLeur comportement est inexcusable。
N3;こそ;こそ : particule de thème accentué;Particule utilisée comme は pour marquer le thème, mais avec une mise en avant plus forte\nElle indique que “c’est précisément cela” qui est concerné;Nom + こそ;今度こそは私が正しい。\nCette fois-ci, c’est moi qui ai raison。\nその戦争こそが日本を変えた。\nC’est cette guerre précisément qui a changé le Japon。
N3;かわりに;かわりに : à la place de ~ / en compensation de ~;1) Remplacement d’une personne ou chose\n2) Compensation ou échange entre deux éléments\nEmployé pour équilibrer deux actions/situations;1) Verbe neutre + かわりに / Nom + の + かわりに\n2) Adjectif ou nom + である + かわりに;彼のかわりにぼくに行かせて下さい。\nLaissez-moi y aller à sa place。\n働きに出るかわりに一日中家にいた。\nJe suis resté chez moi toute la journée à la place d’aller travailler。\n勉強を見てあげるかわりにお願いがある。\nJ’ai un service à te demander en échange du fait de t’avoir aidé。
N3;くせに;くせに : bien que ~ (ton critique ou méprisant);Exprime une contradiction avec un ton de reproche, critique ou agacement\n≠ のに qui est plus neutre\nNe s’utilise pas pour parler de soi;Verbe neutre / adj. / nom + の + くせに;彼は金持ちのくせにケチだ。\nBien qu’il soit riche, il est radin。\n知っているくせに、教えてくれない。\nBien qu’il sache, il ne me dit rien。\n下手なくせにカラオケが好き。\nIl adore le karaoké alors qu’il chante mal。
N3;もの;もの : parce que ~ / justification;Utilisé à l’oral, souvent par les femmes ou les enfants, pour justifier une action ou une émotion\nPlus informel que から ou ので\nVersion enfantine : もん;Verbe ou adjectif neutre + もの / nom + な + もの;「一人で行けるの？」「うん、大丈夫、地図を持ってるもの」\n– Tu peux y aller seule ? – Oui, j’ai une carte, t’en fais pas。\n電話は明日にした方がいいよ、もう遅いもの。\nJe préfère appeler demain, il est déjà tard tu sais。
N3;ようがない;ようがない : il n’y a pas moyen de ~;Exprime qu’il est objectivement impossible de faire quelque chose, ou qu’aucune solution n’est envisageable;Verbe en ます sans ます + ようがない / ようもない;木村さんの連絡先がないので、連絡しようがない。\nIl est impossible de contacter M. Kimura car je n’ai aucun moyen de le joindre。\n質問の意味が分からなくて、答えようがなかった。\nJe ne pouvais pas répondre car je ne comprenais pas la question。\n彼らの行動は言い訳しようがない。\nLeur comportement est inexcusable。
N3;こそ;こそ : particule de thème accentué;Particule utilisée comme は pour marquer le thème, mais avec une mise en avant plus forte\nElle indique que “c’est précisément cela” qui est concerné;Nom + こそ;今度こそは私が正しい。\nCette fois-ci, c’est moi qui ai raison。\nその戦争こそが日本を変えた。\nC’est cette guerre précisément qui a changé le Japon。
N3;かわりに;かわりに : à la place de ~ / en compensation de ~;1) Remplacement d’une personne ou chose\n2) Compensation ou échange entre deux éléments\nEmployé pour équilibrer deux actions/situations;1) Verbe neutre + かわりに / Nom + の + かわりに\n2) Adjectif ou nom + である + かわりに;彼のかわりにぼくに行かせて下さい。\nLaissez-moi y aller à sa place。\n働きに出るかわりに一日中家にいた。\nJe suis resté chez moi toute la journée à la place d’aller travailler。\n勉強を見てあげるかわりにお願いがある。\nJ’ai un service à te demander en échange du fait de t’avoir aidé。
N3;くせに;くせに : bien que ~ (ton critique ou méprisant);Exprime une contradiction avec un ton de reproche, critique ou agacement\n≠ のに qui est plus neutre\nNe s’utilise pas pour parler de soi;Verbe neutre / adj. / nom + の + くせに;彼は金持ちのくせにケチだ。\nBien qu’il soit riche, il est radin。\n知っているくせに、教えてくれない。\nBien qu’il sache, il ne me dit rien。\n下手なくせにカラオケが好き。\nIl adore le karaoké alors qu’il chante mal。
N3;もの;もの : parce que ~ / justification;Utilisé à l’oral, souvent par les femmes ou les enfants, pour justifier une action ou une émotion\nPlus informel que から ou ので\nVersion enfantine : もん;Verbe ou adjectif neutre + もの / nom + な + もの;「一人で行けるの？」「うん、大丈夫、地図を持ってるもの」\n– Tu peux y aller seule ? – Oui, j’ai une carte, t’en fais pas。\n電話は明日にした方がいいよ、もう遅いもの。\nJe préfère appeler demain, il est déjà tard tu sais。
N3;にくらべて;に比べて : comparé à ~;Permet de faire une comparaison explicite entre deux éléments\nUtilisé dans des contextes neutres ou descriptifs;Nom + に比べて;去年に比べて、今年の夏は涼しい。\nCet été est plus frais comparé à l’an dernier。\n兄に比べて、私は背が低い。\nJe suis plus petit que mon frère。
N3;にくわえて;に加えて : en plus de ~;Permet d’ajouter un élément à une situation ou une liste\n≠ だけでなく qui introduit une opposition;Nom + に加えて;雨に加えて風も強くなってきた。\nLe vent s’est renforcé en plus de la pluie。\n彼は英語に加えてスペイン語も話せる。\nIl parle l’espagnol en plus de l’anglais。
N3;にたいして;に対して : envers ~ / à propos de ~;Indique la cible d’un sentiment, d’une action ou d’une opinion\n≠ にとって qui exprime un point de vue;Nom + に対して;先生に対して失礼な態度を取るな。\nNe sois pas impoli envers ton professeur。\n政府に対する批判が高まっている。\nLes critiques envers le gouvernement augmentent。
N3;にとって;にとって : pour ~ / du point de vue de ~;Exprime une évaluation ou opinion depuis une perspective spécifique\nUtilisé pour des jugements personnels ou affectifs;Nom + にとって;私にとって家族は一番大切です。\nPour moi, la famille est ce qu’il y a de plus important。\nこの決定は市民にとって非常に重要です。\nCette décision est très importante pour les citoyens。
N3;につけ;につけ : chaque fois que ~ / que ce soit ~ ou ~;1. Quand utilisé seul : chaque fois que (émotion, souvenir)\n2. Avec structure doublée : que ce soit A ou B, dans tous les cas;Verbe neutre + につけ / adj. + につけ + adj. + につけ;彼の話を聞くにつけ、涙が出そうになる。\nChaque fois que j’entends son histoire, j’en ai presque les larmes aux yeux。\n悲しいにつけ、嬉しいにつけ、彼を思い出す。\nQue ce soit dans la tristesse ou la joie, je pense à lui。
N3;おかげで;おかげで : grâce à ~;Exprime une cause positive ou une gratitude envers une personne ou une circonstance\n≠ せいで (cause négative)\nSouvent utilisé à l’oral ou pour remercier quelqu’un indirectement;Nom + の + おかげで / Verbe passé + おかげで;彼のおかげで就職できた。\nJ’ai pu trouver du travail grâce à lui。\n努力したおかげで合格できた。\nJ’ai réussi grâce à mes efforts。\n両親のおかげで今の私がいる。\nJe suis ce que je suis aujourd’hui grâce à mes parents。
N3;さえ〜ば;さえ〜ば : s’il suffit que ~, alors ~;Exprime qu’une condition minimale suffit à produire un résultat\n≠ ばかりか qui rajoute un élément inattendu\nUtilisé aussi pour exprimer une exigence simple;Nom + さえ + verbe ou forme conditionnelle (ば / たら);名前さえ書けば入場できます。\nTu peux entrer simplement en inscrivant ton nom。\n静かにさえしていれば問題ない。\nIl n’y a pas de souci tant que tu restes calme。
N3;せいで;せいで : à cause de ~;Exprime une cause négative ou un effet indésirable\nSouvent à l’écrit ou pour expliquer une conséquence regrettable;Nom + の + せいで / Verbe passé + せいで;風邪のせいで試験を受けられなかった。\nJe n’ai pas pu passer l’examen à cause de mon rhume。\n彼のせいで迷惑した。\nC’est à cause de lui que j’ai eu des ennuis。
N3;たびに;たびに : chaque fois que ~;Exprime qu’un événement se reproduit à chaque occurrence d’un autre\nSimilaire à 度 (たび)\nSouvent avec émotions, souvenirs, répétitions marquées;Verbe neutre + たびに / Nom + の + たびに;彼に会うたびにドキドキする。\nJ’ai le cœur qui bat à chaque fois que je le vois。\n旅行のたびに写真を撮る。\nJe prends des photos à chaque voyage。
N3;たとえ〜ても;たとえ〜ても : même si ~;Exprime une hypothèse extrême ou une concession forte\nAjoute de l’emphase à 〜ても avec le mot たとえ;たとえ + phrase avec 〜ても / 〜でも;たとえ反対されても、私は行く。\nMême si on s’y oppose, j’irai。\nたとえ雨でも出かけるつもりです。\nMême s’il pleut, je compte sortir。
N3;といえば;といえば : en parlant de ~ / à propos de ~;Permet de rebondir sur un sujet en lien avec ce qui vient d’être évoqué\nSouvent utilisé pour introduire une digression ou un souvenir associé;Nom + といえば;旅行といえば、沖縄に行ってみたい。\nEn parlant de voyages, j’aimerais aller à Okinawa。\n秋といえば紅葉がきれいですね。\nEn automne, les feuilles sont magnifiques。
N3;といったら;といったら : si on parle de ~, alors c’est ~;Exprime l’étonnement ou l’intensité émotionnelle liée à un sujet\nForme emphatique utilisée pour souligner un cas remarquable;Nom + といったら;富士山の美しさといったら、言葉にできない。\nLa beauté du mont Fuji est indescriptible。\nその時の驚きといったらなかった。\nJ’étais profondément stupéfait à ce moment-là。
N3;というと;というと : à propos de ~ / quand on dit ~;Permet de confirmer une compréhension ou d’introduire une clarification\nSouvent utilisé avec des noms propres, thèmes ou concepts;Nom + というと;お盆というと、8月の祭りですね。\nQuand on parle d’Obon, c’est la fête d’août, non ?\nアニメというと、君は何が好き？\nEn parlant d’anime, qu’aimes-tu？
N3;ところ (に/で/へ/を);ところ : moment précis d’une action;Met en relief le timing exact d’un événement : juste avant, pendant ou juste après\nLes particules modifient légèrement la nuance :\n- に : au moment où\n- で : pendant\n- を : pendant que… (subi une action)\n- へ : vers le moment de...;Verbe en 〜た / neutre / 〜ている + ところ (に/で/を/へ);今出かけるところです。\nJe m’apprête à sortir maintenant。\n掃除しているところに友達が来た。\nUn ami est arrivé pendant que je nettoyais。\n帰ったところで電話が鳴った。\nLe téléphone a sonné juste après que je sois rentré。
N3;とおりに / どおりに;とおりに / どおりに : comme ~ / conformément à ~;Exprime qu’une action est réalisée exactement comme un modèle ou une consigne\n≠ ように qui est plus suggestif ou objectif;Verbe forme neutre + とおりに / Nom + の + とおりに;先生の言ったとおりにやったら、成功した。\nJ’ai réussi en faisant exactement ce que le professeur m’a dit。\n地図のとおりに歩いた。\nJ’ai suivi le plan à la lettre。
N3;として;として : en tant que ~ / comme ~;Désigne le rôle, le statut ou la fonction d’une personne ou d’un objet\nUtilisé pour officialiser une position ou caractéristique;Nom + として;彼は医者として働いている。\nIl travaille comme médecin。\n日本代表として試合に出た。\nJ’ai participé au match en tant que représentant du Japon。
N3;ついでに;ついでに : en profitant de ~ / pendant que ~;Utilisé pour accomplir une action secondaire à l’occasion d’une autre\nSouvent utile pour exprimer une intention ou une corvée opportuniste;Verbe en forme neutre ou 〜た + ついでに;出張のついでに京都に寄った。\nJe suis passé par Kyōto pendant mon déplacement professionnel。\n郵便局に行くついでに、ケーキを買ってきて。\nAchète un gâteau pendant que tu vas à la poste。
N3;うちに;うちに : pendant que ~ / avant que ~;Exprime qu’une action doit se produire pendant une période où une condition est encore vraie (jeunesse, météo, chaleur…)\nSuggère que le temps est limité;Verbe forme neutre ou négative + うちに;若いうちに海外に行った方がいい。\nIl vaut mieux voyager à l’étranger pendant qu’on est jeune。\nアイスが溶けないうちに食べて。\nMange ta glace avant qu’elle fonde。
N3;〜たところ;〜たところ : après avoir ~ / en essayant de ~;Exprime le résultat immédiat d’une action accomplie\nSouvent utilisé pour faire part d’une surprise ou d’une découverte;Verbe en 〜た + ところ;新製品を使ってみたところ、とても便利だった。\nJ’ai testé le nouveau produit, et il s’est révélé très pratique。\n問い合わせたところ、すでに売り切れだった。\nAprès avoir demandé, j’ai découvert que c’était déjà épuisé。
N3;〜たとたん(に);〜たとたん(に) : aussitôt que ~ / dès que ~;Exprime un événement qui se déclenche subitement juste après une autre action\nSouvent inattendu ou involontaire;Verbe en 〜た + とたん(に);ドアを開けたとたん、猫が飛び出した。\nAussitôt que j’ai ouvert la porte, un chat a bondi dehors。\n立ち上がったとたん、めまいがした。\nDès que je me suis levé, j’ai eu la tête qui tourne。
N3;〜て以来;〜て以来 : depuis que ~;Indique qu’un événement passé a une influence ou une continuité jusqu’au présent\nSouvent utilisé pour des expériences, rencontres ou débuts marquants;Verbe en 〜て + 以来;彼に会って以来、毎日が楽しい。\nDepuis que je l’ai rencontré, chaque jour est joyeux。\nこの仕事を始めて以来、残業が続いている。\nDepuis que j’ai commencé ce boulot, je fais des heures sup non-stop。
N3;〜わけではない;〜わけではない : ce n’est pas que ~ / pas nécessairement ~;Permet de nuancer une affirmation trop absolue\n≠ というわけではない qui insiste sur la source de la conclusion;Forme neutre + わけではない;嫌いなわけではないが、食べたくない。\nCe n’est pas que je n’aime pas, je n’ai juste pas envie d’en manger。\nお金があるわけではない。\nCe n’est pas comme si j’avais de l’argent。
N3;〜を中心に;〜を中心に : autour de ~ / centré sur ~;Exprime que quelque chose s’organise autour d’un thème, d’un lieu ou d’un élément principal;Nom + を中心に;この町は駅を中心に発展してきた。\nCette ville s’est développée autour de la gare。\n学生を中心にイベントが企画された。\nL’événement a été organisé autour des étudiants。
N3;〜をはじめ;〜をはじめ : à commencer par ~;Met l’accent sur un premier élément représentatif suivi d’autres\nTrès fréquent dans les discours formels ou descriptifs;Nom + をはじめ / をはじめとする;富士山をはじめ、多くの名所がある。\nIl y a de nombreux sites célèbres, à commencer par le Mont Fuji。\n先生をはじめ、たくさんの人に感謝しています。\nJe remercie beaucoup de gens, à commencer par mon professeur。
N3;〜をぬきにして;〜をぬきにして : sans ~ / en mettant de côté ~;Utilisé pour exprimer qu’on ne peut ignorer ou exclure un élément, ou qu’on le met volontairement de côté dans un raisonnement ou une action;Nom + をぬきにして / はぬきにして;彼をぬきにして、このプロジェクトは語れない。\nOn ne peut pas parler de ce projet sans lui。\n冗談はぬきにして真面目に話そう。\nParlons sérieusement, sans plaisanter。
N3;〜ように;〜ように : comme ~ / afin de ~;1. Sert à exprimer un objectif ou une intention (afin que ~)\n2. Sert à faire une comparaison douce (comme ~)\nSouvent utilisé avec des formes potentielles ou négatives;Verbe forme neutre / potentielle / négative + ように;忘れないようにメモしておこう。\nJe vais prendre une note pour ne pas oublier。\n風のように走った。\nJ’ai couru comme le vent。\n先生の言うようにやりなさい。\nFais comme le professeur te dit。
N3;〜ようがない;〜ようがない : il n’y a aucun moyen de ~;Exprime qu’il est objectivement impossible d’accomplir une action, faute de moyen, d'information ou de condition;Verbe en ます sans ます + ようがない / ようもない;その答えは想像しようがない。\nImpossible d’imaginer cette réponse。\n木村さんの連絡先がないので、連絡しようがない。\nJe ne peux pas contacter M. Kimura car je n’ai aucun moyen。\n彼の行動は許しようがない。\nSon comportement est inexcusable。
N3;〜わけがない;〜わけがない : il est impossible que ~;Affirme de manière catégorique qu’une chose n’est absolument pas possible\nPeut exprimer une indignation ou un rejet logique;Phrase neutre + わけがない;彼がそんなことをするわけがない。\nIl est impossible qu’il fasse une chose pareille。\nこの値段で本物なわけがない。\nÀ ce prix-là, ce ne peut pas être un original。
N3;〜わけにはいかない;〜わけにはいかない : je ne peux pas me permettre de ~;Exprime une contrainte morale, sociale ou contextuelle qui empêche une action\nMême si elle est possible techniquement, elle est impensable dans le contexte;Verbe à la forme neutre + わけにはいかない;試験があるので、遊ぶわけにはいかない。\nJe ne peux pas me permettre de m’amuser, j’ai un examen。\n助けを求められたら、無視するわけにはいかない。\nJe ne peux pas ignorer quelqu’un qui demande de l’aide。
N3;〜も〜ば〜も;〜も〜ば〜も : à la fois ~ et ~ / aussi bien ~ que ~;Permet de montrer deux éléments partageant une même caractéristique ou condition\nUtilise une structure conditionnelle ou descriptive répétée avec も;Nom / adj. / verbe + も + conditionnel + autre + も;この町は景色もよければ、食べ物もおいしい。\nCette ville a à la fois de beaux paysages et de la bonne nourriture。\n彼は勉強もすれば運動もできる。\nIl est bon en études comme en sport。
N3;〜やら〜やら;〜やら〜やら : entre ~ et ~ / ~ ou ~;Exprime une énumération non exhaustive, souvent dans le désordre ou avec une émotion confuse\nPeut contenir des noms, verbes ou adjectifs;Nom / verbe / adj. + やら + やら;旅行の準備で、買い物やら手続きやらで忙しい。\nJe suis débordé avec les préparatifs du voyage : courses, formalités, etc。\n嬉しいやら恥ずかしいやらで、何も言えなかった。\nEntre la joie et la gêne, je n’ai rien pu dire。
N3;〜か〜ないかのうちに;〜か〜ないかのうちに : à peine ~ que déjà ~;Exprime qu’une action B se produit presque simultanément avec A (voire immédiatement après)\nTrès proche de 〜とたん;Verbe neutre + か + forme négative + かのうちに;ベルが鳴るか鳴らないかのうちに、生徒が教室を出た。\nÀ peine la cloche a-t-elle sonné que les élèves ont quitté la salle。\n雨が降り出すか出さないかのうちに、雷が鳴った。\nIl a tonné presque aussitôt que la pluie a commencé。
N3;〜ざるを得ない;〜ざるを得ない : ne pas avoir d’autre choix que de ~;Exprime une contrainte ou une obligation contre sa volonté\nUtilisé quand on n’a pas d’alternative raisonnable;Verbe en forme ない remplacé par ざるを得ない (する devient せざるを得ない);状況が状況だから、延期せざるを得ない。\nVu les circonstances, on n’a pas d’autre choix que de repousser。\n彼の話を聞いて、認めざるを得なかった。\nAprès avoir entendu son histoire, je n’ai pas pu m’empêcher de le reconnaître。
N3;〜を通じて / 〜を通して;〜を通じて / 〜を通して : à travers ~ / via ~ / tout au long de ~;Peut exprimer :\n① un moyen ou canal (via ~)\n② une durée complète (tout au long de ~);Nom + を通じて / を通して;先生を通して連絡があった。\nJ’ai reçu des nouvelles via le professeur。\n一年を通じてこの地域は温暖な気候です。\nCette région est tempérée tout au long de l’année。
N3;〜を問わず;〜を問わず : quel que soit ~ / sans distinction de ~;Exprime que quelque chose s’applique indépendamment d’une condition (âge, sexe, nationalité…)\nSouvent utilisé dans les annonces officielles ou descriptions larges;Nom + を問わず;経験を問わず募集します。\nNous recrutons quel que soit votre niveau d’expérience。\n天候を問わずイベントは開催されます。\nL’événement aura lieu quelles que soient les conditions météo。
N3;〜をもとにして;〜をもとにして : en se basant sur ~;Exprime que quelque chose est créé ou dérivé à partir d’une base réelle (idée, fait, expérience)\nSouvent utilisé dans les contextes de création ou de réflexion;Nom + をもとにして / をもとに;この映画は実際の事件をもとにして作られた。\nCe film est basé sur une affaire réelle。\n経験をもとにアドバイスする。\nJe donne des conseils fondés sur mon expérience。
N3;〜をめぐって;〜をめぐって : autour de ~ (conflit ou débat);Indique qu’un débat, un conflit ou une controverse a lieu à propos de quelque chose\n≠ に関して qui est plus neutre;Nom + をめぐって / をめぐる;教育制度をめぐって議論が続いている。\nLe débat sur le système éducatif continue。\n彼の死をめぐって様々な噂が流れている。\nBeaucoup de rumeurs circulent autour de sa mort。
N3;〜を込めて;〜を込めて : avec ~ (émotion, intention);Exprime qu’une intention, un sentiment ou une énergie est « mise dans » quelque chose : cadeau, lettre, action…;Nom + を込めて;感謝の気持ちを込めて手紙を書いた。\nJ’ai écrit cette lettre avec gratitude。\n愛情を込めて作った料理です。\nC’est un plat préparé avec amour。
N3;〜をきっかけにして;〜をきっかけにして : à l’occasion de ~ / suite à ~;Exprime le déclenchement d’un changement, comportement ou décision à partir d’un événement ou d’une opportunité;Nom + をきっかけに / にして / に;留学をきっかけに自立した。\nJ’ai pris mon indépendance grâce à mon échange à l’étranger。\n事故をきっかけに安全対策が見直された。\nL’accident a mené à une révision des mesures de sécurité。
N3;〜割に;〜割に : en dépit de ~ / relativement ~;Exprime un écart entre ce qu’on pourrait attendre et la réalité observée\nSouvent utilisé pour marquer une surprise ou une évaluation nuancée;Nom / Adj. / Verbe + の / な / い + 割に;年の割に元気だ。\nIl est en forme pour son âge。\n勉強した割に成績がよくない。\nJe n’ai pas eu de bons résultats malgré mes révisions。\n値段の割においしい。\nC’est bon compte tenu du prix。
N3;〜ことから;〜ことから : étant donné que ~ / à cause de ~;Exprime une cause ou un fondement d’explication\nSouvent utilisé pour expliquer une décision ou un surnom;Forme neutre + ことから;声が大きいことから、彼のあだ名は「スピーカー」だ。\nÀ cause de sa voix forte, on le surnomme “haut-parleur”。\n事故があったことから、その道は閉鎖された。\nLa route a été fermée à cause de l’accident。
N3;〜際に;〜際に : lors de ~ (formel);Forme polie équivalente à とき\nUtilisé dans des documents, annonces ou discours officiels;Nom + の際に / Verbe neutre + 際に;ご利用の際には、身分証をご提示ください。\nVeuillez présenter une pièce d’identité lors de l’utilisation。\n面接の際には、履歴書をご持参ください。\nMerci d’apporter votre CV lors de l’entretien。
N3;〜最中に;〜最中に : en plein milieu de ~ / alors que ~;Souligne qu’une action ou un événement inattendu se produit pendant quelque chose en cours;Nom + の最中に / Verbe en 〜ている + 最中に;会議の最中に電話が鳴った。\nLe téléphone a sonné en pleine réunion。\n料理の最中に宅配便が来た。\nLe livreur est arrivé pendant que je cuisinais。
N3;〜次第で;〜次第で : selon ~ / en fonction de ~;Exprime que le résultat dépend ou change selon la chose mentionnée\n≠ 次第に qui exprime la progression;Nom + 次第で / 次第では;"成功するかどうかは君の努力次第だ。\nTa réussite dépend de tes efforts。\n考え方次第で人生が変わる。\nLa vie change selon notre façon de penser。""N3"
N3;〜を契機にして;〜を契機にして : à l’occasion de ~ (formel);Forme plus formelle et institutionnelle de 〜をきっかけに\nSouvent utilisé dans le langage administratif ou médiatique;Nom + を契機に / を契機として;合併を契機に組織が再編された。\nLa fusion a conduit à une réorganisation de la structure。\n不況を契機に経費が削減された。\nLa crise a provoqué une réduction des dépenses。
N3;〜しかない;〜しかない : il ne reste plus que ~ / on n’a pas d’autre choix que ~;Exprime l’absence d’alternative raisonnable\nUtilisé lorsqu’une seule option semble possible ou acceptable dans un contexte donné;Verbe forme neutre + しかない;終電が行ってしまったから、歩くしかない。\nLe dernier train est parti, donc je n’ai plus qu’à marcher。\nこの問題は彼に頼るしかない。\nOn ne peut plus que s’en remettre à lui。
N3;〜末に (すえに);〜末に (すえに) : après avoir longuement ~;Indique qu’une décision ou un résultat survient après de longues hésitations, efforts ou événements\nSouligne un processus long qui aboutit à une conclusion;Verbe en 〜た + 末に / Nom + の + 末に;何度も話し合った末に、別れることにした。\nAprès de longues discussions, ils ont décidé de se séparer。\n悩んだ末に、この大学に決めた。\nAprès avoir beaucoup hésité, j’ai choisi cette université。
N3;〜といっても;〜といっても : même si on dit que ~ / mais en réalité ~;Permet de nuancer ou corriger une affirmation qui pourrait sembler trop forte ou absolue;Phrase A + といっても + correction B;料理が得意といっても、簡単なものだけ作れます。\nMême si je dis que je cuisine bien, je ne fais que des plats simples。\n旅行といっても、近所の温泉に行っただけだ。\nQuand je dis que j’ai voyagé, c’était juste un onsen du coin。
N3;〜ということだ;〜ということだ : on dit que ~ / cela signifie que ~;① Sert à rapporter une information ou rumeur (≒ 〜そうだ)\n② Permet de tirer une conclusion ou de reformuler ce qui précède;Forme neutre + ということだ;彼は来週から出張するということだ。\nOn dit qu’il part en déplacement la semaine prochaine。\nつまり、試験は中止ということですね。\nEn d’autres termes, l’examen est annulé, n’est-ce pas。
N3;〜というものだ;〜というものだ : c’est ~ (jugement évident);Exprime une opinion partagée ou un jugement de bon sens\n≠ ということだ qui est plus neutre et descriptif;Phrase complète + というものだ;練習しなければ上達しないのは当然というものだ。\nIl est logique qu’on ne progresse pas sans entraînement。\n他人の物を勝手に使うなんて、失礼というものだ。\nUtiliser les affaires des autres sans permission est carrément impoli。
N3;〜上に;〜上に : en plus de ~ / non seulement ~ mais aussi ~;Exprime l’accumulation de deux éléments (souvent négatifs, mais parfois positifs selon le contexte)\nSouligne que la deuxième situation vient renforcer la première;Phrase neutre / Adj. な + な / Nom + である + 上に;彼は無責任な上にうそをつく。\nEn plus d’être irresponsable, il ment。\nこのレストランは味が良い上に値段も安い。\nCe restaurant est à la fois bon et peu cher。
N3;〜ば〜ほど;〜ば〜ほど : plus ~, plus ~;Exprime une corrélation proportionnelle entre deux phénomènes ou intensités\nForme typique “plus on A, plus on B”;Verbe / adj. conditionnel + ほど;見れば見るほど好きになる。\nPlus je regarde, plus j’aime。\n寒ければ寒いほど空気が澄んでいる。\nPlus il fait froid, plus l’air est pur。
N3;〜ないで / 〜ずに + はいられない;〜ないで / 〜ずに + はいられない : ne pas pouvoir s’empêcher de ~;Exprime une impulsion émotionnelle irrésistible ou une compulsion incontrôlable;Verbe en 〜ない / 〜ずに + はいられない;彼の話を聞いて、泣かないではいられなかった。\nEn entendant son histoire
N3;〜上に;〜上に : en plus de ~ / non seulement ~ mais aussi ~;Exprime l’accumulation de deux éléments (souvent négatifs, mais parfois positifs selon le contexte)\nSouligne que la deuxième situation vient renforcer la première;Phrase neutre / Adj. な + な / Nom + である + 上に;彼は無責任な上にうそをつく。\nEn plus d’être irresponsable, il ment。\nこのレストランは味が良い上に値段も安い。\nCe restaurant est à la fois bon et peu cher。
N3;〜ば〜ほど;〜ば〜ほど : plus ~, plus ~;Exprime une corrélation proportionnelle entre deux phénomènes ou intensités\nForme typique “plus on A, plus on B”;Verbe / adj. conditionnel + ほど;見れば見るほど好きになる。\nPlus je regarde, plus j’aime。\n寒ければ寒いほど空気が澄んでいる。\nPlus il fait froid, plus l’air est pur。
N3;〜ないで / 〜ずに + はいられない;〜ないで / 〜ずに + はいられない : ne pas pouvoir s’empêcher de ~;Exprime une impulsion émotionnelle irrésistible ou une compulsion incontrôlable;Verbe en 〜ない / 〜ずに + はいられない;彼の話を聞いて、泣かないではいられなかった。\nEn entendant son histoire, je n’ai pas pu m’empêcher de pleurer。\n将来のことを考えずにはいられない。\nJe ne peux m’empêcher de penser à mon avenir。
N3;〜たきり;〜たきり : depuis que ~, plus jamais ~;Indique qu’une action s’est produite une fois et qu’aucune suite ne s’est produite depuis\nSouvent avec un ton d’abandon ou de regret;Verbe en 〜た + きり;彼は出かけたきり戻ってこない。\nIl est parti et n’est jamais revenu。\nあの人には１０年前に会ったきりだ。\nJe ne l’ai pas revu depuis il y a dix ans。
N3;〜てはじめて;〜てはじめて : ce n’est qu’après ~ que ~;Souligne que ce n’est qu’à travers une expérience vécue qu’on réalise ou comprend quelque chose;Verbe en 〜て + はじめて;病気になってはじめて健康の大切さがわかった。\nCe n’est qu’en étant malade que j’ai compris l’importance de la santé。\n日本に来てはじめて本場のラーメンを食べた。\nCe n’est qu’en venant au Japon que j’ai goûté un vrai ramen。
N3;〜上に;〜上に : en plus de ~ / non seulement ~ mais aussi ~;Exprime l’accumulation de deux éléments (souvent négatifs, mais parfois positifs selon le contexte)\nSouligne que la deuxième situation vient renforcer la première;Phrase neutre / Adj. な + な / Nom + である + 上に;彼は無責任な上にうそをつく。\nEn plus d’être irresponsable, il ment。\nこのレストランは味が良い上に値段も安い。\nCe restaurant est à la fois bon et peu cher。
N3;〜ば〜ほど;〜ば〜ほど : plus ~, plus ~;Exprime une corrélation proportionnelle entre deux phénomènes ou intensités\nForme typique “plus on A, plus on B”;Verbe / adj. conditionnel + ほど;見れば見るほど好きになる。\nPlus je regarde, plus j’aime。\n寒ければ寒いほど空気が澄んでいる。\nPlus il fait froid, plus l’air est pur。
N3;〜ないで / 〜ずに + はいられない;〜ないで / 〜ずに + はいられない : ne pas pouvoir s’empêcher de ~;Exprime une impulsion émotionnelle irrésistible ou une compulsion incontrôlable;Verbe en 〜ない / 〜ずに + はいられない;彼の話を聞いて、泣かないではいられなかった。\nEn entendant son histoire, je n’ai pas pu m’empêcher de pleurer。\n将来のことを考えずにはいられない。\nJe ne peux m’empêcher de penser à mon avenir。
N3;〜たきり;〜たきり : depuis que ~, plus jamais ~;Indique qu’une action s’est produite une fois et qu’aucune suite ne s’est produite depuis\nSouvent avec un ton d’abandon ou de regret;Verbe en 〜た + きり;彼は出かけたきり戻ってこない。\nIl est parti et n’est jamais revenu。\nあの人には１０年前に会ったきりだ。\nJe ne l’ai pas revu depuis il y a dix ans。
N3;〜てはじめて;〜てはじめて : ce n’est qu’après ~ que ~;Souligne que ce n’est qu’à travers une expérience vécue qu’on réalise ou comprend quelque chose;Verbe en 〜て + はじめて;病気になってはじめて健康の大切さがわかった。\nCe n’est qu’en étant malade que j’ai compris l’importance de la santé。\n日本に来てはじめて本場のラーメンを食べた。\nCe n’est qu’en venant au Japon que j’ai goûté un vrai ramen。
N3;〜にかけては;〜にかけては : quand il s’agit de ~, dans le domaine de ~;Exprime une compétence ou aptitude exceptionnelle dans un domaine spécifique\nMet en valeur une supériorité thématique;Nom + にかけては;彼は料理にかけてはプロ並みだ。\nEn cuisine, il est au niveau d’un pro。\n日本史にかけては誰にも負けない。\nEn histoire japonaise, il est imbattable。
N3;〜に先立って;〜に先立って : avant de ~ / en amont de ~;Forme formelle utilisée pour exprimer qu’une action précède une autre\n≠ 前に qui est plus courant dans la vie quotidienne;Nom + に先立って / に先立ち;出発に先立って確認を行います。\nOn procède à une vérification avant le départ。\n新製品の発売に先立ち、発表会が行われた。\nUne conférence a eu lieu avant la sortie du nouveau produit。
N3;〜にほかならない;〜にほかならない : rien d’autre que ~ / c’est tout simplement ~;Met l’accent sur l’évidence ou la seule conclusion logique\nFormule formelle pour exprimer une certitude ou une explication directe;Nom / Phrase + にほかならない;成功の秘訣は努力にほかならない。\nLe secret du succès, c’est tout simplement l’effort。\nそれは彼の責任にほかならない。\nC’est rien d’autre que sa responsabilité。
N3;〜に応じて;〜に応じて : selon ~ / en fonction de ~;Exprime que quelque chose varie ou s’adapte à une situation, capacité ou besoin spécifique;Nom + に応じて / に応じた;年齢に応じて運動量を調整する。\nAdapter l’activité physique selon l’âge。\n状況に応じた対応が求められる。\nUne réponse adaptée à la situation est requise。
N3;〜にかかわらず;〜にかかわらず : peu importe ~ / indépendamment de ~;Exprime une absence de distinction ou d’effet d’une condition sur l’action\nSouvent utilisé dans les consignes ou annonces;Nom / Forme en 〜かどうか + にかかわらず;天候にかかわらず、試合は行われます。\nLe match aura lieu quelle que soit la météo。\n性別にかかわらず応募できます。\nTout le monde peut postuler, peu importe le genre。
N3;〜につき;〜につき : en raison de ~ / à cause de ~ (formel);Formule très formelle utilisée surtout dans les annonces, panneaux, ou avis publics\n≠ ので / から qui sont plus courants au quotidien;Nom + につき;本日は祝日につき、休業いたします。\nFermé aujourd’hui en raison d’un jour férié。\n工事中につき、ご協力お願いします。\nMerci de votre compréhension, travaux en cours。
N3;〜にしては;〜にしては : pour ~ / alors que ~ (surprise);Exprime une évaluation inattendue par rapport à ce que l’on pourrait attendre du sujet\n≠ にとって qui exprime un point de vue;Nom + にしては / Verbe + にしては;初めてにしては上手ですね。\nC’est très bon pour une première fois。\n子供にしてはよく考えられている。\nC’est bien réfléchi pour un enfant。
N3;〜にしても;〜にしても : même si ~ / quand bien même ~;Exprime une concession ou réserve en admettant temporairement un fait\n≠ 〜ても qui est moins nuancé\nUtilisé pour introduire un contre-argument ou modération;Phrase neutre + にしても;行かないにしても、連絡ぐらいして。\nMême si tu n’y vas pas, au moins préviens。\n忙しいにしても、食事はきちんとした方がいい。\nMême si tu es débordé, tu devrais bien manger quand même。
N3;〜からといって;〜からといって : ce n’est pas parce que ~ que ~;Permet de réfuter un lien de cause à effet trop rapide\nSouvent utilisé avec とは限らない ou わけではない;Phrase neutre + からといって + fin nuancée;高いからといって、品質がいいとは限らない。\nCe n’est pas parce que c’est cher que c’est de bonne qualité。\n日本人だからといって、皆が寿司好きなわけではない。\nCe n’est pas parce qu’on est japonais qu’on aime forcément les sushis。
N3;〜だけあって;〜だけあって : justement parce que ~ / à la hauteur de ~;Exprime une reconnaissance positive liée à une qualité ou un statut\nSouligne une correspondance entre ce que l’on attendait et ce qu’on observe;Nom / phrase neutre + だけあって;高かっただけあって、このカメラは性能がいい。\nElle est chère, mais ses performances sont à la hauteur。\n彼は経験者だけあって説明がわかりやすい。\nIl s’explique clairement, c’est un habitué après tout。
N3;〜だけに;〜だけに : justement parce que ~ / précisément à cause de ~;Souligne un lien direct et fort entre une cause et une conséquence (souvent émotionnelle)\nMet l’accent sur l’attente ou l’intensité d’un sentiment;Phrase neutre / nom + だけに;彼は努力家だけに、合格して当然だ。\nC’est un bosseur, donc c’est normal qu’il réussisse。\n親友だけに、裏切られてショックだった。\nC’était un(e) ami(e) proche, donc j’ai été très choqué(e) par sa trahison。
N3;〜だけのことはある;〜だけのことはある : il n’y a pas à dire / ce n’est pas pour rien que ~;Exprime qu’un résultat est à la hauteur d’une attente ou réputation\nSouligne que la qualité ou l’effort est justifié par l’expérience, le niveau, etc.;Phrase neutre + だけのことはある;彼は10年も日本に住んでいただけのことはあって、日本語がうまい。\nCe n’est pas pour rien qu’il a vécu 10 ans au Japon, son japonais est excellent。\nさすがプロだけのことはある。\nPas étonnant, c’est un pro après tout。
N3;〜たびに;〜たびに : chaque fois que ~;Exprime une régularité ou répétition associée à une autre action ou émotion\n≠ 間, qui exprime plus une période continue;Verbe neutre / Nom + の + たびに;写真を見るたびに、旅行の思い出がよみがえる。\nChaque fois que je regarde les photos, les souvenirs de voyage me reviennent。\n彼に会うたびに元気をもらう。\nChaque fois que je le vois, ça me redonne de l’énergie。
N3;〜たところ;〜たところ : après avoir ~, il s’est avéré que ~;Exprime le résultat d’une action achevée, souvent inattendu ou informatif\n≠ とたん qui exprime l’enchaînement immédiat;Verbe en 〜た + ところ;問い合わせたところ、もう売り切れていた。\nAprès avoir demandé, il s’est avéré que c’était épuisé。\n試してみたところ、意外と簡単だった。\nUne fois essayé, c’était étonnamment simple。
N3;〜て以来;〜て以来 : depuis que ~ (et encore maintenant);Indique qu’un événement passé a un impact durable jusqu’à aujourd’hui\n≠ 間 qui n’insiste pas forcément sur la continuité jusqu’à présent;Verbe en 〜て + 以来;大学を卒業して以来、彼に会っていない。\nJe ne l’ai pas revu depuis l’université。\n日本に来て以来、毎日が新しい発見だ。\nDepuis mon arrivée au Japon, chaque jour est une découverte。
N3;〜というより;〜というより : plutôt que de dire ~, c’est plutôt ~;Permet de corriger ou reformuler une expression précédente avec une tournure plus appropriée\nSouvent utilisé pour affiner une nuance ou exprimer une impression plus juste;Phrase + というより;彼は歌手というより、芸人みたいだ。\nC’est plus un humoriste qu’un chanteur。\nこれは料理というよりアートですね。\nC’est plutôt de l’art que de la cuisine。
N3;〜つつある;〜つつある : en train de ~ / il y a une tendance à ~;Exprime une évolution ou un changement en cours, souvent dans des contextes sociétaux, économiques ou scientifiques\nForme littéraire plus soutenue que 〜ている;Verbe en ます sans ます + つつある;この国は高齢化が進みつつある。\nCe pays est en train de vieillir demographiquement。\n新しい文化が生まれつつある。\nUne nouvelle culture est en train d’émerger。
N3;〜てたまらない;〜てたまらない : irrésistiblement ~ / trop ~ pour supporter;Exprime une émotion ou sensation très forte, souvent insupportable (envie, douleur, joie…)\n≠ たくてしょうがない qui est plus courant à l’oral;Verbe en 〜て / adj. en くて / adj. な + で + たまらない;会いたくてたまらない。\nJ’ai terriblement envie de te voir。\nお腹が空いてたまらない。\nJ’ai affreusement faim。\nかゆくてたまらない。\nÇa me gratte trop。
N3;〜ことか;〜ことか : que c’est ~ ! / combien ~ !;Forme exclamative expressive utilisée pour renforcer une émotion (joie, regret, admiration…)\nSouvent vue dans les écrits (lettres, discours);Phrase en forme neutre + ことか;どんなに君に会いたかったことか。\nTu ne peux pas imaginer à quel point je voulais te voir。\nどれだけ助けられたことか。\nÀ quel point tu m’as aidé…。
N3;〜ことはない;〜ことはない : il n’est pas nécessaire de ~ / pas besoin de ~;Exprime qu’il n’est pas indispensable ou utile d’accomplir une action\n≠ 〜なければならない qui exprime l’obligation;Verbe forme neutre + ことはない;心配することはないよ。\nTu n’as pas à t’inquiéter。\n彼に謝ることはないと思う。\nJe pense que tu n’as pas besoin de t’excuser auprès de lui。
