2000;N3;"è´è§£ã‚¹ã‚¯ãƒªãƒ—ãƒˆï¼š (1) å¥³ã®äººãŒéƒ¨å±‹ã‚’æ¢ã—ã¦ã„ã¾ã™ã€‚å¥³ã®äººã¯ã‚¢ãƒ‘ãƒ¼ãƒˆã®ã©ã®éƒ¨å±‹ã«ã—ã¾ã™ã‹ã€‚ 
å¥³ï¼šä»Šã€ã‚¢ãƒ‘ãƒ¼ãƒˆã«ç©ºã„ã¦ã„ã‚‹éƒ¨å±‹ã€ã‚ã‚Šã¾ã™ã‹ã€‚ 
ç”·ï¼šãˆãˆã€4ã¤ã‚ã‚Šã¾ã™ã€‚ 
å¥³ï¼šä½•éšã§ã™ã‹ã€‚ 
ç”·ï¼š2éšã¨3éšã§ã™ã€‚ 
å¥³ï¼š3éšãŒã„ã„ã§ã™ã­ã€‚ 
ç”·ï¼šäºŒã¤ã‚ã‚‹ã‚“ã§ã™ãŒã€ã©ã¡ã‚‰ãŒã„ã„ã‚“ã§ã™ã‹ã€‚ 
å¥³ï¼šé€šã‚Šã‹ã‚‰é ã„ã»ã†ãŒâ€¦ã€‚ 

ã‚¢ãƒ‘ãƒ¼ãƒˆã®ã©ã® éƒ¨å±‹ã«ã—ã¾ã™ã‹ã€‚  ";B;A;B;C;D;"è´è§£ã‚¹ã‚¯ãƒªãƒ—ãƒˆï¼š (1) å¥³ã®äººãŒéƒ¨å±‹ã‚’æ¢ã—ã¦ã„ã¾ã™ã€‚å¥³ã®äººã¯ã‚¢ãƒ‘ãƒ¼ãƒˆã®ã©ã®éƒ¨å±‹ã«ã—ã¾ã™ã‹ã€‚	
Script d'Ã©coute : (1) Une femme cherche un appartement. Quelle piÃ¨ce de l'appartement choisit-elle ? 
å¥³ï¼šä»Šã€ã‚¢ãƒ‘ãƒ¼ãƒˆã«ç©ºã„ã¦ã„ã‚‹éƒ¨å±‹ã€ã‚ã‚Šã¾ã™ã‹ã€‚	
Femme : Avez-vous des chambres disponibles dans l'immeuble actuellement ? 
ç”·ï¼šãˆãˆã€4ã¤ã‚ã‚Šã¾ã™ã€‚	
Homme : Oui, nous en avons quatre. 
å¥³ï¼šä½•éšã§ã™ã‹ã€‚	
Femme : Ã€ quel Ã©tage sont-elles ? 
ç”·ï¼š2éšã¨3éšã§ã™ã€‚	
Homme : Au 2Ã¨me et au 3Ã¨me Ã©tage. 
å¥³ï¼š 3éšãŒã„ã„ã§ã™ã­ã€‚	
Femme : Je prÃ©fÃ¨re le 3Ã¨me Ã©tage. 
ç”·ï¼šäºŒã¤ã‚ã‚‹ã‚“ã§ã™ãŒã€ã©ã¡ã‚‰ãŒã„ã„ã‚“ã§ã™ã‹ã€‚	
Homme : Il y en a deux Ã  cet Ã©tage, laquelle prÃ©fÃ©rez-vous ? 
å¥³ï¼š é€šã‚Šã‹ã‚‰é ã„ã»ã†ãŒâ€¦ã€‚	
Femme : Celle qui est la plus Ã©loignÃ©e de la rue... 

ã‚¢ãƒ‘ãƒ¼ãƒˆã®ã©ã® éƒ¨å±‹ã«ã—ã¾ã™ã‹ã€‚	
Question finale : Quelle piÃ¨ce de l'appartement choisit-elle ?

Analyse et Justification
La question demande de dÃ©crire la piÃ¨ce que la femme choisit. La femme pose deux critÃ¨res successifs pour faire son choix :
CritÃ¨re de l'Ã©tage : L'homme propose le 2Ã¨me et le 3Ã¨me Ã©tage. La femme choisit le 3Ã¨me Ã©tage (3éšãŒã„ã„ã§ã™ã­).
CritÃ¨re de l'emplacement (dans l'Ã©tage) : L'homme lui dit qu'il y en a deux au 3Ã¨me Ã©tage. La femme choisit celle qui est loin de la rue (é€šã‚Šã‹ã‚‰é ã„ã»ã†ãŒâ€¦).
Conclusion (Description de la chambre)
La femme choisit la chambre qui se trouve au 3Ã¨me Ã©tage et qui est la plus Ã©loignÃ©e de la rue (pour Ãªtre au calme).
";2000_N3_1.jpg
2000;N3;"è´è§£ã‚¹ã‚¯ãƒªãƒ—ãƒˆï¼š (2) ç”·ã®äººãŒãƒ†ãƒ¼ãƒ–ãƒ«ã®æº–å‚™ã‚’ã—ã¾ã™ã€‚ã©ã®ã‚ˆã†ã«ã—ã¾ã™ã‹ã€‚ 
å¥³ï¼šã‚ãªãŸã€ãŠå®¢æ§˜æ¥ã‚‹ã‹ã‚‰ã€æ‰‹ä¼ã£ã¦ã€‚ ç”·ï¼šã‚ã‚ã€ã„ã„ã‚ˆã€‚ 
å¥³ï¼šãƒ‘ãƒ³ã®ãŠçš¿ã‚’æŒã£ã¦ã„ã¦ã€ã ã®ãƒ†ãƒ¼ãƒ–ãƒ«ã®çœŸã‚“ä¸­ã«ç½®ã„ã¦ã­ã€‚ 
ç”·ï¼šã†ã‚“ã€æœç‰©ã¯ã€‚ 
å¥³ï¼šã¾ã ã„ã„ã‚ã€‚ 
ç”·ï¼šãŠçš¿ã‚‚ç½®ã„ã¨ãã­ã€‚ 
å¥³ï¼šã†ã‚“ã€ãŠé¡˜ã„ã€‚ä¸¸ã„ã®ã¨å››è§’ã„ã®ã­ã€‚å››è§’ã„ã®ã¯å³ ã­ã€‚ 

ç”·ã®äººã¯ãƒ†ãƒ¼ãƒ–ãƒ«ã®æº–å‚™ã‚’ã©ã®ã‚ˆã†ã«ã—ã¾ã™ã‹ã€‚";C;A;B;C;D;"è´è§£ã‚¹ã‚¯ãƒªãƒ—ãƒˆï¼š (2) ç”·ã®äººãŒãƒ†ãƒ¼ãƒ–ãƒ«ã®æº–å‚™ã‚’ã—ã¾ã™ã€‚ã©ã®ã‚ˆã†ã«ã—ã¾ã™ã‹ã€‚	
Script d'Ã©coute : (2) L'homme prÃ©pare la table. Comment doit-il procÃ©der ? 
å¥³ï¼šã‚ãªãŸã€ãŠå®¢æ§˜æ¥ã‚‹ã‹ã‚‰ã€æ‰‹ä¼ã£ã¦ã€‚	
Femme : ChÃ©ri, les invitÃ©s arrivent, aide-moi. 
ç”·ï¼šã‚ã‚ã€ã„ã„ã‚ˆã€‚	
Homme : Ah, d'accord. 
å¥³ï¼š ãƒ‘ãƒ³ã®ãŠçš¿ã‚’æŒã£ã¦ã„ã¦ã€ ãã®ãƒ†ãƒ¼ãƒ–ãƒ«ã®çœŸã‚“ä¸­ã«ç½®ã„ã¦ã­ã€‚	
Femme : Apporte les assiettes Ã  pain et place-les au milieu de la table. 
ç”·ï¼šã†ã‚“ã€æœç‰©ã¯ã€‚	
Homme : D'accord. Et les fruits ? 
å¥³ï¼šã¾ã ã„ã„ã‚ã€‚	
Femme : Pas encore. 
ç”·ï¼š ãŠçš¿ã‚‚ç½®ã„ã¨ãã­ã€‚	
Homme : Je vais aussi poser les assiettes (principales). 
å¥³ï¼šã†ã‚“ã€ãŠé¡˜ã„ã€‚ ä¸¸ã„ã®ã¨å››è§’ã„ã®ã­ã€‚ å››è§’ã„ã®ã¯å³ã­ã€‚	
Femme : Oui, s'il te plaÃ®t. Il y a les rondes et les carrÃ©es. Les carrÃ©es vont Ã  droite. 

ç”·ã®äººã¯ãƒ†ãƒ¼ãƒ–ãƒ«ã®æº–å‚™ã‚’ã©ã®ã‚ˆã†ã«ã—ã¾ã™ã‹ã€‚	
Question finale : Comment l'homme va-t-il prÃ©parer la table ?

Analyse et Justification
La question demande la sÃ©quence exacte des actions que l'homme doit effectuer selon les instructions de la femme :
Assiettes Ã  pain : L'homme doit d'abord apporter les assiettes Ã  pain (ãƒ‘ãƒ³ã®ãŠçš¿ã‚’æŒã£ã¦ã„ã¦) et les placer au centre de la table (ãƒ†ãƒ¼ãƒ–ãƒ«ã®çœŸã‚“ä¸­).
Assiettes principales : L'homme propose de mettre les assiettes principales (ãŠçš¿ã‚‚ç½®ã„ã¨ãã­), ce que la femme confirme.
Disposition des assiettes principales : Il y a des assiettes rondes (ä¸¸ã„ã®) et des assiettes carrÃ©es (å››è§’ã„ã®).
Emplacement spÃ©cifique : La femme prÃ©cise que les assiettes carrÃ©es doivent aller Ã  droite (å››è§’ã„ã®ã¯å³ã­).
L'homme doit donc : Mettre les assiettes Ã  pain au centre, puis mettre les assiettes rondes et les assiettes carrÃ©es (les carrÃ©es Ã  droite).
Conclusion (MÃ©thode de prÃ©paration)
L'homme doit d'abord placer les assiettes Ã  pain au milieu de la table. Ensuite, il doit placer les autres assiettes, en s'assurant que les assiettes carrÃ©es sont Ã  droite.
";2000_N3_2.jpg
2000;N3;"è´è§£ã‚¹ã‚¯ãƒªãƒ—ãƒˆï¼š (3) ç”·ã®äººã¨å¥³ã®äººãŒè©±ã—ã¦ã„ã¾ã™ã€‚æ±ãƒ›ãƒ†ãƒ«ã¯ã©ã“ã§ã™ã‹ã€‚ 
ç”·ï¼šã™ã¿ã¾ã›ã‚“ã€‚æ±ãƒ›ãƒ†ãƒ«ã¯ã©ã“ã§ã™ã‹ã€‚ 
å¥³ï¼šã“ã®å…ˆ2æœ¬ç›®ã‚’å·¦ã«å…¥ã£ã¦ã€3è»’ç›®ã§ã™ã‚ˆã€‚ 
ç”·ï¼šã‚ã®å¤§ãã„é€šã‚Šã§ã™ã‹ã€‚ 
å¥³ï¼šã„ã„ãˆã€ã‚ã‚Œã¯3æœ¬ç›®ã€é–“ã«ç‹­ã„é“ãŒã‚ã‚‹ã‚“ã§ã™ã€‚ 
ç”·ï¼šãã†ã§ã™ã‹ã€‚ã©ã†ã‚‚ã€‚ 

æ±ãƒ›ãƒ†ãƒ«ã¯ã©ã“ã§ã™ã‹ã€‚ ";C;A;B;C;D;"è´è§£ã‚¹ã‚¯ãƒªãƒ—ãƒˆï¼š (3) ç”·ã®äººã¨å¥³ã®äººãŒè©±ã—ã¦ã„ã¾ã™ã€‚æ±ãƒ›ãƒ†ãƒ«ã¯ã©ã“ã§ã™ã‹ã€‚	
Script d'Ã©coute : (3) Un homme et une femme parlent. OÃ¹ se trouve l'HÃ´tel Est (Higashi Hotel) ? 
ç”·ï¼šã™ã¿ã¾ã›ã‚“ã€‚æ±ãƒ›ãƒ†ãƒ«ã¯ã©ã“ã§ã™ã‹ã€‚	
Homme : Excusez-moi. OÃ¹ se trouve l'HÃ´tel Est ? 
å¥³ï¼š ã“ã®å…ˆ2æœ¬ç›®ã‚’å·¦ã«å…¥ã£ã¦ã€3è»’ç›®ã§ã™ã‚ˆã€‚	
Femme : Prenez la deuxiÃ¨me rue Ã  gauche aprÃ¨s vous Ãªtre avancÃ©, et c'est la troisiÃ¨me maison/bÃ¢timent. 
ç”·ï¼šã‚ã®å¤§ãã„é€šã‚Šã§ã™ã‹ã€‚	
Homme : Est-ce cette grande rue lÃ -bas ? 
å¥³ï¼šã„ã„ãˆã€ã‚ã‚Œã¯3æœ¬ç›®ã€ é–“ã«ç‹­ã„é“ãŒã‚ã‚‹ã‚“ã§ã™ã€‚	
Femme : Non, celle-lÃ , c'est la troisiÃ¨me. Il y a une petite rue Ã©troite entre les deux. 
ç”·ï¼šãã†ã§ã™ã‹ã€‚ã©ã†ã‚‚ã€‚	
Homme : D'accord, merci. 

æ±ãƒ›ãƒ†ãƒ«ã¯ã©ã“ã§ã™ã‹ã€‚	
Question finale : OÃ¹ se trouve l'HÃ´tel Est ?

Analyse et Justification
La question demande l'itinÃ©raire ou l'emplacement de l'HÃ´tel Est (æ±ãƒ›ãƒ†ãƒ«).
L'homme essaie de confirmer l'itinÃ©raire en mentionnant une ""grande rue"" (ã‚ã®å¤§ãã„é€šã‚Š), mais la femme corrige son erreur :
La grande rue est la 3Ã¨me rue.
Il y a une petite rue Ã©troite entre la 2Ã¨me et la 3Ã¨me rue.
L'itinÃ©raire correct donnÃ© par la femme est :
Continuer tout droit.
Tourner Ã  gauche Ã  la deuxiÃ¨me rue (2æœ¬ç›®ã‚’å·¦ã«å…¥ã£ã¦).
L'hÃ´tel est le troisiÃ¨me bÃ¢timent (3è»’ç›®ã§ã™ã‚ˆ).
Conclusion (Emplacement)
L'HÃ´tel Est se trouve dans la deuxiÃ¨me rue Ã  gauche (Ã  partir de lÃ  oÃ¹ ils sont), et c'est le troisiÃ¨me bÃ¢timent de cette rue.
";2000_N3_3.jpg
2000;N3;"è´è§£ã‚¹ã‚¯ãƒªãƒ—ãƒˆï¼š (4) ç”·ã®äººã¨å¥³ã®äººãŒè©±ã—ã¦ã„ã¾ã™ã€‚ç”·ã®äººã¯ã©ã®äººã«ã¤ã„ã¦èã„ã¦ã„ã¾ã™ã‹ã€‚ 
ç”·ï¼šã‚ã‚Œã¯ã“ã®å‰ã®ãƒ‘ãƒ¼ãƒ†ã‚£ãƒ¼ã®å†™çœŸï¼Ÿ 
å¥³ï¼šãã†ã€‚ãã‚Œã„ã«æ’®ã‚ŒãŸã§ã— ã‚‡ã†ã€‚ 
ç”·ï¼šã†ã‚“ã€‚ã‚ã‚Œã€ã‚ã®äººã€ã ã‚Œï¼Ÿ
å¥³ï¼šãˆãˆã€ã©ã®äººï¼Ÿ 
ç”·ï¼šã»ã‚‰ã€èŠ±ã®æ¨ªã®ã€æ‰‹ã‚’æŒ™ã’ã¦ã„ã‚‹äººã€‚ 
å¥³ï¼šãˆã£ã€ã‚³ãƒƒãƒ—æŒã£ã¦ï¼Ÿ 
ç”·ï¼šã†ã†ã‚“ã€ãã®äººã˜ã‚ƒãªã ã¦ã€‚ 
å¥³ï¼šã‚ã‚ã€å±±ç”°ã•ã‚“ã‚ˆã€‚ 

ç”·ã®äººã¯ã©ã®äººã«ã¤ã„ã¦èãã¾ã—ãŸã‹ã€‚ ";B;A;B;C;D;"è´è§£ã‚¹ã‚¯ãƒªãƒ—ãƒˆï¼š (4) ç”·ã®äººã¨å¥³ã®äººãŒè©±ã—ã¦ã„ã¾ã™ã€‚ç”·ã®äººã¯ã©ã®äººã«ã¤ã„ã¦èã„ã¦ã„ã¾ã™ã‹ã€‚	
Script d'Ã©coute : (4) Un homme et une femme parlent. Ã€ propos de quelle personne l'homme pose-t-il la question ? 
ç”·ï¼šã‚ã‚Œã¯ ã“ã®å‰ã®ãƒ‘ãƒ¼ãƒ†ã‚£ãƒ¼ã®å†™çœŸï¼Ÿ	
Homme : C'est une photo de la fÃªte prÃ©cÃ©dente ? 
å¥³ï¼šãã†ã€‚ãã‚Œã„ã«æ’®ã‚ŒãŸã§ã— ã‚‡ã†ã€‚	
Femme : Oui. Elle est bien prise, n'est-ce pas ? 
ç”·ï¼šã†ã‚“ã€‚ã‚ã‚Œã€ã‚ã®äººã€ã ã‚Œï¼Ÿ	
Homme : Oui. Dis, qui est cette personne ? 
å¥³ï¼šãˆãˆã€ã©ã®äººï¼Ÿ	
Femme : Euh, de quelle personne tu parles ? 
ç”·ï¼šã»ã‚‰ã€ èŠ±ã®æ¨ªã®ã€ æ‰‹ã‚’æŒ™ã’ã¦ã„ã‚‹äººã€‚	
Homme : Regarde, la personne Ã  cÃ´tÃ© des fleurs, qui lÃ¨ve la main. 
å¥³ï¼šãˆã£ã€ã‚³ãƒƒãƒ—æŒã£ã¦ï¼Ÿ	
Femme : Ah, celle qui tient une tasse ? 
ç”·ï¼šã†ã†ã‚“ã€ ãã®äººã˜ã‚ƒãªãã¦ã€‚	
Homme : Non, pas cette personne-lÃ . 
å¥³ï¼šã‚ã‚ã€ å±±ç”°ã•ã‚“ã‚ˆã€‚	
Femme : Ah, c'est Yamada-san. 

ç”·ã®äººã¯ã©ã®äººã«ã¤ã„ã¦èãã¾ã—ãŸã‹ã€‚	
Question finale : Ã€ propos de quelle personne l'homme a-t-il posÃ© la question ?

Analyse et Justification
La question demande la description de la personne que l'homme cherche Ã  identifier.
L'homme utilise deux caractÃ©ristiques pour dÃ©crire la personne :
Emplacement : La personne est Ã  cÃ´tÃ© des fleurs (èŠ±ã®æ¨ªã®).
Action : La personne est en train de lever la main (æ‰‹ã‚’æŒ™ã’ã¦ã„ã‚‹äºº).
La femme a d'abord devinÃ© la mauvaise personne (celle qui tient une tasse), mais l'homme insiste sur sa description initiale.
Conclusion (Description de la personne)
L'homme a posÃ© la question Ã  propos de la personne qui est Ã  cÃ´tÃ© des fleurs et qui lÃ¨ve la main.
";2000_N3_4.jpg
2000;N3;"è´è§£ã‚¹ã‚¯ãƒªãƒ—ãƒˆï¼š (5) ç”·ã®äººãŒè©±ã—ã¦ã„ã¾ã™ã€‚ç”·ã®äººã¯æ˜¨æ—¥ã®å¤œã€ä½•ã‚’ã—ã¾ã—ãŸã‹ã€‚ 
ç”·ï¼šç§ã¯ã„ã¤ã‚‚é…ãå¯ã‚‹ã‚“ã§ã™ãŒã€æ˜¨æ—¥ã¯ç–²ã‚Œã¦ã„ã¦ã€æœ¬ã‚’èª­ã‚“ã§ã„ã¦ã€å¯ã¦ã—ã¾ã„ã¾ ã—ãŸã€‚
ãã‚Œã§ã€å¤œé…ãèµ·ããŸå¾Œã€ã”é£¯ã¯é£Ÿã¹ãªã„ã§ã€ãŠé¢¨å‘‚ã ã‘å…¥ã‚Šã¾ã—ãŸã€‚ 

ç”·ã®äººã¯æ˜¨æ—¥ã®å¤œã€ä½•ã‚’ã—ã¾ã—ãŸã‹ã€‚ ";C;A;B;C;D;"è´è§£ã‚¹ã‚¯ãƒªãƒ—ãƒˆï¼š (5) ç”·ã®äººãŒè©±ã—ã¦ã„ã¾ã™ã€‚ç”·ã®äººã¯æ˜¨æ—¥ã®å¤œã€ä½•ã‚’ã—ã¾ã—ãŸã‹ã€‚	
Script d'Ã©coute : (5) Un homme parle. Qu'a fait l'homme hier soir ? 
ç”·ï¼šç§ã¯ã„ã¤ã‚‚é…ãå¯ã‚‹ã‚“ã§ã™ãŒã€æ˜¨æ—¥ã¯ç–²ã‚Œã¦ã„ã¦ã€ æœ¬ã‚’èª­ã‚“ã§ã„ã¦ã€ å¯ã¦ã—ã¾ã„ã¾ã—ãŸã€‚	
Homme : Normalement, je me couche tard, mais hier, j'Ã©tais fatiguÃ©, j'Ã©tais en train de lire un livre, et je me suis endormi. 
ãã‚Œã§ã€å¤œé…ãèµ·ããŸå¾Œã€ ã”é£¯ã¯é£Ÿã¹ãªã„ã§ã€ ãŠé¢¨å‘‚ã ã‘å…¥ã‚Šã¾ã—ãŸã€‚	
AprÃ¨s m'Ãªtre rÃ©veillÃ© tard dans la nuit, je n'ai pas mangÃ©, et j'ai seulement pris un bain. 

ç”·ã®äººã¯æ˜¨æ—¥ã®å¤œã€ä½•ã‚’ã—ã¾ã—ãŸã‹ã€‚	
Question finale : Qu'a fait l'homme hier soir ?

Analyse et Justification
La question demande ce que l'homme a fait hier soir (æ˜¨æ—¥ã®å¤œã€ä½•ã‚’ã—ã¾ã—ãŸã‹). Il mentionne plusieurs actions et inactions :
Action 1 (Avant de s'endormir) : Il lisait un livre (æœ¬ã‚’èª­ã‚“ã§ã„ã¦).
Action 2 (Interrompue par la fatigue) : Il s'est endormi (å¯ã¦ã—ã¾ã„ã¾ã—ãŸ).
Action 3 (AprÃ¨s s'Ãªtre rÃ©veillÃ© tard) : Il n'a pas mangÃ© (ã”é£¯ã¯é£Ÿã¹ãªã„ã§).
Action 4 (ClÃ©) : Il a seulement pris un bain (ãŠé¢¨å‘‚ã ã‘å…¥ã‚Šã¾ã—ãŸ).
Parmi les actions qu'il a effectivement complÃ©tÃ©es aprÃ¨s s'Ãªtre rÃ©veillÃ©, il n'y a que le bain. L'action qu'il a effectuÃ©e avant de s'endormir est la lecture. La rÃ©ponse doit inclure ces actions terminÃ©es.
Puisque les questions de ce type attendent souvent une seule rÃ©ponse simple dÃ©crivant l'activitÃ© principale ou la derniÃ¨re activitÃ© :
Il a lu et s'est endormi.
Il a pris un bain.
La phrase la plus claire dÃ©crivant une action accomplie aprÃ¨s s'Ãªtre rÃ©veillÃ© est le bain. Mais la sÃ©quence complÃ¨te est : lecture    endormissement    bain.
Si nous devons choisir la ou les actions qu'il a faites hier soir : Il a lu un livre, s'est endormi, s'est rÃ©veillÃ©, et a pris un bain.
Dans le contexte des tests de comprÃ©hension, si l'on attend une seule action : Il a pris un bain.
Conclusion (Actions)
L'homme a d'abord lu un livre et s'est endormi. AprÃ¨s s'Ãªtre rÃ©veillÃ© tard, il a pris un bain (sans manger).
";2000_N3_5.jpg
2000;N3;"è´è§£ã‚¹ã‚¯ãƒªãƒ—ãƒˆï¼š (6) å¥³ã®äººã¨ç”·ã®äººãŒè©±ã—ã¦ã„ã¾ã™ã€‚ç”·ã®äººã®è·ç‰©ã®ä¸­ã§ä¸€ç•ªå¤šã„ã‚‚ã®ã¯ã©ã‚Œã§ã™ã‹ã€‚ 
å¥³ï¼šå¤§ãã„è·ç‰©ã§ã™ã­ãˆã€‚æœ¬ã§ã™ã‹ã€‚ 
ç”·ï¼šãˆãˆã€‚ãã®ã»ã‹ã«æœã‚„ ã‚«ãƒ¡ãƒ©ã‚‚æŒã£ã¦ã„ã¾ã™ã‘ã©ã€ã¾ã‚ã€ã»ã¨ã‚“ã©ã¯ã€‚ 
å¥³ï¼šã¸ãˆã€ã§ã€ãŠåœŸç”£ã¯ï¼Ÿ 
ç”·ï¼šã‚‚ã¡ã‚ã‚“è²·ã„ã¾ã—ãŸã‚ˆã€‚ãã‚Œã„ãªãƒãƒ³ã‚«ãƒã‚’äºŒæšã€‚ 

ç”·ã®äººã®è·ç‰©ã®ä¸­ã§ä¸€ç•ª å¤šã„ã‚‚ã®ã¯ã©ã‚Œã§ã™ã‹ã€‚  ";A;A;B;C;D;"è´è§£ã‚¹ã‚¯ãƒªãƒ—ãƒˆï¼š (6) å¥³ã®äººã¨ç”·ã®äººãŒè©±ã—ã¦ã„ã¾ã™ã€‚ç”·ã®äººã®è·ç‰©ã®ä¸­ã§ä¸€ç•ªå¤šã„ã‚‚ã®ã¯ã©ã‚Œã§ã™ã‹ã€‚	
Script d'Ã©coute : (6) Une femme et un homme parlent. Quel est l'objet le plus nombreux dans les bagages de l'homme ? 
å¥³ï¼šå¤§ãã„è·ç‰©ã§ã™ã­ãˆã€‚ æœ¬ã§ã™ã‹ã€‚	
Femme : Vous avez de gros bagages ! Ce sont des livres ? 
ç”·ï¼šãˆãˆã€‚ãã®ã»ã‹ã« æœã‚„ ã‚«ãƒ¡ãƒ©ã‚‚æŒã£ã¦ã„ã¾ã™ã‘ã©ã€ ã¾ã‚ã€ã»ã¨ã‚“ã©ã¯ã€‚	
Homme : Oui. J'ai aussi des vÃªtements et un appareil photo, mais la majoritÃ© (est des livres). 
å¥³ï¼šã¸ãˆã€ã§ã€ãŠåœŸç”£ã¯ï¼Ÿ	
Femme : Oh ! Et les souvenirs ? 
ç”·ï¼šã‚‚ã¡ã‚ã‚“è²·ã„ã¾ã—ãŸã‚ˆã€‚ ãã‚Œã„ãªãƒãƒ³ã‚«ãƒã‚’äºŒæšã€‚	
Homme : Bien sÃ»r que j'en ai achetÃ©. Deux jolis mouchoirs.

ç”·ã®äººã®è·ç‰©ã®ä¸­ã§ä¸€ç•ª å¤šã„ã‚‚ã®ã¯ã©ã‚Œã§ã™ã‹ã€‚
Quel est l'objet le plus nombreux dans les bagages de l'homme ?

La question est : Quel est l'objet le plus nombreux dans les bagages de l'homme ? (ç”·ã®äººã®è·ç‰©ã®ä¸­ã§ä¸€ç•ªå¤šã„ã‚‚ã®ã¯ã©ã‚Œã§ã™ã‹ã€‚)
Il faut identifier ce qui constitue la majoritÃ© ou le plus gros des bagages de l'homme.
Observation de la femme : La femme remarque que les bagages sont gros et demande s'il s'agit de livres (æœ¬ã§ã™ã‹).
RÃ©ponse de l'homme (ClÃ©) : L'homme confirme la prÃ©sence d'autres objets (vÃªtements et appareil photo), mais ajoute immÃ©diatement : Â« ...mais la majoritÃ© (est des livres) Â» (ã¾ã‚ã€ã»ã¨ã‚“ã©ã¯). Le mot ã»ã¨ã‚“ã© (hotondo) signifie ""la plupart"", ""la majoritÃ©"" ou ""presque tout"".
Autres objets :
VÃªtements (æœ)
Appareil photo (ã‚«ãƒ¡ãƒ©)
Souvenirs : Deux mouchoirs (ãƒãƒ³ã‚«ãƒã‚’äºŒæš)
Puisque l'homme dÃ©clare que la majoritÃ© de son contenu est composÃ©e de livres, c'est l'objet le plus nombreux dans ses bagages.
âœ… Conclusion
L'objet le plus nombreux dans les bagages de l'homme est le livre (æœ¬).
";2000_N3_6.jpg
2000;N3;"è´è§£ã‚¹ã‚¯ãƒªãƒ—ãƒˆï¼š (7) å¥³ã®äººãŒäºŒäººã§è©±ã—ã¦ã„ã¾ã™ã€‚å¥³ã®äººã®å‹é”ã¯å†™çœŸã®ã©ã®äººã§ã™ã‹ã€‚
Script d'Ã©coute : (7) Deux femmes parlent. Qui est l'ami de la femme sur la photo ?
å¥³1ï¼šã­ãˆã€æ„›å­ã®å½¼ã£ã¦ã€ã©ã®äººï¼Ÿ
Femme 1 : Dis, qui est le petit ami d'Aiko ?
å¥³2ï¼šã©ã‚Œã‹ãªã€‚
Femme 2 : Lequel, je me demande.
å¥³1ï¼š ã“ã®äººï¼Ÿ
Femme 1 : Cette personne ?
å¥³2ï¼š ãã‚“ãªã«å¤ªã£ã¦ãªã„ã‚ã‚ˆã€‚
Femme 2 : Il n'est pas si gros que Ã§a.
å¥³1ï¼šã˜ã‚ƒã‚ã€ã“ã®äººï¼Ÿ
Femme 1 : Alors, cette personne ?
å¥³2ï¼š ãã‚“ãªã«ç—©ã›ã¦ãªã„ã‚ã‚ˆã€‚
Femme 2 : Il n'est pas si mince que Ã§a.
å¥³1ï¼š çœ¼é¡ã¯ã‹ã‘ã¦ã‚‹ã®ï¼Ÿ
Femme 1 : Est-ce qu'il porte des lunettes ?
å¥³2ï¼šã†ã†ã‚“ã€ å‹‰å¼·ã™ã‚‹æ™‚ã¯ã‹ã‘ã‚‹ã‘ã©ã€‚
Femme 2 : Non, il les met quand il Ã©tudie, mais pas d'habitude.

å¥³ã®äººã®å‹é”ã¯å†™çœŸã®ã©ã®äººã§ã™ã‹ã€‚
Question finale : Qui est l'ami de la femme sur la photo ?";D;A;B;C;D;"è´è§£ã‚¹ã‚¯ãƒªãƒ—ãƒˆï¼š (7) å¥³ã®äººãŒäºŒäººã§è©±ã—ã¦ã„ã¾ã™ã€‚å¥³ã®äººã®å‹é”ã¯å†™çœŸã®ã©ã®äººã§ã™ã‹ã€‚
Script d'Ã©coute : (7) Deux femmes parlent. Qui est l'ami de la femme sur la photo ?
å¥³1ï¼šã­ãˆã€æ„›å­ã®å½¼ã£ã¦ã€ã©ã®äººï¼Ÿ
Femme 1 : Dis, qui est le petit ami d'Aiko ?
å¥³2ï¼šã©ã‚Œã‹ãªã€‚
Femme 2 : Lequel, je me demande.
å¥³1ï¼š ã“ã®äººï¼Ÿ
Femme 1 : Cette personne ?
å¥³2ï¼š ãã‚“ãªã«å¤ªã£ã¦ãªã„ã‚ã‚ˆã€‚
Femme 2 : Il n'est pas si gros que Ã§a.
å¥³1ï¼šã˜ã‚ƒã‚ã€ã“ã®äººï¼Ÿ
Femme 1 : Alors, cette personne ?
å¥³2ï¼š ãã‚“ãªã«ç—©ã›ã¦ãªã„ã‚ã‚ˆã€‚
Femme 2 : Il n'est pas si mince que Ã§a.
å¥³1ï¼š çœ¼é¡ã¯ã‹ã‘ã¦ã‚‹ã®ï¼Ÿ
Femme 1 : Est-ce qu'il porte des lunettes ?
å¥³2ï¼šã†ã†ã‚“ã€ å‹‰å¼·ã™ã‚‹æ™‚ã¯ã‹ã‘ã‚‹ã‘ã©ã€‚
Femme 2 : Non, il les met quand il Ã©tudie, mais pas d'habitude.

å¥³ã®äººã®å‹é”ã¯å†™çœŸã®ã©ã®äººã§ã™ã‹ã€‚
Question finale : Qui est l'ami de la femme sur la photo ?


Analyse et Justification
Le dialogue utilise des Ã©liminations pour identifier le petit ami d'Aiko.
Indice 1 (Poids) : La femme 2 rejette les personnes qui sont trop grosses (ãã‚“ãªã«å¤ªã£ã¦ãªã„) et celles qui sont trop minces (ãã‚“ãªã«ç—©ã›ã¦ãªã„).
   Le petit ami d'Aiko a une corpulence normale ou moyenne (ni trop gros, ni trop mince).
Indice 2 (Lunettes) : La femme 1 demande s'il porte des lunettes. La femme 2 rÃ©pond qu'il ne les porte que pour Ã©tudier.
   Le petit ami d'Aiko ne porte pas de lunettes (ou du moins, pas sur la photo s'il n'Ã©tudie pas).
Puisque la femme 2 a rejetÃ© toutes les suggestions et donnÃ© deux indications nÃ©gatives (pas gros, pas mince, pas de lunettes) et qu'elle n'a pas dÃ©signÃ© un autre candidat, nous devons conclure en combinant ces indices :
Le petit ami d'Aiko est celui qui a une corpulence normale et ne porte pas de lunettes sur la photo.
Conclusion (Description de l'ami)
Le petit ami est la personne qui n'est ni trop grosse, ni trop mince, et qui ne porte pas de lunettes.
";2000_N3_7.jpg
2000;N3;"è´è§£ã‚¹ã‚¯ãƒªãƒ—ãƒˆï¼š (8) ã‚¿ã‚¯ã‚·ãƒ¼ã‚’å‘¼ã¶ç›¸è«‡ã‚’ã—ã¦ã„ã¾ã™ã€‚ã‚¿ã‚¯ã‚·ãƒ¼ã¯ä½•å°å‘¼ã³ã¾ã™ã‹ã€‚ 
ç”·ï¼šæ¥½ã—ã„ãƒ‘ãƒ¼ãƒ†ã‚£ãƒ¼ã ã£ãŸã­ãˆã€‚ 
å¥³ï¼šãã†ã­ãˆã€‚ 
å¥³ï¼šã»ã‚“ã¨ã€‚ 
ç”·ï¼šé›»è©±ã§ã‚¿ã‚¯ã‚·ãƒ¼ã‚’å‘¼ ã¼ã†ã‹ã€‚ 
å¥³ï¼šãã†ã­ãˆã€‚ 
ç”·ï¼šãˆãˆã¨ã€9äººã ã‹ã‚‰ã€ã‚¿ã‚¯ã‚·ãƒ¼ã¯ã€‚ 
å¥³ï¼š2å°ã˜ã‚ƒã€ç„¡ç†ã‚ˆã­ãˆã€‚ 
ç”·ï¼šãã†ã ã­ã€‚ä¸€å°ã«5äººã¯ä¹—ã‚Œãªã„ã‚‚ã‚“ã­ãˆã€‚ãˆãˆã¨ã€ã¿ã‚“ãªé§…ã¾ ã§ã§ã—ã‚‡ã†ã€‚ 
å¥³ï¼šã‚ã®ã†ã€ç§ã¨ä¸»äººã¯åå¯¾ã®æ–¹ãªã‚“ã§ã™ã‘ã©ã€‚ 
ç”·ï¼šã˜ã‚ƒã€ã‚‚ã†1å°ã‹ã€‚ 
å¥³ï¼šã§ã‚‚ã€ãŠ2äººãŒ1å°ã«ä¹—ã£ã¦ã€ã‚ã¨7äººã ã‹ã‚‰ã€4äººã¨3äººã§ã„ã„ã‚“ã˜ã‚ƒ ãªã„ã€‚ 
ç”·ï¼šã‚ã‚ã€ãã†ã ã­ã€‚ãã†ã—ã‚ˆã†ã€‚ 

ã‚¿ã‚¯ã‚·ãƒ¼ã¯ä½•å°å‘¼ã³ã¾ã™ã‹ã€‚  ";B;A;B;C;D;"è´è§£ã‚¹ã‚¯ãƒªãƒ—ãƒˆï¼š (8) ã‚¿ã‚¯ã‚·ãƒ¼ã‚’å‘¼ã¶ç›¸è«‡ã‚’ã—ã¦ã„ã¾ã™ã€‚ã‚¿ã‚¯ã‚·ãƒ¼ã¯ä½•å°å‘¼ã³ã¾ã™ã‹ã€‚	
Script d'Ã©coute : (8) Ils discutent de commander un taxi. Combien de taxis vont-ils appeler ? 
ç”·ï¼šé›»è©±ã§ã‚¿ã‚¯ã‚·ãƒ¼ã‚’å‘¼ã¼ã†ã‹ã€‚	
Homme : On appelle un taxi par tÃ©lÃ©phone ? 
ç”·ï¼šãˆãˆã¨ã€ 9äºº ã ã‹ã‚‰ã€ã‚¿ã‚¯ã‚·ãƒ¼ã¯ã€‚	
Homme : Alors, nous sommes 9 personnes, donc les taxis... 
å¥³ï¼š2å°ã˜ã‚ƒã€ç„¡ç†ã‚ˆã­ãˆã€‚	
Femme : Deux taxis, ce n'est pas possible, n'est-ce pas ? (æš—ã«ã€1å°ã«5äººä¹—ã‚Œãªã„ã“ã¨ã‚’ç¢ºèª) 
ç”·ï¼šãã†ã ã­ã€‚ä¸€å°ã«5äººã¯ä¹—ã‚Œãªã„ã‚‚ã‚“ã­ãˆã€‚	
Homme : C'est vrai. On ne peut pas mettre 5 personnes dans un seul taxi. 
å¥³ï¼šã‚ã®ã†ã€ ç§ã¨ä¸»äººã¯åå¯¾ã®æ–¹ãªã‚“ã§ã™ã‘ã©ã€‚	
Femme : Euh, mon mari et moi allons dans la direction opposÃ©e. 
ç”·ï¼šã˜ã‚ƒã€ã‚‚ã†1å°ã‹ã€‚	
Homme : Alors, encore un autre taxi ? 
å¥³ï¼šã§ã‚‚ã€ ãŠ2äººãŒ1å°ã«ä¹—ã£ã¦ã€ ã‚ã¨7äººã ã‹ã‚‰ã€ 4äººã¨3äººã§ã„ã„ã‚“ã˜ã‚ƒãªã„ã€‚	
Femme : Mais, si vous deux montez dans un taxi, il reste 7 personnes, donc on peut faire 4 personnes et 3 personnes, n'est-ce pas ? 
ç”·ï¼šã‚ã‚ã€ãã†ã ã­ã€‚ãã†ã—ã‚ˆã†ã€‚	
Homme : Ah, c'est vrai. Faisons Ã§a. 

ã‚¿ã‚¯ã‚·ãƒ¼ã¯ä½•å°å‘¼ã³ã¾ã™ã‹ã€‚	è³ªå•ï¼š ã‚¿ã‚¯ã‚·ãƒ¼ã¯ä½•å°å‘¼ã³ã¾ã™ã‹ã€‚
Combien de taxis appellent-ils ?
La question est : Combien de taxis appellent-ils ? (ã‚¿ã‚¯ã‚·ãƒ¼ã¯ä½•å°å‘¼ã³ã¾ã™ã‹ã€‚)
Pour rÃ©pondre, nous devons suivre les contraintes de capacitÃ© et la maniÃ¨re dont le groupe est divisÃ©.
Nombre total de personnes : Il y a 9 personnes au total (9äººã ã‹ã‚‰).
CapacitÃ© des taxis : Ils confirment qu'un taxi ne peut pas prendre 5 personnes (ä¸€å°ã«5äººã¯ä¹—ã‚Œãªã„), ce qui implique une capacitÃ© maximale de 4 passagers par taxi (standard au Japon).
Contrainte de direction : Une femme et son mari (2 personnes) vont dans une direction opposÃ©e.
Division des groupes (Suggestion de la femme, acceptÃ©e par l'homme) :
Groupe 1 (Direction opposÃ©e) : 2 personnes (la femme et son mari)    1 taxi.
Groupe 2 (Reste du groupe) : $9 - 2 = 7$ personnes.
La femme suggÃ¨re de diviser ces 7 personnes en un groupe de 4 personnes et un groupe de 3 personnes.
4 personnes    1 taxi.
3 personnes    1 taxi.
Calcul du nombre total de taxis :
$$\text{Taxis totaux} = \text{Taxi Groupe 1} + \text{Taxis Groupe 2}$$$$\text{Taxis totaux} = 1 \text{ taxi} + 1 \text{ taxi} + 1 \text{ taxi} = 3 \text{ taxis}$$
Le couple dÃ©cide d'appeler 3 taxis.
âœ… Conclusion
Le nombre de taxis appelÃ©s est 3.
";2000_N3_8.jpg
2000;N3;"è´è§£ã‚¹ã‚¯ãƒªãƒ—ãƒˆï¼š (9) å¥³ã®äººã¨ç”·ã®äººãŒã‚«ãƒ¬ãƒ³ãƒ€ãƒ¼ã‚’è¦‹ãªãŒã‚‰è©±ã—ã¦ã„ã¾ã™ã€‚äºŒäººã¯ã„ã¤é£Ÿäº‹ã«è¡Œãã¾ã™ã‹ã€‚ 
å¥³ï¼šæ¥é€±ä¼šç¤¾ã®ã‚ã¨ã§é£Ÿäº‹ã«è¡Œãã¾ã›ã‚“ã‹ã€‚ 
ç”·ï¼šã„ã„ã§ã™ã­ ãˆã€‚ã„ã¤ãŒã„ã„ã§ã™ã‹ã€‚ 
å¥³ï¼šãã†ã§ã™ã­ã€‚ç§ã¯æœˆæ›œã¨æœ¨æ›œä»¥å¤–ã¯å¤§ä¸ˆå¤«ã§ã™ã€‚ 
ç”·ï¼šãã†ã§ã™ã‹ã€‚ç§ã¯3æ—¥ã‹ã‚‰5æ—¥ã¾ã§å¤§é˜ªã«è¡Œãã®ã§ã€‚ 
å¥³ï¼šã˜ã‚ƒã€ã“ã®æ—¥ã« ã—ã¾ã—ã‚‡ã†ã€‚ 
ç”·ï¼šã¯ã„ã€‚ 

äºŒäººã¯ã„ã¤é£Ÿäº‹ã«è¡Œãã¾ã™ã‹ã€‚ ";D;A;B;C;D;"è´è§£ã‚¹ã‚¯ãƒªãƒ—ãƒˆï¼š (9) å¥³ã®äººã¨ç”·ã®äººãŒã‚«ãƒ¬ãƒ³ãƒ€ãƒ¼ã‚’è¦‹ãªãŒã‚‰è©±ã—ã¦ã„ã¾ã™ã€‚äºŒäººã¯ã„ã¤é£Ÿäº‹ã«è¡Œãã¾ã™ã‹ã€‚	
Script d'Ã©coute : (9) Un homme et une femme regardent un calendrier et discutent. Quand vont-ils dÃ®ner ensemble ? 
å¥³ï¼šæ¥é€±ä¼šç¤¾ã®ã‚ã¨ã§é£Ÿäº‹ã«è¡Œãã¾ã›ã‚“ã‹ã€‚	
Femme : Est-ce qu'on irait dÃ®ner aprÃ¨s le travail la semaine prochaine ? 
ç”·ï¼šã„ã„ã§ã™ã­ ãˆã€‚ã„ã¤ãŒã„ã„ã§ã™ã‹ã€‚	
Homme : TrÃ¨s bonne idÃ©e. Quel jour vous conviendrait ? 
å¥³ï¼šãã†ã§ã™ã­ã€‚ç§ã¯ æœˆæ›œã¨æœ¨æ›œä»¥å¤–ã¯å¤§ä¸ˆå¤«ã§ã™ã€‚	
Femme : Alors... Je suis libre tous les jours sauf le lundi et le jeudi. 
ç”·ï¼šãã†ã§ã™ã‹ã€‚ç§ã¯ 3æ—¥ã‹ã‚‰5æ—¥ã¾ã§å¤§é˜ªã«è¡Œãã®ã§ã€‚	
Homme : Ah, d'accord. Moi, je vais Ã  Osaka pour le travail du 3 au 5. 
å¥³ï¼šã˜ã‚ƒã€ ã“ã®æ—¥ ã«ã—ã¾ã—ã‚‡ã†ã€‚	
Femme : Alors, faisons cela ce jour-lÃ . 
ç”·ï¼šã¯ã„ã€‚	
Homme : Oui. 

äºŒäººã¯ã„ã¤é£Ÿäº‹ã«è¡Œãã¾ã™ã‹ã€‚	
Question finale : Quand vont-ils dÃ®ner ensemble ?

Analyse des Contraintes et DÃ©duction
La femme propose de dÃ®ner la semaine prochaine. Nous devons trouver le seul jour oÃ¹ leurs deux emplois du temps correspondent.
DisponibilitÃ© de la femme :
Libre : Mardi, Mercredi, Vendredi.
OccupÃ©e : Lundi et Jeudi.
Contraintes de l'homme :
OccupÃ© : Du 3 au 5 (inclus).
Nous devons dÃ©terminer quel jour de la semaine tombe aprÃ¨s le 5 et est libre pour la femme, en supposant que le 3, 4 et 5 sont des jours consÃ©cutifs.
Alignons les contraintes (en supposant que le Lundi est le 2, et ainsi de suite) :
Jour de la semaine
Date (AssumÃ©e)
Femme (Disponible : Ma, Me, Ve)
Homme (Disponible : Pas le 3, 4, 5)
RÃ©sultat
Lundi 2 âŒ OccupÃ©e âœ… Libre âŒ Non
Mardi 3 âœ… Libre âŒ OccupÃ© (Osaka) âŒ Non
Mercredi 4 âœ… Libre âŒ OccupÃ© (Osaka) âŒ Non
Jeudi 5 âŒ OccupÃ©e âŒ OccupÃ© (Osaka) âŒ Non
Vendredi 6 âœ… Libre âœ… Libre âœ… OUI

Le seul jour oÃ¹ la femme est disponible ET l'homme est revenu d'Osaka est le Vendredi. La femme fait rÃ©fÃ©rence Ã  ce jour lorsqu'elle dit : Â« Alors, faisons cela ce jour-lÃ . Â» 
";2000_N3_9.jpg
2000;N3;"è´è§£ã‚¹ã‚¯ãƒªãƒ—ãƒˆï¼š (10) å­ã©ã‚‚ãŒãŠæ¯ã•ã‚“ã«è²·ã„ç‰©ã‚’é ¼ã¿ã¾ã—ãŸã€‚ãŠæ¯ã•ã‚“ã¯ã©ã‚Œã‚’è²·ã„ã¾ã™ã‹ã€‚ 
å­ï¼šãŠæ¯ã•ã‚“ã€è²·ã„ç‰©ã«è¡Œãã®ï¼Ÿæœ¬ã€è²·ã£ã¦ãã¦ãã‚Œã‚‹ï¼Ÿ 
æ¯ï¼šä½•ï¼Ÿ å­ï¼šã€ã‚† ã‚ã€ã£ã¦ã„ã†ã®ã€‚ 
æ¯ï¼šã€ã‚†ã‚ã€ã­ã€‚ 
å­ï¼šã‚ã€ã€ã‚†ã‚ã€ã®ï¼“ã ã‚ˆã€‚ï¼‘ã¨ï¼’ã¯ã‚‚ã†èª­ã‚“ã ã‹ã‚‰ã€‚ 

ãŠæ¯ã•ã‚“ã¯ã©ã‚Œã‚’è²·ã„ã¾ã™ã‹ã€‚ ";C;A;B;C;D;"è´è§£ã‚¹ã‚¯ãƒªãƒ—ãƒˆï¼š (10) å­ã©ã‚‚ãŒãŠæ¯ã•ã‚“ã«è²·ã„ç‰©ã‚’é ¼ã¿ã¾ã—ãŸã€‚ãŠæ¯ã•ã‚“ã¯ã©ã‚Œã‚’è²·ã„ã¾ã™ã‹ã€‚	
Script d'Ã©coute : (10) Un enfant a demandÃ© Ã  sa mÃ¨re de faire des courses. Lequel va acheter la mÃ¨re ? 
å­ï¼šãŠæ¯ã•ã‚“ã€è²·ã„ç‰©ã«è¡Œãã®ï¼Ÿ æœ¬ã€è²·ã£ã¦ãã¦ãã‚Œã‚‹ï¼Ÿ	
Enfant : Maman, tu vas faire les courses ? Tu peux m'acheter un livre ? 
æ¯ï¼šä½•ï¼Ÿ	
MÃ¨re : Lequel ? 
å­ï¼šã€ã‚† ã‚ã€ã£ã¦ã„ã†ã®ã€‚	
Enfant : Celui qui s'appelle ""Yume"" (RÃªve). 
æ¯ï¼šã€ã‚†ã‚ã€ã­ã€‚	
MÃ¨re : ""Yume"", d'accord. 
å­ï¼šã‚ã€ã€ã‚†ã‚ã€ã® ï¼“ã ã‚ˆã€‚ ï¼‘ã¨ï¼’ã¯ã‚‚ã†èª­ã‚“ã ã‹ã‚‰ã€‚	
Enfant : Ah, c'est le numÃ©ro 3 de ""Yume"". J'ai dÃ©jÃ  lu le 1 et le 2. 

ãŠæ¯ã•ã‚“ã¯ã©ã‚Œã‚’è²·ã„ã¾ã™ã‹ã€‚	
Question finale : Lequel va acheter la mÃ¨re ?

Analyse et Justification
La question demande quel livre la mÃ¨re va acheter. L'enfant donne les informations spÃ©cifiques requises :
Titre de la sÃ©rie : ""Yume"" (ã€ã‚†ã‚ã€)
NumÃ©ro du volume (ClÃ©) : Le numÃ©ro 3 (ï¼“ã ã‚ˆ)
Raison : Les volumes 1 et 2 sont dÃ©jÃ  lus (ï¼‘ã¨ï¼’ã¯ã‚‚ã†èª­ã‚“ã ã‹ã‚‰).
La mÃ¨re doit donc acheter le livre de la sÃ©rie ""Yume"" portant le numÃ©ro 3.
Conclusion (Livre achetÃ©)
La mÃ¨re va acheter le livre ""Yume"" (RÃªve), Volume 3.
";2000_N3_10.jpg
2000;N3;"è´è§£ã‚¹ã‚¯ãƒªãƒ—ãƒˆï¼š (11) ç”·ã®äººãŒç•™å­¦ç”Ÿã«ã¤ã„ã¦è©±ã—ã¦ã„ã¾ã™ã€‚ç”·ã®äººã¯ã©ã‚Œã‚’è¦‹ã¦ã„ã¾ã™ã‹ã€‚ 
ç”·ï¼šãˆãˆã€ã§ã¯ã€ã“ã¡ã‚‰ã‚’ã”è¦§ãã ã•ã„ã€‚
ç§ãŸã¡ã®å¤§å­¦ã«æ¥ã‚‹ç•™å­¦ç”Ÿã¯1970 å¹´ã”ã‚ã‹ã‚‰ã€ã ã‚“ã ã‚“å¢—ãˆå§‹ã‚ã¾ã—ãŸãŒã€
80å¹´ä»£ã«ã¯ä¸€åº¦å¢—ãˆãªããªã‚Šã¾ã—ãŸã€‚ã—ã‹ã—ã€
90å¹´ä»£ã«å…¥ã‚‹ã¨ã€ã¾ãŸå¤šããªã‚Šã€
2000å¹´ã«ã¯1970å¹´ã®å¤§ä½“2å€ãã‚‰ ã„ã«ãªã‚Šã¾ã—ãŸã€‚ 

ç”·ã®äººã¯ã©ã‚Œã‚’è¦‹ã¦ã„ã¾ã™ã‹ã€‚  ";B;A;B;C;D;"è´è§£ã‚¹ã‚¯ãƒªãƒ—ãƒˆï¼š (11) ç”·ã®äººãŒç•™å­¦ç”Ÿã«ã¤ã„ã¦è©±ã—ã¦ã„ã¾ã™ã€‚ç”·ã®äººã¯ã©ã‚Œã‚’è¦‹ã¦ã„ã¾ã™ã‹ã€‚	
Script d'Ã©coute : (11) Un homme parle des Ã©tudiants Ã©trangers. Qu'est-ce que l'homme est en train de regarder ? 
ç”·ï¼šãˆãˆã€ã§ã¯ã€ ã“ã¡ã‚‰ã‚’ã”è¦§ãã ã•ã„ã€‚	
Homme : Bien, veuillez regarder ceci. 
ç§ãŸã¡ã®å¤§å­¦ã«æ¥ã‚‹ç•™å­¦ç”Ÿã¯ 1970 å¹´ã”ã‚ã‹ã‚‰ã€ã ã‚“ã ã‚“å¢—ãˆå§‹ã‚ã¾ã—ãŸãŒã€	
Le nombre d'Ã©tudiants Ã©trangers venant Ã  notre universitÃ© a commencÃ© Ã  augmenter progressivement autour de 1970, 
80å¹´ä»£ã«ã¯ä¸€åº¦å¢—ãˆãªããªã‚Šã¾ã—ãŸã€‚	
mais il a cessÃ© d'augmenter dans les annÃ©es 
80. ã—ã‹ã—ã€ 90å¹´ä»£ã«å…¥ã‚‹ã¨ã€ã¾ãŸå¤šããªã‚Šã€	
Cependant, il a augmentÃ© Ã  nouveau en entrant dans les annÃ©es 90, 
2000å¹´ã«ã¯1970å¹´ã®å¤§ä½“2å€ãã‚‰ã„ã«ãªã‚Šã¾ã—ãŸã€‚	
et en l'an 2000, le nombre Ã©tait environ le double de celui de 1970. 

ç”·ã®äººã¯ã©ã‚Œã‚’è¦‹ã¦ã„ã¾ã™ã‹ã€‚	
Question finale : Qu'est-ce que l'homme est en train de regarder ?

Analyse et Justification
La question demande quel type de support visuel l'homme est en train de montrer, compte tenu de son discours.
L'homme dÃ©crit l'Ã©volution d'une quantitÃ© (le nombre d'Ã©tudiants Ã©trangers) sur une pÃ©riode de temps Ã©tendue (des annÃ©es 1970 Ã  2000). Il utilise des termes qui dÃ©crivent un mouvement ou une tendance :
Augmentation progressive (ã ã‚“ã ã‚“å¢—ãˆå§‹ã‚ã¾ã—ãŸ)
Stagnation (å¢—ãˆãªããªã‚Šã¾ã—ãŸ)
Nouvelle augmentation (ã¾ãŸå¤šããªã‚Š)
Comparaison de valeur entre deux points dans le temps (2000 = 2 fois 1970)
Ce type de donnÃ©es (Ã©volution d'une quantitÃ© en fonction du temps) est gÃ©nÃ©ralement reprÃ©sentÃ© par :
Un graphique ou une courbe (ã‚°ãƒ©ãƒ• ou æ›²ç·š), pour visualiser les hauts et les bas des annÃ©es 80 et 90.
Un tableau de donnÃ©es chronologiques (è¡¨ ou ãƒ‡ãƒ¼ã‚¿).
Le terme ã“ã¡ã‚‰ã‚’ã”è¦§ãã ã•ã„ (""regardez ceci"") et la description des tendances (augmentation, stagnation, nouvelle augmentation) pointent vers un support visuel qui montre cette Ã©volution temporelle, le plus souvent un graphique ou un tableau chronologique.
Ã‰tant donnÃ© les options souvent proposÃ©es dans ce genre d'exercice (qui nÃ©cessitent de visualiser une tendance), l'homme regarde une reprÃ©sentation visuelle montrant l'Ã©volution du nombre d'Ã©tudiants Ã©trangers par annÃ©e ou dÃ©cennie.
Conclusion (Objet regardÃ©)
L'homme est en train de regarder un tableau ou un graphique montrant l'Ã©volution (l'augmentation et la stagnation) du nombre d'Ã©tudiants Ã©trangers entre les annÃ©es 1970 et 2000.
";2000_N3_11.jpg
2000;N3;"è´è§£ã‚¹ã‚¯ãƒªãƒ—ãƒˆï¼š (12) ç”·ã®å­ã¨ãŠæ¯ã•ã‚“ãŒè©±ã—ã¦ã„ã¾ã™ã€‚ç”·ã®å­ã¯ã“ã‚Œã‹ã‚‰ã©ã“ã«è¡Œãã¾ã™ã‹ã€‚ 
å­ï¼šè¡Œã£ã¦ãã¾ã™ã€‚ 
æ¯ï¼šã¡ã‚‡ã£ã¨ã€ã¡ã‚‡ã£ã¨ã€ã©ã“ã¸è¡Œãã®ï¼Ÿ 
å­ï¼šé§…ã®è¿‘ãã€‚åˆ‡ æ‰‹ã®æœ¬ã€å€Ÿã‚Šã¦ãã‚‹ã€‚ 
æ¯ï¼šè‡ªè»¢è»Šã§ï¼Ÿ 
å­ï¼šã†ã†ã‚“ã€æ­©ã„ã¦ã€‚ 
æ¯ï¼šæ°—ã‚’ã¤ã‘ã¦ã­ã€‚ 
å­ï¼šè¡Œã£ã¦ãã¾ãƒ¼ã™ã€‚ 

ç”·ã®å­ã¯ã“ã‚Œã‹ã‚‰ã©ã“ã«è¡Œãã¾ã™ã‹ã€‚  ";A;A;B;C;D;"Script d'Ã‰coute (12)ğŸ“‹ Traduction du DialogueJaponais (Original)FranÃ§ais (Traduction)è´è§£ã‚¹ã‚¯ãƒªãƒ—ãƒˆï¼š 
(12) ç”·ã®å­ã¨ãŠæ¯ã•ã‚“ãŒè©±ã—ã¦ã„ã¾ã™ã€‚ç”·ã®å­ã¯ã“ã‚Œã‹ã‚‰ã©ã“ã«è¡Œãã¾ã™ã‹ã€‚
Script d'Ã©coute : (12) Un garÃ§on et sa mÃ¨re parlent. OÃ¹ le garÃ§on va-t-il aller maintenant ?
å­ï¼šè¡Œã£ã¦ãã¾ã™ã€‚
GarÃ§on : J'y vais ! (Je reviens)
æ¯ï¼šã¡ã‚‡ã£ã¨ã€ã¡ã‚‡ã£ã¨ã€ ã©ã“ã¸è¡Œãã®ï¼Ÿ
MÃ¨re : Attends, attends, oÃ¹ vas-tu ?
å­ï¼š é§…ã®è¿‘ãã€‚ åˆ‡æ‰‹ï¼ˆãã£ã¦ï¼‰ã®æœ¬ã€å€Ÿã‚Šã¦ãã‚‹ã€‚
GarÃ§on : PrÃ¨s de la gare. Je vais emprunter le livre sur les timbres (timbres-poste).
æ¯ï¼šè‡ªè»¢è»Šã§ï¼Ÿ
MÃ¨re : Ã€ vÃ©lo ?
å­ï¼šã†ã†ã‚“ã€ æ­©ã„ã¦ã€‚
GarÃ§on : Non, Ã  pied.
æ¯ï¼šæ°—ã‚’ã¤ã‘ã¦ã­ã€‚
MÃ¨re : Fais attention.
å­ï¼šè¡Œã£ã¦ãã¾ãƒ¼ã™ã€‚
GarÃ§on : J'y vais !

ç”·ã®å­ã¯ã“ã‚Œã‹ã‚‰ã©ã“ã«è¡Œãã¾ã™ã‹ã€‚
Question finale : OÃ¹ le garÃ§on va-t-il aller maintenant ?

Analyse et Justification
La question demande la destination du garÃ§on.
But de la sortie : Emprunter un livre sur les timbres (åˆ‡æ‰‹ã®æœ¬ã€å€Ÿã‚Šã¦ãã‚‹).
Lieu (ClÃ©) : Il indique que l'endroit est prÃ¨s de la gare (é§…ã®è¿‘ã).
Ã‰tant donnÃ© que l'on va ""emprunter"" un livre, l'endroit le plus probable prÃ¨s d'une gare est une bibliothÃ¨que ou, Ã©ventuellement, une librairie qui permet d'emprunter, mais l'emplacement exact n'est pas donnÃ©, seulement sa localisation.
La rÃ©ponse la plus directe et prÃ©cise est le lieu indiquÃ© par le garÃ§on : prÃ¨s de la gare.
Si l'on doit infÃ©rer le type d'Ã©tablissement (qui n'est pas mentionnÃ© directement, mais souvent impliquÃ© par ""emprunter""):
PrÃ¨s de la gare + Emprunter un livre    La bibliothÃ¨que (å›³æ›¸é¤¨ - Toshokan).
Puisque le garÃ§on ne dit que Â« é§…ã®è¿‘ã Â» (prÃ¨s de la gare), la rÃ©ponse doit se concentrer sur cet emplacement.
Conclusion (Destination)
Le garÃ§on va prÃ¨s de la gare pour emprunter un livre sur les timbres.
";2000_N3_12.jpg
2000;N3;"è´è§£ã‚¹ã‚¯ãƒªãƒ—ãƒˆï¼š (13) ç”·ã®äººã¨å¥³ã®äººãŒè©±ã—ã¦ã„ã¾ã™ã€‚äºŒäººã¯ä½•ã®è©±ã‚’ã—ã¦ã„ã¾ã™ã‹ã€‚ 
ç”·ï¼šã‚ã‚Œã€‚ã­ãˆã€ã“ã‚Œã€ã‚‚ã†å¤ãã¦åˆ‡ã‚Œãªã„ã‚ˆã€‚ 
å¥³ï¼šå¼•ãå‡ºã—ã®ä¸­ã«ã‚‚ã†ä¸€æœ¬ã‚ã‚‹ã§ã— ã‚‡ã†ã€‚ 
ç”·ï¼šã‚ã£ã€ãã†ã€‚ 

äºŒäººã¯ä½•ã®è©±ã‚’ã—ã¦ã„ã¾ã™ã‹ã€‚ ";A;A;B;C;D;"è´è§£ã‚¹ã‚¯ãƒªãƒ—ãƒˆï¼š (13) ç”·ã®äººã¨å¥³ã®äººãŒè©±ã—ã¦ã„ã¾ã™ã€‚äºŒäººã¯ä½•ã®è©±ã‚’ã—ã¦ã„ã¾ã™ã‹ã€‚	
Script d'Ã©coute : (13) Un homme et une femme parlent. De quoi parlent-ils ? 
ç”·ï¼šã‚ã‚Œã€‚ã­ãˆã€ã“ã‚Œã€ã‚‚ã†å¤ãã¦ åˆ‡ã‚Œãªã„ã‚ˆã€‚	
Homme : Tiens. Dis, cette chose est vieille et ne coupe plus. 
å¥³ï¼šå¼•ãå‡ºã—ã®ä¸­ã« ã‚‚ã†ä¸€æœ¬ã‚ã‚‹ ã§ã—ã‚‡ã†ã€‚	
Femme : Il y en a une autre dans le tiroir, n'est-ce pas ? 
ç”·ï¼šã‚ã£ã€ãã†ã€‚
Homme : Ah, c'est vrai. 

äºŒäººã¯ä½•ã®è©±ã‚’ã—ã¦ã„ã¾ã™ã‹ã€‚	
Question finale : De quoi parlent-ils ?

Analyse et Justification
La question demande le sujet de la conversation (ä½•ã®è©±ã‚’ã—ã¦ã„ã¾ã™ã‹).
Les indices clÃ©s dans le dialogue sont :
Fonction : L'objet ne coupe plus (åˆ‡ã‚Œãªã„ã‚ˆ). Cela indique un outil tranchant ou coupant.
Quantificateur : La femme utilise le compteur ä¸€æœ¬ (ippon) pour dÃ©signer l'autre objet dans le tiroir (ã‚‚ã†ä¸€æœ¬ã‚ã‚‹). Ippon est le compteur utilisÃ© pour les objets longs et fins.
Les objets longs, fins et qui coupent comprennent gÃ©nÃ©ralement :
Couteau (ãƒŠã‚¤ãƒ•/åŒ…ä¸)
Ciseaux (ã¯ã•ã¿)
Crayon (ãˆã‚“ã´ã¤) (bien qu'on ne le dÃ©crive pas comme ""coupant"")
Stylo (ãƒšãƒ³) (ne coupe pas)
Dans un contexte domestique oÃ¹ l'on se plaint que quelque chose est ""trop vieux et ne coupe plus"", il s'agit le plus probablement d'un couteau ou d'une paire de ciseaux (que l'on range souvent dans un tiroir).
Le sujet gÃ©nÃ©ral de leur conversation est l'objet tranchant (qui ne coupe plus). Si l'on doit Ãªtre plus spÃ©cifique en utilisant le compteur, on peut parler de ciseaux ou d'un couteau.
Conclusion (Sujet de la conversation)
Ils parlent d'un objet qui coupe (comme des ciseaux ou un couteau) qui est devenu trop vieux et Ã©moussÃ©, et de l'endroit oÃ¹ trouver un remplaÃ§ant.
";2000_N3_13.jpg
2000;N3;"è´è§£ã‚¹ã‚¯ãƒªãƒ—ãƒˆï¼š (14) å¥³ã®äººãŒè©±ã—ã¦ã„ã¾ã™ã€‚ã“ã®äººã®ä»•äº‹ã¯ä½•ã§ã™ã‹ã€‚ 
å¥³ï¼šã¨ã«ã‹ãã€ä»•äº‹ã®æ™‚é–“ãŒé•·ãã¦ã€å¤§å¤‰ã§ã™ã€‚
å¤œã§ã‚‚æ°—åˆ†ã®æ‚ªã„äººãŒã„ã‚Œã°ã™ãã«è¦‹ã«è¡Œã‹ãª ã‘ã‚Œã°ãªã‚Šã¾ã›ã‚“ã€
ç—…äººã®ä¸–è©±ã¯ä¸€æ—¥ä¸­ä½•ãŒã‚ã‚‹ã‹ã‚ã‹ã‚Šã¾ã›ã‚“ã€‚
ã ã‹ã‚‰ã€ç§ãŸã¡ã¯ã„ã¤ã‚‚ä½•äººã‹ã§ä»•äº‹ã‚’ã—ã¦ã„ã¾ã™ã€‚ 

ã“ã®äººã®ä»•äº‹ã¯ä½•ã§ã™ã‹ã€‚ ";D;A;B;C;D;"è´è§£ã‚¹ã‚¯ãƒªãƒ—ãƒˆï¼š (14) å¥³ã®äººãŒè©±ã—ã¦ã„ã¾ã™ã€‚ã“ã®äººã®ä»•äº‹ã¯ä½•ã§ã™ã‹ã€‚	
Script d'Ã©coute : (14) Une femme parle. Quel est le mÃ©tier de cette personne ? 
å¥³ï¼šã¨ã«ã‹ãã€ ä»•äº‹ã®æ™‚é–“ãŒé•·ãã¦ã€å¤§å¤‰ã§ã™ã€‚	
Femme : Quoi qu'il en soit, les heures de travail sont longues, et c'est difficile. 
å¤œã§ã‚‚ æ°—åˆ†ã®æ‚ªã„äººãŒã„ã‚Œã°ã™ãã«è¦‹ã«è¡Œã‹ãªã‘ã‚Œã°ãªã‚Šã¾ã›ã‚“ã€	
MÃªme la nuit, si quelqu'un ne se sent pas bien, je dois aller le voir immÃ©diatement. 
ç—…äººã®ä¸–è©±ã¯ ä¸€æ—¥ä¸­ä½•ãŒã‚ã‚‹ã‹ã‚ã‹ã‚Šã¾ã›ã‚“ã€‚	
Je ne sais jamais ce qui peut arriver (il peut y avoir des urgences) tout au long de la journÃ©e lorsque je m'occupe des malades. 
ã ã‹ã‚‰ã€ç§ãŸã¡ã¯ ã„ã¤ã‚‚ä½•äººã‹ã§ä»•äº‹ã‚’ã—ã¦ã„ã¾ã™ã€‚	
C'est pourquoi nous travaillons toujours Ã  plusieurs personnes. 

ã“ã®äººã®ä»•äº‹ã¯ä½•ã§ã™ã‹ã€‚	
Question finale : Quel est le mÃ©tier de cette personne ?

Analyse et Justification
La question demande le mÃ©tier (ä»•äº‹) de la femme, en se basant sur la description de ses tÃ¢ches.
Les indices clÃ©s dÃ©crivant le travail sont :
Heures longues et difficiles (ä»•äº‹ã®æ™‚é–“ãŒé•·ãã¦ã€å¤§å¤‰)    Concerne de nombreux mÃ©tiers, mais souvent les soins.
Travail de nuit/Urgence (å¤œã§ã‚‚ã™ãã«è¦‹ã«è¡Œã‹ãªã‘ã‚Œã°ãªã‚Šã¾ã›ã‚“)    Indique une garde (mÃ©decine, sÃ©curitÃ©, etc.).
Soin des malades (ç—…äººã®ä¸–è©±ã¯...)    Indice principal. Cela dÃ©signe une profession mÃ©dicale ou de soins.
Travail en Ã©quipe (ã„ã¤ã‚‚ä½•äººã‹ã§ä»•äº‹ã‚’ã—ã¦ã„ã¾ã™)    Commun dans les hÃ´pitaux ou cliniques.
La profession qui correspond le mieux Ã  la prise en charge des malades (ç—…äººã®ä¸–è©±) y compris la nuit, dans un environnement oÃ¹ l'on est toujours en alerte pour les urgences (ä½•ãŒã‚ã‚‹ã‹ã‚ã‹ã‚Šã¾ã›ã‚“), est celle d'infirmiÃ¨re ou de mÃ©decin travaillant en milieu hospitalier.
Puisque la locutrice est une femme et que le rÃ´le est centrÃ© sur le soin et l'attention constante aux malades, la rÃ©ponse la plus courante dans ce type d'exercice est InfirmiÃ¨re (çœ‹è­·å¸« - Kangoshi ou çœ‹è­·å©¦ - Kangofu).
Conclusion (MÃ©tier)
Le mÃ©tier de cette personne est InfirmiÃ¨re (ou Personnel soignant/mÃ©dical).
";2000_N3_14.jpg
2000;N3;"è´è§£ã‚¹ã‚¯ãƒªãƒ—ãƒˆï¼š (1) å¥³ã®äººã¨ç”·ã®äººãŒè©±ã—ã¦ã„ã¾ã™ã€‚äºŒäººã¯ä½•ã‚’ã—ã¾ã™ã‹ã€‚ å¥³ï¼šã­ãˆã€ã‚¹ã‚±ãƒ¼ãƒˆã€è¡Œã‹ãªã„ï¼Ÿ 
ç”·ï¼šãˆãˆï¼Ÿå¯’ã„ã‚ˆã€‚ 
å¥³ï¼šå†¬ã¯ã„ã¤ã‚‚å¯’ã„ã®? 
ç”·ï¼šã‚¹ã‚­ãƒ¼ãªã‚‰ãª ã‚ã€‚ 
å¥³ï¼šå¯’ã„ã®ã¯åŒã˜ã§ã—ã‚‡ã†ã€‚ãã‚Œã«ã€ã‚¹ã‚­ãƒ¼ã¯ã“ã®è¿‘ãã˜ã‚ƒã§ããªã„ã—ã€ã­ãˆã€è¡Œã“ã†ã€‚ 
ç”·ï¼šã†ã‚“ã€‚ 

äºŒäººã¯ä½•ã‚’ã—ã¾ã™ã‹ã€‚ 

1ï¼ ã‚¹ã‚±ãƒ¼ãƒˆã‚’ã—ã¾ã™ã€‚ 
2ï¼ ã‚¹ã‚­ ãƒ¼ã‚’ã—ã¾ã™ã€‚ 
3ï¼ ã‚¹ã‚±ãƒ¼ãƒˆã‚‚ã‚¹ã‚­ãƒ¼ã‚‚ã—ã¾ã™ã€‚ 
4ï¼ ã‚¹ã‚±ãƒ¼ãƒˆã‚‚ã‚¹ã‚­ãƒ¼ã‚‚ã—ã¾ã›ã‚“ã€‚ ";A;A;B;C;D;"è´è§£ã‚¹ã‚¯ãƒªãƒ—ãƒˆï¼š (1) å¥³ã®äººã¨ç”·ã®äººãŒè©±ã—ã¦ã„ã¾ã™ã€‚äºŒäººã¯ä½•ã‚’ã—ã¾ã™ã‹ã€‚	
Script d'Ã©coute : (1) Un homme et une femme parlent. Que vont-ils faire ? 
å¥³ï¼šã­ãˆã€ ã‚¹ã‚±ãƒ¼ãƒˆã€è¡Œã‹ãªã„ï¼Ÿ	
Femme : Dis, on n'irait pas faire du patin Ã  glace ? 
ç”·ï¼šãˆãˆï¼Ÿå¯’ã„ã‚ˆã€‚	
Homme : Hein ? Il fait froid. 
å¥³ï¼šå†¬ã¯ã„ã¤ã‚‚å¯’ã„ã®?	
Femme : L'hiver, il fait toujours froid, non ? 
ç”·ï¼š ã‚¹ã‚­ãƒ¼ ãªã‚‰ãªã‚ã€‚	
Homme : Si c'Ã©tait du ski... 
å¥³ï¼šå¯’ã„ã®ã¯åŒã˜ã§ã—ã‚‡ã†ã€‚ãã‚Œã«ã€ ã‚¹ã‚­ãƒ¼ã¯ã“ã®è¿‘ãã˜ã‚ƒã§ããªã„ã—ã€ ã­ãˆã€è¡Œã“ã†ã€‚	
Femme : Il fait la mÃªme tempÃ©rature, non ? Et en plus, on ne peut pas faire de ski prÃ¨s d'ici. Allez, viens ! 
ç”·ï¼šã†ã‚“ã€‚	
Homme : D'accord. 

äºŒäººã¯ä½•ã‚’ã—ã¾ã™ã‹ã€‚	
Question finale : Que vont-ils faire ?

Analyse et Justification
La question demande l'activitÃ© finale que les deux personnes dÃ©cident de faire.
Proposition de la femme : Le patin Ã  glace (ã‚¹ã‚±ãƒ¼ãƒˆ).
Contre-proposition de l'homme : Le ski (ã‚¹ã‚­ãƒ¼).
Rejet du ski par la femme : Elle donne deux raisons pour rejeter le ski : 1) Il fait aussi froid, et 2) Ce n'est pas possible prÃ¨s d'ici (ã“ã®è¿‘ãã˜ã‚ƒã§ããªã„ã—).
DÃ©cision finale : La femme rÃ©itÃ¨re sa proposition (ã­ãˆã€è¡Œã“ã†), et l'homme y rÃ©pond par un simple Â« ã†ã‚“ Â» (D'accord), acceptant ainsi de faire ce que la femme proposait initialement.
L'activitÃ© qu'ils vont faire est le patin Ã  glace.
âœ… Choix de la Bonne RÃ©ponse
1ï¼ ã‚¹ã‚±ãƒ¼ãƒˆã‚’ã—ã¾ã™ã€‚ (Ils font du patin Ã  glace.)    Vrai
2ï¼ ã‚¹ã‚­ãƒ¼ã‚’ã—ã¾ã™ã€‚ (Ils font du ski.)    Faux
3ï¼ ã‚¹ã‚±ãƒ¼ãƒˆã‚‚ã‚¹ã‚­ãƒ¼ã‚‚ã—ã¾ã™ã€‚ (Ils font du patin Ã  glace et du ski.)    Faux
4ï¼ ã‚¹ã‚±ãƒ¼ãƒˆã‚‚ã‚¹ã‚­ãƒ¼ã‚‚ã—ã¾ã›ã‚“ã€‚ (Ils ne font ni l'un ni l'autre.)    Faux
";Pas dâ€™image
2000;N3;"è´è§£ã‚¹ã‚¯ãƒªãƒ—ãƒˆï¼š (2) å¥³ã®äººã¨ç”·ã®äººãŒè©±ã—ã¦ã„ã¾ã™ã€‚ç”°ä¸­ã•ã‚“ã¯ç”·ã®äººã«ä½•ã‚’è¨€ã„ã¾ã—ãŸã‹ã€‚ 
å¥³ï¼šç”°ä¸­ã•ã‚“ã€ä»Šæ—¥ç—…é™¢ã¸è¡Œã£ãŸã‚“ã§ã™ã‚ˆã­ã€‚ 
ç”·ï¼šãˆã£ï¼Ÿå›³æ›¸é¤¨ã¸è¡Œãã£ ã¦ã€å‡ºã¦ã„ã£ãŸã‚ˆã€‚ 
å¥³ï¼šãã†ã§ã™ã‹ã€‚ç—…é™¢ã«è¡Œãã‚“ã˜ã‚ƒãªã‹ã£ãŸã‚“ã§ã™ã‹ã€‚ 
ç”·ï¼šã‚ã€é•ã†ã‚“ã˜ã‚ƒãªã„ã€‚ 

ç”°ä¸­ã•ã‚“ã¯ç”·ã®äººã«ä½•ã¨è¨€ã„ã¾ã—ãŸã‹ã€‚ 

1ï¼ å›³æ›¸é¤¨ã¸ è¡Œãã€‚ 
2ï¼ ç—…é™¢ã¸è¡Œãã€‚ 
3ï¼ ç—…é™¢ã¸ã¯è¡Œã‹ãªã„ã€‚ 
4ï¼ ç—…é™¢ã¨å›³æ›¸é¤¨ã¸è¡Œãã€‚  ";A;A;B;C;D;"è´è§£ã‚¹ã‚¯ãƒªãƒ—ãƒˆï¼š (2) å¥³ã®äººã¨ç”·ã®äººãŒè©±ã—ã¦ã„ã¾ã™ã€‚ç”°ä¸­ã•ã‚“ã¯ç”·ã®äººã«ä½•ã‚’è¨€ã„ã¾ã—ãŸã‹ã€‚	
Script d'Ã©coute : (2) Une femme et un homme parlent. Qu'est-ce que Tanaka-san a dit Ã  l'homme ? 
å¥³ï¼šç”°ä¸­ã•ã‚“ã€ä»Šæ—¥ç—…é™¢ã¸è¡Œã£ãŸã‚“ã§ã™ã‚ˆã­ã€‚	
Femme : Tanaka-san est allÃ©e Ã  l'hÃ´pital aujourd'hui, n'est-ce pas ? 
ç”·ï¼šãˆã£ï¼Ÿ å›³æ›¸é¤¨ã¸è¡Œãã£ã¦ã€å‡ºã¦ã„ã£ãŸã‚ˆã€‚	
Homme : Hein ? Elle est sortie en disant qu'elle allait Ã  la bibliothÃ¨que. 
å¥³ï¼šãã†ã§ã™ã‹ã€‚ç—…é™¢ã«è¡Œãã‚“ã˜ã‚ƒãªã‹ã£ãŸã‚“ã§ã™ã‹ã€‚	
Femme : Ah bon ? Elle n'Ã©tait pas censÃ©e aller Ã  l'hÃ´pital ? 
ç”·ï¼šã‚ã€é•ã†ã‚“ã˜ã‚ƒãªã„ã€‚	
Homme : Ah, non, je ne crois pas. 

ç”°ä¸­ã•ã‚“ã¯ç”·ã®äººã«ä½•ã¨è¨€ã„ã¾ã—ãŸã‹ã€‚	
Question finale : Qu'est-ce que Tanaka-san a dit Ã  l'homme ?

Analyse et Justification
La question demande ce que Tanaka-san a dit Ã  l'homme (ç”°ä¸­ã•ã‚“ã¯ç”·ã®äººã«ä½•ã‚’è¨€ã„ã¾ã—ãŸã‹).
L'homme rÃ©pond Ã  la surprise de la femme en citant directement ce que Tanaka-san lui a dit avant de partir :
Â« å›³æ›¸é¤¨ã¸è¡Œãã£ã¦ã€å‡ºã¦ã„ã£ãŸã‚ˆã€‚Â»
å›³æ›¸é¤¨ã¸è¡Œã (Toshokan e iku) signifie ""aller Ã  la bibliothÃ¨que"".
ã£ã¦ (tte) est une particule de citation informelle.
Bien que la femme pense que Tanaka-san est allÃ©e Ã  l'hÃ´pital, l'homme est catÃ©gorique sur le fait que l'information qu'il a reÃ§ue directement d'elle Ã©tait qu'elle allait Ã  la bibliothÃ¨que.
âœ… Choix de la Bonne RÃ©ponse
1ï¼ å›³æ›¸é¤¨ã¸è¡Œãã€‚ (Elle va Ã  la bibliothÃ¨que.)    Vrai
2ï¼ ç—…é™¢ã¸è¡Œãã€‚ (Elle va Ã  l'hÃ´pital.)    Faux (C'est ce que la femme pensait.)
3ï¼ ç—…é™¢ã¸ã¯è¡Œã‹ãªã„ã€‚ (Elle ne va pas Ã  l'hÃ´pital.)    Faux (Ce n'est pas ce qu'elle a dit, mais ce qu'elle a laissÃ© entendre en disant le contraire.)
4ï¼ ç—…é™¢ã¨å›³æ›¸é¤¨ã¸è¡Œãã€‚ (Elle va Ã  l'hÃ´pital et Ã  la bibliothÃ¨que.)    Faux
La rÃ©ponse correcte est la 1.
";Pas dâ€™image
2000;N3;"è´è§£ã‚¹ã‚¯ãƒªãƒ—ãƒˆï¼š (3) ã‚¢ãƒŠã‚¦ãƒ³ã‚µãƒ¼ãŒå­ã©ã‚‚ã®å¯ã‚‹æ™‚é–“ã«ã¤ã„ã¦è©±ã—ã¦ã„ã¾ã™ã€‚æ˜¨æ—¥11æ™‚éãã¾ã§èµ·ãã¦ã„ãŸå­ã©ã‚‚ã¯ä½•äººã§ã—ãŸã‹ã€‚ 
ç”·ï¼šæœ€è¿‘ã®å­ã©ã‚‚ã¯å¯ã‚‹æ™‚é–“ãŒé…ã ãªã‚Šã¾ã—ãŸã­ã€‚
ã•ã£ã10äººã®å­ã©ã‚‚ã«èã„ã¦ã¿ãŸã‚“ã§ã™ã‘ã©ã€
æ˜¨æ—¥10æ™‚ã‚ˆã‚Šå‰ã«å¯ãŸå­ã©ã‚‚ã¯2äººã—ã‹ã„ã¾ã›ã‚“ã§ã—ãŸã€‚
10æ™‚ã‹ã‚‰11æ™‚ã¾ã§ãŒ3äººã€5äººã®å­ ã©ã‚‚ã¯11æ™‚éãã¾ã§èµ·ãã¦ã„ãŸãã†ã§ã™ã€‚
1æ™‚ã¾ã§èµ·ãã¦ã„ãŸå­ã©ã‚‚ã‚‚ä¸€äººã„ã¾ã—ãŸã€‚ 

æ˜¨æ—¥11æ™‚éãã¾ã§èµ·ãã¦ã„ãŸå­ã©ã‚‚ã¯ä½•äººã§ã—ãŸã‹ã€‚ 

1ï¼ 1äººã§ã— ãŸã€‚ 
2ï¼ 2äººã§ã—ãŸã€‚ 
3ï¼ 3äººã§ã—ãŸã€‚ 
4ï¼ 5äººã§ã—ãŸã€‚ 

";D;A;B;C;D;"è´è§£ã‚¹ã‚¯ãƒªãƒ—ãƒˆï¼š (3) ã‚¢ãƒŠã‚¦ãƒ³ã‚µãƒ¼ãŒå­ã©ã‚‚ã®å¯ã‚‹æ™‚é–“ã«ã¤ã„ã¦è©±ã—ã¦ã„ã¾ã™ã€‚æ˜¨æ—¥11æ™‚éãã¾ã§èµ·ãã¦ã„ãŸå­ã©ã‚‚ã¯ä½•äººã§ã—ãŸã‹ã€‚	
Script d'Ã©coute : (3) Un prÃ©sentateur parle de l'heure du coucher des enfants. Combien d'enfants sont restÃ©s Ã©veillÃ©s aprÃ¨s 23h00 hier ? 
ç”·ï¼šæœ€è¿‘ã®å­ã©ã‚‚ã¯å¯ã‚‹æ™‚é–“ãŒé…ããªã‚Šã¾ã—ãŸã­ã€‚ã•ã£ã10äººã®å­ã©ã‚‚ã«èã„ã¦ã¿ãŸã‚“ã§ã™ã‘ã©ã€	
Homme : Les enfants d'aujourd'hui se couchent tard, n'est-ce pas ? J'ai interrogÃ© 10 enfants. 
æ˜¨æ—¥10æ™‚ã‚ˆã‚Šå‰ã«å¯ãŸå­ã©ã‚‚ã¯2äººã—ã‹ã„ã¾ã›ã‚“ã§ã—ãŸã€‚	
Hier, seulement 2 enfants se sont couchÃ©s avant 22h00 (22h00 exclus). 
10æ™‚ã‹ã‚‰11æ™‚ã¾ã§ãŒ3äººã€	
3 enfants se sont couchÃ©s entre 22h00 et 23h00 (23h00 inclus). 
5äººã®å­ã©ã‚‚ã¯11æ™‚éãã¾ã§èµ·ãã¦ã„ãŸãã†ã§ã™ã€‚	
Et 5 enfants seraient restÃ©s Ã©veillÃ©s aprÃ¨s 23h00. 
1æ™‚ã¾ã§èµ·ãã¦ã„ãŸå­ã©ã‚‚ã‚‚ä¸€äººã„ã¾ã—ãŸã€‚	
(Parmi ces 5), il y avait aussi un enfant qui Ã©tait restÃ© Ã©veillÃ© jusqu'Ã  1h00. 

æ˜¨æ—¥11æ™‚éãã¾ã§èµ·ãã¦ã„ãŸå­ã©ã‚‚ã¯ä½•äººã§ã—ãŸã‹ã€‚	
Question finale : Combien d'enfants sont restÃ©s Ã©veillÃ©s aprÃ¨s 23h00 hier ?

Analyse et Justification
La question demande le nombre d'enfants qui sont restÃ©s Ã©veillÃ©s aprÃ¨s 23h00 (11æ™‚éãã¾ã§èµ·ãã¦ã„ãŸ).
L'homme donne directement ce chiffre dans la troisiÃ¨me phrase :
Â« 5äººã®å­ã©ã‚‚ã¯11æ™‚éãã¾ã§èµ·ãã¦ã„ãŸãã†ã§ã™ã€‚Â»
5äººã®å­ã©ã‚‚ (5 nin no kodomo) signifie ""5 enfants"".
Bien que l'homme mentionne ensuite qu'un de ces enfants est restÃ© Ã©veillÃ© jusqu'Ã  1h00, ce chiffre de 1 personne est inclus dans le groupe des 5 personnes qui sont restÃ©es Ã©veillÃ©es aprÃ¨s 23h00. Le nombre total d'enfants restÃ©s Ã©veillÃ©s aprÃ¨s 23h00 est donc 5.
âœ… Choix de la Bonne RÃ©ponse
1ï¼ 1äººã§ã—ãŸã€‚    Faux (C'est le nombre de ceux qui sont restÃ©s jusqu'Ã  1h00.)
2ï¼ 2äººã§ã—ãŸã€‚    Faux (Ceux qui se sont couchÃ©s avant 22h00.)
3ï¼ 3äººã§ã—ãŸã€‚    Faux (Ceux qui se sont couchÃ©s entre 22h00 et 23h00.)
4ï¼ 5äººã§ã—ãŸã€‚    Vrai
La rÃ©ponse correcte est la 4.
";Pas dâ€™image
2000;N3;"è´è§£ã‚¹ã‚¯ãƒªãƒ—ãƒˆï¼š  (4) ç”·ã®äººã¨å¥³ã®äººãŒè©±ã—ã¦ã„ã¾ã™ã€‚éˆ´æœ¨ã•ã‚“ã¯æ˜¨æ—¥ä½•ã¨è¨€ã„ã¾ã—ãŸã‹ã€‚ 
ç”·ï¼šéˆ´æœ¨ã•ã‚“ã€é…ã„ã§ã™ã­ã€‚ 
å¥³ï¼šä»Šæ—¥ã¯æ¥ã‚‹ã‹ã©ã†ã‹ã€‚ 
ç”·ï¼šãˆã£ï¼Ÿãã†ãªã‚“ã§ã™  ã‹ã€‚ 
å¥³ï¼šãˆãˆã€æ˜¨æ—¥ãã†è¨€ã£ã¦ã¾ã—ãŸã€‚ 

éˆ´æœ¨ã•ã‚“ã¯æ˜¨æ—¥ä½•ã¨è¨€ã„ã¾ã—ãŸã‹ã€‚ 

1ï¼ æ¥ã‚‹ã¨è¨€ã„ã¾ã—ãŸã€‚ 
2ï¼ æ¥ãªã„ã¨è¨€ã„ã¾ã—ãŸã€‚ 
3ï¼ é…ããªã‚‹ã¨è¨€ã„ã¾ã—ãŸã€‚ 
4ï¼  æ¥ã‚‹ã‹æ¥ãªã„ã‹åˆ†ã‹ã‚‰ãªã„ã¨è¨€ã„ã¾ã—ãŸã€‚    

";D;A;B;C;D;"è´è§£ã‚¹ã‚¯ãƒªãƒ—ãƒˆï¼š (4) ç”·ã®äººã¨å¥³ã®äººãŒè©±ã—ã¦ã„ã¾ã™ã€‚éˆ´æœ¨ã•ã‚“ã¯æ˜¨æ—¥ä½•ã¨è¨€ã„ã¾ã—ãŸã‹ã€‚	
Script d'Ã©coute : (4) Un homme et une femme parlent. Qu'a dit Suzuki-san hier ? 
ç”·ï¼šéˆ´æœ¨ã•ã‚“ã€é…ã„ã§ã™ã­ã€‚	
Homme : Suzuki-san est en retard. 
å¥³ï¼š ä»Šæ—¥ã¯æ¥ã‚‹ã‹ã©ã†ã‹ã€‚	
Femme : Je me demande s'il va venir aujourd'hui. 
ç”·ï¼šãˆã£ï¼Ÿãã†ãªã‚“ã§ã™ã‹ã€‚	
Homme : Hein ? Vraiment ? 
å¥³ï¼šãˆãˆã€æ˜¨æ—¥ãã†è¨€ã£ã¦ã¾ã—ãŸã€‚	
Femme : Oui, il a dit cela hier. 

éˆ´æœ¨ã•ã‚“ã¯æ˜¨æ—¥ä½•ã¨è¨€ã„ã¾ã—ãŸã‹ã€‚	
Question finale : Qu'a dit Suzuki-san hier ?

Analyse et Justification
La question demande ce que Suzuki-san a dit hier (éˆ´æœ¨ã•ã‚“ã¯æ˜¨æ—¥ä½•ã¨è¨€ã„ã¾ã—ãŸã‹).
L'homme s'inquiÃ¨te du retard de Suzuki-san. La femme rÃ©pond en utilisant l'expression Â« æ¥ã‚‹ã‹ã©ã†ã‹ Â» (Kuru ka dou ka), qui signifie ""s'il vient ou non"", ou ""il y a incertitude quant Ã  sa venue"".
Ensuite, elle confirme que Suzuki-san lui a dit cela la veille : Â« æ˜¨æ—¥ãã†è¨€ã£ã¦ã¾ã—ãŸ Â» (Il a dit cela hier).
L'homme a donc dit qu'il Ã©tait incertain de pouvoir venir aujourd'hui.
âœ… Choix de la Bonne RÃ©ponse
1ï¼ æ¥ã‚‹ã¨è¨€ã„ã¾ã—ãŸã€‚ (Il a dit qu'il viendrait.)    Faux
2ï¼ æ¥ãªã„ã¨è¨€ã„ã¾ã—ãŸã€‚ (Il a dit qu'il ne viendrait pas.)    Faux
3ï¼ é…ããªã‚‹ã¨è¨€ã„ã¾ã—ãŸã€‚ (Il a dit qu'il serait en retard.)    Faux
4ï¼ æ¥ã‚‹ã‹æ¥ãªã„ã‹åˆ†ã‹ã‚‰ãªã„ã¨è¨€ã„ã¾ã—ãŸã€‚ (Il a dit qu'il ne savait pas s'il viendrait.)    Vrai
La rÃ©ponse correcte est la 4.
";Pas dâ€™image
2000;N3;"è´è§£ã‚¹ã‚¯ãƒªãƒ—ãƒˆï¼š (5) ãŠæ¯ã•ã‚“ãŒå­ã©ã‚‚ãŸã¡ã«è©±ã—ã¦ã„ã¾ã™ã€‚ãŠæ¯ã•ã‚“ã¯å­ã©ã‚‚ãŸã¡ã«ã©ã†è¨€ã£ã¦ã„ã¾ã™ã‹ã€‚ 
æ¯ï¼šã­ãˆã€ã€ã¡ã‚‡ã£ã¨ã€ã‚ã‚“ãŸãŸã¡ã€ãƒ†ãƒ¬ãƒ“ã€æ¶ˆã—ãªã•ã„ã‚ˆã€‚
ä»Šã€å‹‰ å¼·ã—ã¦ã‚‹ã‚“ã§ã—ã‚‡ã†ã€‚ãƒ†ãƒ¬ãƒ“ã‚’è¦‹ã‚‹ã¨ãã¯ã€ãƒ†ãƒ¬ãƒ“ã‚’è¦‹ã‚‹ã€‚
å‹‰å¼·ã™ã‚‹ã¨ãã¯å‹‰å¼·ã™ã‚‹ã€‚ãƒ†ãƒ¬ãƒ“ãŒã¤ã„ã¦ã„ãŸã‚‰ã€å‹‰å¼·ãŒé ­ã«å…¥ã‚‰ãªã„ã§ã—ã‚‡ã†ã€‚ 
å­ï¼šã¯ãƒ¼ã„ã€‚ 

ãŠ æ¯ã•ã‚“ã¯å­ã©ã‚‚ãŸã¡ã«ã©ã†è¨€ã£ã¦ã„ã¾ã™ã‹ã€‚ 

1ï¼ äºŒäººã§ä¸€ç·’ã«å‹‰å¼·ã—ã¦ã¯ã„ã‘ã¾ã›ã‚“ã€‚ 
2ï¼ äºŒã¤ã®ã“ã¨ã‚’ä¸€ç·’ã«ã—ã¦ã¯ã„ã‘ã¾ã›ã‚“ã€‚ 
3ï¼ å‹‰å¼·ã°ã‹ã‚Šã—ã¦ã¯ ã„ã‘ã¾ã›ã‚“ã€‚ 
4ï¼ ãƒ†ãƒ¬ãƒ“ã°ã‹ã‚Šè¦‹ã¦ã¯ã„ã‘ã¾ã›ã‚“ã€‚  

";B;A;B;C;D;"è´è§£ã‚¹ã‚¯ãƒªãƒ—ãƒˆï¼š (5) ãŠæ¯ã•ã‚“ãŒå­ã©ã‚‚ãŸã¡ã«è©±ã—ã¦ã„ã¾ã™ã€‚ãŠæ¯ã•ã‚“ã¯å­ã©ã‚‚ãŸã¡ã«ã©ã†è¨€ã£ã¦ã„ã¾ã™ã‹ã€‚
Script d'Ã©coute : (5) Une mÃ¨re parle Ã  ses enfants. Que dit la mÃ¨re Ã  ses enfants ?
æ¯ï¼šã­ãˆã€ã€ã¡ã‚‡ã£ã¨ã€ã‚ã‚“ãŸãŸã¡ã€ ãƒ†ãƒ¬ãƒ“ã€æ¶ˆã—ãªã•ã„ã‚ˆã€‚
MÃ¨re : HÃ©, hÃ©, vous autres, Ã©teignez la tÃ©lÃ©vision.
ä»Šã€å‹‰å¼·ã—ã¦ã‚‹ã‚“ã§ã—ã‚‡ã†ã€‚
Vous Ãªtes en train d'Ã©tudier, n'est-ce pas ?
ãƒ†ãƒ¬ãƒ“ã‚’è¦‹ã‚‹ã¨ãã¯ã€ãƒ†ãƒ¬ãƒ“ã‚’è¦‹ã‚‹ã€‚ å‹‰å¼·ã™ã‚‹ã¨ãã¯å‹‰å¼·ã™ã‚‹ã€‚
Quand on regarde la tÃ©lÃ©vision, on regarde la tÃ©lÃ©vision. Quand on Ã©tudie, on Ã©tudie.
ãƒ†ãƒ¬ãƒ“ãŒã¤ã„ã¦ã„ãŸã‚‰ã€å‹‰å¼·ãŒé ­ã«å…¥ã‚‰ãªã„ã§ã—ã‚‡ã†ã€‚
Si la tÃ©lÃ©vision est allumÃ©e, les Ã©tudes ne rentreront pas dans vos tÃªtes, n'est-ce pas ?
å­ï¼šã¯ãƒ¼ã„ã€‚
Enfant : Oui !

ãŠæ¯ã•ã‚“ã¯å­ã©ã‚‚ãŸã¡ã«ã©ã†è¨€ã£ã¦ã„ã¾ã™ã‹ã€‚
Question finale : Que dit la mÃ¨re Ã  ses enfants ?

Analyse et Justification
La question demande le conseil gÃ©nÃ©ral que la mÃ¨re donne Ã  ses enfants.
La mÃ¨re insiste sur la rÃ¨gle de base :
Faire une chose Ã  la fois : regarder la tÃ©lÃ© OU Ã©tudier.
Elle dit clairement : Â« ãƒ†ãƒ¬ãƒ“ã‚’è¦‹ã‚‹ã¨ãã¯ã€ãƒ†ãƒ¬ãƒ“ã‚’è¦‹ã‚‹ã€‚å‹‰å¼·ã™ã‚‹ã¨ãã¯å‹‰å¼·ã™ã‚‹ã€‚Â» (Quand on regarde la tÃ©lÃ©vision, on regarde la tÃ©lÃ©vision. Quand on Ã©tudie, on Ã©tudie.)
La raison est que faire les deux en mÃªme temps (tÃ©lÃ©vision allumÃ©e pendant les Ã©tudes) empÃªche l'apprentissage.
Le message principal est qu'il ne faut pas faire deux choses en mÃªme temps si l'une d'elles interfÃ¨re avec l'autre.
âœ… Choix de la Bonne RÃ©ponse
1ï¼ äºŒäººã§ä¸€ç·’ã«å‹‰å¼·ã—ã¦ã¯ã„ã‘ã¾ã›ã‚“ã€‚ (Il ne faut pas Ã©tudier Ã  deux.)    Faux (Le sujet n'est pas l'Ã©tude en groupe.)
2ï¼ äºŒã¤ã®ã“ã¨ã‚’ä¸€ç·’ã«ã—ã¦ã¯ã„ã‘ã¾ã›ã‚“ã€‚ (Il ne faut pas faire deux choses en mÃªme temps.)    Vrai (C'est le rÃ©sumÃ© de ""quand on Ã©tudie, on Ã©tudie ; quand on regarde la tÃ©lÃ©, on regarde la tÃ©lÃ©"").
3ï¼ å‹‰å¼·ã°ã‹ã‚Šã—ã¦ã¯ã„ã‘ã¾ã›ã‚“ã€‚ (Il ne faut pas seulement Ã©tudier.)    Faux (Elle veut qu'ils Ã©tudient sÃ©rieusement.)
4ï¼ ãƒ†ãƒ¬ãƒ“ã°ã‹ã‚Šè¦‹ã¦ã¯ã„ã‘ã¾ã›ã‚“ã€‚ (Il ne faut pas seulement regarder la tÃ©lÃ©vision.)    Faux (Ce n'est pas le point central, le problÃ¨me est le mÃ©lange des activitÃ©s.)
La rÃ©ponse correcte est la 2.
";Pas dâ€™image
2000;N3;"è´è§£ã‚¹ã‚¯ãƒªãƒ—ãƒˆï¼š (6) å¥³ã®äººã¨ç”·ã®äººãŒãƒ†ãƒ¼ãƒ–ãƒ«ã‚’è¦‹ã¦ã„ã¾ã™ã€‚ãã®ãƒ†ãƒ¼ãƒ–ãƒ«ã«ã¤ã„ã¦ä½•ãŒã‚ˆããªã„ã¨è¨€ã£ã¦ã„ã¾ã™ã‹ã€‚ 
å¥³ï¼šã“ã®ãƒ†ãƒ¼ãƒ–ãƒ«ã¯ã©ã†ï¼Ÿ 
ç”·ï¼šãã‚Œã„ãªé»„è‰²ã ã­ ãˆã€‚ã§ã‚‚ã€ã¡ã‚‡ã£ã¨é«˜ã„ã‹ãªã€‚ 
å¥³ï¼š1ä¸‡å††ã ã‹ã‚‰ã€ã¾ã‚ã¾ã‚ã˜ã‚ƒãªã„ã€‚ 
ç”·ï¼šãã†ã˜ã‚ƒãªãã¦ã€é«˜ã•ãŒã€‚ 
å¥³ï¼šã†ã‚“ã€ãã†ã­ã€‚å½¢ã¯ã„ã„ã‚“ã ã‘ã©ã­ãˆã€‚

 ä½•ãŒã‚ˆããªã„ã¨ è¨€ã£ã¦ã„ã¾ã™ã‹ã€‚  ";C;A;B;C;D;"è´è§£ã‚¹ã‚¯ãƒªãƒ—ãƒˆï¼š (6) å¥³ã®äººã¨ç”·ã®äººãŒãƒ†ãƒ¼ãƒ–ãƒ«ã‚’è¦‹ã¦ã„ã¾ã™ã€‚ãã®ãƒ†ãƒ¼ãƒ–ãƒ«ã«ã¤ã„ã¦ä½•ãŒã‚ˆããªã„ã¨è¨€ã£ã¦ã„ã¾ã™ã‹ã€‚	
Script d'Ã©coute : (6) Une femme et un homme regardent une table. Que disent-ils qui ne va pas avec cette table ? 
å¥³ï¼šã“ã®ãƒ†ãƒ¼ãƒ–ãƒ«ã¯ã©ã†ï¼Ÿ	
Femme : Que penses-tu de cette table ? 
ç”·ï¼šãã‚Œã„ãªé»„è‰²ã ã­ ãˆã€‚ã§ã‚‚ã€ ã¡ã‚‡ã£ã¨é«˜ã„ã‹ãªã€‚	
Homme : Elle a un beau jaune. Mais, elle est un peu chÃ¨re, non ? 
å¥³ï¼š1ä¸‡å††ã ã‹ã‚‰ã€ã¾ã‚ã¾ã‚ã˜ã‚ƒãªã„ã€‚	
Femme : Pour 10 000 yens, c'est raisonnable, non ? 
ç”·ï¼š ãã†ã˜ã‚ƒãªãã¦ã€ é«˜ã•ãŒã€‚	
Homme : Ce n'est pas Ã§a, je parlais de la hauteur. 
å¥³ï¼šã†ã‚“ã€ãã†ã­ã€‚å½¢ã¯ã„ã„ã‚“ã ã‘ã©ã­ãˆã€‚	
Femme : Oui, c'est vrai. Pourtant, la forme est bien... 

ä½•ãŒã‚ˆããªã„ã¨è¨€ã£ã¦ã„ã¾ã™ã‹ã€‚	
Question finale : Qu'est-ce qu'ils disent qui ne va pas ?

Analyse et Justification
La question demande quel est le dÃ©faut (ä½•ãŒã‚ˆããªã„) de la table, selon la conversation.
Indice 1 (Prix) : L'homme utilise initialement le mot é«˜ã„ (takai). La femme pense qu'il parle du prix (10 000 yens) et dit que c'est raisonnable.
Correction (ClÃ©) : L'homme rectifie immÃ©diatement : Â« ãã†ã˜ã‚ƒãªãã¦ã€é«˜ã•ãŒã€‚Â» (Ce n'est pas Ã§a, c'est la hauteur.)
Ils s'accordent ensuite sur ce dÃ©faut (ã†ã‚“ã€ãã†ã­), mÃªme s'ils trouvent la couleur et la forme jolies. Le problÃ¨me est donc la hauteur de la table.
Conclusion (DÃ©faut)
Le problÃ¨me de la table est sa hauteur (é«˜ã•).
";Pas dâ€™image
2000;N3;"è´è§£ã‚¹ã‚¯ãƒªãƒ—ãƒˆï¼š (7) ç”·ã®äººã¨å¥³ã®äººãŒè©±ã—ã¦ã„ã¾ã™ã€‚ç”·ã®äººã¯ã©ã†ã—ã¦é…ããªã‚Šã¾ã—ãŸã‹ã€‚ 
ç”·ï¼šã‚ã‚ã€ã”ã‚ã‚“ã€ã”ã‚ã‚“ã€‚å¾…ã£ãŸï¼Ÿ 
å¥³ï¼šå¾…ã£ãŸã‚ã‚ˆã€‚30åˆ†ã‚‚ã€‚ 
ç”·ï¼šã”ã‚ã‚“ã­ãˆã€‚ ãƒã‚¹ãŒãªã‹ãªã‹æ¥ãªãã¦ã€‚ 
å¥³ï¼šã‚ãªãŸã€ãƒã‚¹ã€ä¹—ã‚‰ãªã„ã§ã—ã‚‡ã†ã€‚ 
ç”·ï¼šã‚ã‚ã€ã„ã¤ã‚‚é§…ã¾ã§è‡ªè»¢è»Šã ã‹ã‚‰ã­ã€‚ã‚ã‚ã€ãã†ãã†ã€è‡ªè»¢è»Šã¯å£Šã‚Œã¡ã‚ƒã£ã¦ã€ã‚‚ã†ãŸã„ ã¸ã‚“ã€‚ 
å¥³ï¼šã“ã‚Œã‚‚ã†ããªã‚“ã§ã—ã‚‡ã†ã€‚ 
ç”·ï¼šã”ã‚ã‚“ã€ã†ãã€‚ã‚ã®ã†ã€æœã€æ™‚è¨ˆãŒé³´ã‚‰ãªãã¦ã€èµ·ãã‚‰ã‚Œãªã‹ã£ãŸã‚“ã ã€‚ 
å¥³ï¼šæ™‚è¨ˆãŒé³´ã£ãŸã®ã«èµ·ããªã‹ã£ãŸã‚“ã§ã—ã‚‡ ã†ã€‚ 
ç”·ï¼šã”ã‚ã‚“ãªã•ã„ã€ãã†ãªã‚“ã ã€‚ 

ç”·ã®äººã¯ã©ã†ã—ã¦é…ããªã‚Šã¾ã—ãŸã‹ã€‚ 

1ï¼ æœå¯åŠã‚’ã—ãŸã‹ã‚‰ã§ã™ã€‚ 
2ï¼ ãƒã‚¹ãŒé…ã‚ŒãŸã‹ã‚‰ã§ã™ã€‚ 
3ï¼ è‡ªè»¢è»ŠãŒå£Šã‚ŒãŸã‹ ã‚‰ã§ã™ã€‚ 
4ï¼ æ™‚è¨ˆãŒé³´ã‚‰ãªã‹ã£ãŸã‹ã‚‰ã§ã™ã€‚ 

";A;A;B;C;D;"è´è§£ã‚¹ã‚¯ãƒªãƒ—ãƒˆï¼š (7) ç”·ã®äººã¨å¥³ã®äººãŒè©±ã—ã¦ã„ã¾ã™ã€‚ç”·ã®äººã¯ã©ã†ã—ã¦é…ããªã‚Šã¾ã—ãŸã‹ã€‚
Script d'Ã©coute : (7) Un homme et une femme parlent. Pourquoi l'homme est-il en retard ?
ç”·ï¼šã‚ã‚ã€ã”ã‚ã‚“ã€ã”ã‚ã‚“ã€‚å¾…ã£ãŸï¼Ÿ
Homme : Ah, dÃ©solÃ©, dÃ©solÃ©. Tu as attendu ?
å¥³ï¼šå¾…ã£ãŸã‚ã‚ˆã€‚30åˆ†ã‚‚ã€‚
Femme : Oui, j'ai attendu ! Trente minutes !
ç”·ï¼šã”ã‚ã‚“ã­ãˆã€‚ ãƒã‚¹ãŒãªã‹ãªã‹æ¥ãªãã¦ã€‚
Homme : Excuse-moi. Le bus n'arrivait pas.
å¥³ï¼š ã‚ãªãŸã€ãƒã‚¹ã€ä¹—ã‚‰ãªã„ã§ã—ã‚‡ã†ã€‚
Femme : Mais tu ne prends pas le bus, si ?
ç”·ï¼šã‚ã‚ã€ã„ã¤ã‚‚é§…ã¾ã§è‡ªè»¢è»Šã ã‹ã‚‰ã­ã€‚ ã‚ã‚ã€ãã†ãã†ã€è‡ªè»¢è»Šã¯å£Šã‚Œã¡ã‚ƒã£ã¦ã€ ã‚‚ã†ãŸã„ã¸ã‚“ã€‚
Homme : Ah, c'est vrai, d'habitude je prends mon vÃ©lo jusqu'Ã  la gare. Ah, oui, oui, mon vÃ©lo est tombÃ© en panne, c'Ã©tait terrible.
å¥³ï¼š ã“ã‚Œã‚‚ã†ããªã‚“ã§ã—ã‚‡ã†ã€‚
Femme : C'est encore un mensonge, n'est-ce pas ?
ç”·ï¼šã”ã‚ã‚“ã€ã†ãã€‚ã‚ã®ã†ã€æœã€ æ™‚è¨ˆãŒé³´ã‚‰ãªãã¦ã€ èµ·ãã‚‰ã‚Œãªã‹ã£ãŸã‚“ã ã€‚
Homme : DÃ©solÃ©, c'est un mensonge. Euh, le rÃ©veil n'a pas sonnÃ© ce matin, et je n'ai pas pu me lever.
å¥³ï¼š æ™‚è¨ˆãŒé³´ã£ãŸã®ã«èµ·ããªã‹ã£ãŸã‚“ã§ã—ã‚‡ã†ã€‚
Femme : Le rÃ©veil a sonnÃ©, mais tu ne t'es pas levÃ©, n'est-ce pas ?
ç”·ï¼šã”ã‚ã‚“ãªã•ã„ã€ ãã†ãªã‚“ã ã€‚
Homme : Je suis dÃ©solÃ©, c'est Ã§a

.ç”·ã®äººã¯ã©ã†ã—ã¦é…ããªã‚Šã¾ã—ãŸã‹ã€‚
Question finale : Pourquoi l'homme est-il en retard ?

Analyse et Justification
La question demande la vÃ©ritable raison du retard de l'homme, car il donne plusieurs excuses qui sont progressivement dÃ©mystifiÃ©es par la femme.
Excuse 1 : Le bus Ã©tait en retard (ãƒã‚¹ãŒãªã‹ãªã‹æ¥ãªãã¦).    La femme rejette cette excuse car il ne prend pas le bus. (Faux)
Excuse 2 : Son vÃ©lo est tombÃ© en panne (è‡ªè»¢è»ŠãŒå£Šã‚Œã¡ã‚ƒã£ã¦).    La femme rejette cette excuse en l'accusant de mentir. (Faux)
Excuse 3 (AvouÃ©e) : Le rÃ©veil n'a pas sonnÃ© (æ™‚è¨ˆãŒé³´ã‚‰ãªãã¦, èµ·ãã‚‰ã‚Œãªã‹ã£ãŸ).    L'homme avoue le mensonge prÃ©cÃ©dent, mais donne cette nouvelle raison.
VÃ©ritable Raison (ClÃ©) : La femme met le doigt sur la vÃ©ritÃ© finale : Â« æ™‚è¨ˆãŒé³´ã£ãŸã®ã«èµ·ããªã‹ã£ãŸã‚“ã§ã—ã‚‡ã†ã€‚Â» (Le rÃ©veil a sonnÃ©, mais tu ne t'es pas levÃ©, n'est-ce pas ?). L'homme rÃ©pond : Â« ã”ã‚ã‚“ãªã•ã„ã€ãã†ãªã‚“ã ã€‚Â» (DÃ©solÃ©, c'est Ã§a.)
La cause ultime et avouÃ©e est qu'il n'a pas rÃ©ussi Ã  se lever malgrÃ© l'alarme. En japonais, on appelle cela æœå¯åŠ (asanebÅ), ou faire la grasse matinÃ©e/se rÃ©veiller tard.
âœ… Choix de la Bonne RÃ©ponse
1ï¼ æœå¯åŠã‚’ã—ãŸã‹ã‚‰ã§ã™ã€‚ (Parce qu'il s'est rÃ©veillÃ© tard.)    Vrai
2ï¼ ãƒã‚¹ãŒé…ã‚ŒãŸã‹ã‚‰ã§ã™ã€‚ (Parce que le bus Ã©tait en retard.)    Faux (C'est un mensonge.)
3ï¼ è‡ªè»¢è»ŠãŒå£Šã‚ŒãŸã‹ã‚‰ã§ã™ã€‚ (Parce que le vÃ©lo est tombÃ© en panne.)    Faux (C'est un mensonge.)
4ï¼ æ™‚è¨ˆãŒé³´ã‚‰ãªã‹ã£ãŸã‹ã‚‰ã§ã™ã€‚ (Parce que le rÃ©veil n'a pas sonnÃ©.)    Faux (C'Ã©tait son troisiÃ¨me mensonge; la femme a rÃ©tabli la vÃ©ritÃ©.)
La rÃ©ponse correcte est la 1.
";Pas dâ€™image
2000;N3;"è´è§£ã‚¹ã‚¯ãƒªãƒ—ãƒˆï¼š (8) å¥³ã®äººã¨ç”·ã®äººãŒè©±ã—ã¦ã„ã¾ã™ã€‚ç”·ã®äººã¯é§…ã§ã©ã†ã—ã¾ã—ãŸã‹ã€‚ 
å¥³ï¼šæ˜¨æ—¥ã€ä¼šç¤¾ã¸è¡Œã£ãŸã‚“ã§ã™ã‹ã€‚ 
ç”·ï¼šãˆãˆã€‚ 
å¥³ï¼šã˜ã‚ƒã€é›»è»Šã®äº‹æ•…ã§ãŸã„ã¸ã‚“ã ã£ ãŸã§ã—ã‚‡ã†ã€‚ 
ç”·ï¼šã„ã„ãˆã€é§…ã®å‰ã‹ã‚‰ã™ããƒã‚¹ãŒå‡ºãŸã®ã§ã€‚ 
å¥³ï¼šãã†ã§ã—ãŸã‹ã€‚ 
ç”·ï¼šã¡ã‚‡ã†ã©é›»è»Šã«ä¹—ã‚‹ã¨ã“ã‚ã ã£ãŸã‚“ã§ã™ã‘ã©ã€‚
 
å¥³ï¼šã‚ã‚ã€ãã†ã€‚ ç”·ã®äººã¯ é§…ã§ã©ã†ã—ã¾ã—ãŸã‹ã€‚ 

1ï¼ é›»è»Šã«ä¹—ã‚Šã¾ã—ãŸã€‚ 
2ï¼ é›»è»Šã‚’é•·ãå¾…ã¡ã¾ã—ãŸã€‚ 
3ï¼ ãƒã‚¹ã«ä¹—ã‚Šã¾ã—ãŸã€‚ 
4ï¼ ãƒã‚¹ã‚’é•·ãå¾…ã¡ã¾ã—ãŸã€‚  ";C;A;B;C;D;"è´è§£ã‚¹ã‚¯ãƒªãƒ—ãƒˆï¼š (8) å¥³ã®äººã¨ç”·ã®äººãŒè©±ã—ã¦ã„ã¾ã™ã€‚ç”·ã®äººã¯é§…ã§ã©ã†ã—ã¾ã—ãŸã‹ã€‚	
Script d'Ã©coute : (8) Un homme et une femme parlent. Qu'a fait l'homme Ã  la gare ? 
å¥³ï¼šæ˜¨æ—¥ã€ä¼šç¤¾ã¸è¡Œã£ãŸã‚“ã§ã™ã‹ã€‚	
Femme : Vous Ãªtes allÃ© au bureau hier ? 
ç”·ï¼šãˆãˆã€‚	
Homme : Oui. 
å¥³ï¼šã˜ã‚ƒã€ é›»è»Šã®äº‹æ•…ã§ãŸã„ã¸ã‚“ã ã£ãŸã§ã—ã‚‡ã†ã€‚	
Femme : Alors, Ã§a a dÃ» Ãªtre difficile Ã  cause de l'accident de train, n'est-ce pas ? 
ç”·ï¼šã„ã„ãˆã€ é§…ã®å‰ã‹ã‚‰ã™ããƒã‚¹ãŒå‡ºãŸã®ã§ã€‚	
Homme : Non, parce qu'un bus est parti immÃ©diatement de devant la gare. 
å¥³ï¼šãã†ã§ã—ãŸã‹ã€‚	
Femme : Ah, d'accord. 
ç”·ï¼šã¡ã‚‡ã†ã©é›»è»Šã«ä¹—ã‚‹ã¨ã“ã‚ã ã£ãŸã‚“ã§ã™ã‘ã©ã€‚	
Homme : J'Ã©tais justement sur le point de monter dans le train. 

ç”·ã®äººã¯é§…ã§ã©ã†ã—ã¾ã—ãŸã‹ã€‚	
è³ªå•ï¼š ç”·ã®äººã¯é§…ã§ã©ã†ã—ã¾ã—ãŸã‹ã€‚
Qu'a fait l'homme Ã  la gare ?
La question est : Qu'a fait l'homme Ã  la gare ? (ç”·ã®äººã¯é§…ã§ã©ã†ã—ã¾ã—ãŸã‹ã€‚)
Contexte : La femme suggÃ¨re que l'homme a eu des difficultÃ©s Ã  cause d'un accident de train (é›»è»Šã®äº‹æ•…ã§ãŸã„ã¸ã‚“ã ã£ãŸã§ã—ã‚‡ã†).
Action de l'homme (ClÃ©) : L'homme rÃ©pond qu'il n'a pas eu de difficultÃ© parce qu'Â« un bus est parti immÃ©diatement de devant la gare Â» (é§…ã®å‰ã‹ã‚‰ã™ããƒã‚¹ãŒå‡ºãŸã®ã§).
Intention manquÃ©e : Il prÃ©cise qu'il Ã©tait sur le point de prendre le train (ã¡ã‚‡ã†ã©é›»è»Šã«ä¹—ã‚‹ã¨ã“ã‚ã ã£ãŸ), mais a clairement changÃ© d'avis pour le bus.
L'homme a donc pris le bus immÃ©diatement, contournant ainsi le problÃ¨me de train.
âœ… Choix de la Bonne RÃ©ponse
1ï¼ Il a pris le train.    Faux.
2ï¼ Il a attendu le train longtemps.    Faux.
3ï¼ Il a pris le bus.    Vrai.
4ï¼ Il a attendu le bus longtemps.    Faux (Le bus est parti immÃ©diatement).
La rÃ©ponse correcte est la 3.
";Pas dâ€™image
2000;N3;"è´è§£ã‚¹ã‚¯ãƒªãƒ—ãƒˆï¼š (9) ç”·ã®å­ã¨ãŠæ¯ã•ã‚“ãŒè©±ã—ã¦ã„ã¾ã™ã€‚ãŠã˜ã•ã‚“ã¯ä»Šæ™©ã©ã“ã§å¯ã¾ã™ã‹ã€‚ãŠã˜ã•ã‚“ã§ã™ã€‚ 
å­ï¼šä»Šæ™©ã€ãŠã˜ã•ã‚“ã€æ¥ã‚‹ã‚“ã§ã—ã‚‡ã†ã€‚ãŠã˜ã•ã‚“ã€å¿œæ¥é–“ã§å¯ã‚‹ã‚“ã  ã‚ˆã­ã€‚ 
æ¯ï¼šä½•è¨€ã£ã¦ã‚‹ã®ï¼Ÿã‚ãªãŸã®éƒ¨å±‹ã§ã—ã‚‡ã†ã€‚ã‚‚ã¡ã‚ã‚“ã€ã‚ãªãŸã¯ãŠå…„ã¡ã‚ƒã‚“ã®éƒ¨å±‹ã§å¯ã¦ã€‚ 
å­ï¼šã„ã‚„ã ã‚ˆã€ã¼ãã€‚ 
æ¯ï¼šã˜ã‚ƒã‚ã€ãŠã˜ã•ã‚“ã¨ä¸€ç·’ã«å¯ã‚‹ï¼Ÿ 
å­ï¼šã ã£ã¦ã€ç‹­ã„ã‚‚ã‚“ã€åƒ•ã®éƒ¨å±‹ã€‚
æ¯ï¼šã˜ã‚ƒã‚ã€å°æ‰€ã§å¯ã‚‹ï¼Ÿ 
å­ï¼šã²ã©ã„ãªã‚ã€‚ã„ã„ã‚ˆã€‚ã˜ã‚ƒã€ãŠå…„ã¡ã‚ƒã‚“ã®éƒ¨å±‹ã§ã€‚ 

ãŠã˜ã•ã‚“ã¯ä»Šæ™©ã©ã“ã§å¯ã¾ã™ã‹ã€‚ 

1ï¼ å¿œ æ¥é–“ã§ã™ã€‚ 
2ï¼ ç”·ã®å­ã®éƒ¨å±‹ã§ã™ã€‚ 
3ï¼ ç”·ã®å­ã®ãŠå…„ã•ã‚“ã®éƒ¨å±‹ã§ã™ã€‚ 
4ï¼ å°æ‰€ã§ã™ã€‚ 

";B;A;B;C;D;"å¥³ï¼šæ˜¨æ—¥ã€ä¼šç¤¾ã¸è¡Œã£ãŸã‚“ã§ã™ã‹ã€‚	
Femme : Vous Ãªtes allÃ© au bureau hier ? 
ç”·ï¼šãˆãˆã€‚	
Homme : Oui. 
å¥³ï¼šã˜ã‚ƒã€é›»è»Šã®äº‹æ•…ã§ãŸã„ã¸ã‚“ã ã£ãŸã§ã—ã‚‡ã†ã€‚	
Femme : Alors, Ã§a a dÃ» Ãªtre difficile Ã  cause de l'accident de train, n'est-ce pas ? 
ç”·ï¼šã„ã„ãˆã€ é§…ã®å‰ã‹ã‚‰ã™ããƒã‚¹ãŒå‡ºãŸã®ã§ã€‚	
Homme : Non, parce qu'un bus est parti immÃ©diatement de devant la gare. 
å¥³ï¼šãã†ã§ã—ãŸã‹ã€‚	
Femme : Ah, d'accord. 
ç”·ï¼šã¡ã‚‡ã†ã©é›»è»Šã«ä¹—ã‚‹ã¨ã“ã‚ã ã£ãŸã‚“ã§ã™ã‘ã©ã€‚	
Homme : J'Ã©tais justement sur le point de monter dans le train.

Analyse et Justification
La question demande ce que l'homme a fait Ã  la gare (ç”·ã®äººã¯é§…ã§ã©ã†ã—ã¾ã—ãŸã‹).
La femme suppose qu'un accident de train a causÃ© des problÃ¨mes.
L'homme nie avoir eu des problÃ¨mes parce qu'il a pris une alternative : Â« un bus est parti immÃ©diatement de devant la gare Â» (é§…ã®å‰ã‹ã‚‰ã™ããƒã‚¹ãŒå‡ºãŸã®ã§).
Il prÃ©cise qu'il Ã©tait sur le point de prendre le train, mais ne l'a pas fait.
L'action qu'il a rÃ©ellement entreprise est donc de prendre le bus.
âœ… Choix de la Bonne RÃ©ponse
1ï¼ é›»è»Šã«ä¹—ã‚Šã¾ã—ãŸã€‚ (Il a pris le train.)    Faux.
2ï¼ é›»è»Šã‚’é•·ãå¾…ã¡ã¾ã—ãŸã€‚ (Il a attendu le train longtemps.)    Faux (Il a pris le bus immÃ©diatement).
3ï¼ ãƒã‚¹ã«ä¹—ã‚Šã¾ã—ãŸã€‚ (Il a pris le bus.)    Vrai.
4ï¼ ãƒã‚¹ã‚’é•·ãå¾…ã¡ã¾ã—ãŸã€‚ (Il a attendu le bus longtemps.)    Faux (Le bus est parti tout de suite).
La rÃ©ponse correcte est la 3.
";Pas dâ€™image
2000;N3;"è´è§£ã‚¹ã‚¯ãƒªãƒ—ãƒˆï¼š (10) ä¸­å·ã•ã‚“ãŒç”°ä¸­å…ˆç”Ÿã«é›»è©±ã‚’æ›ã‘ã¾ã—ãŸã€‚ã“ã®ã‚ã¨ã€èª°ãŒä½•æ™‚ã«é›»è©±ã‚’æ›ã‘ã¾ã™ã‹ã€‚ 
ç”·ï¼šã‚‚ã—ã‚‚ã—ã€ç”°ä¸­å…ˆç”Ÿã®ãŠå®…ã§ã™ã‹ã€‚ 
å¥³ï¼šã¯ã„ã€‚ 
ç”·ï¼šä¸­å·ã¨ ç”³ã—ã¾ã™ãŒã€å…ˆç”Ÿã€ã„ã‚‰ã£ã—ã‚ƒã„ã¾ã™ã‹ã€‚ 
å¥³ï¼šã‚ã®ã†ã€ã¡ã‚‡ã£ã¨å‡ºã¦ã„ã‚‹ã‚“ã§ã™ãŒã€‚ 
ç”·ï¼šã‚ã®ã†ã€ä½•æ™‚ã”ã‚ãŠå¸°ã‚Šã«ã€‚ 
å¥³ï¼šãã†ã§ã™ã­ãˆã€9æ™‚ã«ã¯å¸°ã‚‹ã£ã¦è¨€ã£ ã¦ã„ã¾ã—ãŸãŒã€ã‚‚ã†10æ™‚ã§ã™ã‚ˆã­ãˆã€‚ã“ã¡ã‚‰ã‹ã‚‰ãŠé›»è©±ã‚’ã—ã¾ã—ã‚‡ã†ã‹ã€‚ 
ç”·ï¼šã„ãˆã„ãˆã€ã“ã¡ã‚‰ã‹ã‚‰ã€1æ™‚é–“ãã‚‰ã„å¾Œã§ãŠé›»è©±ã‚’å·®ã—ä¸Šã’ã¦ã‚‚ã‚ˆã‚ã—ã„ã§ã—ã‚‡ã† ã‹ã€‚ 
å¥³ï¼šã¯ã„ã€‚ã˜ã‚ƒã€ãŠå¾…ã¡ã—ã¦ã„ã¾ã™ã€‚ 

èª°ãŒä½•æ™‚ã«é›»è©±ã‚’æ›ã‘ã¾ã™ã‹ã€‚ 

1ï¼ å…ˆç”ŸãŒ1æ™‚ã«é›»è©±ã‚’æ›ã‘ã¾ã™ã€‚ 
2ï¼ å…ˆç”ŸãŒ11æ™‚ã«é›»è©±ã‚’æ›ã‘ã¾ã™ã€‚ 
3ï¼ ä¸­å·å…ˆç”ŸãŒ1æ™‚ã«é›»è©±ã‚’æ›ã‘ã¾ã™ã€‚ 
4ï¼ ä¸­å·å…ˆç”ŸãŒ11æ™‚ã«é›»è©±ã‚’æ›ã‘ã¾ã™ã€‚ ";D;A;B;C;D;"è´è§£ã‚¹ã‚¯ãƒªãƒ—ãƒˆï¼š (10) ä¸­å·ã•ã‚“ãŒç”°ä¸­å…ˆç”Ÿã«é›»è©±ã‚’æ›ã‘ã¾ã—ãŸã€‚ã“ã®ã‚ã¨ã€èª°ãŒä½•æ™‚ã«é›»è©±ã‚’æ›ã‘ã¾ã™ã‹ã€‚	
Script d'Ã©coute : (10) M. Nakagawa a appelÃ© Tanaka-sensei. Qui va appeler et Ã  quelle heure ? 
ç”·ï¼šä¸­å·ã¨ç”³ã—ã¾ã™ãŒã€å…ˆç”Ÿã€ã„ã‚‰ã£ã—ã‚ƒã„ã¾ã™ã‹ã€‚	
Homme (Nakagawa) : Je suis Nakagawa. Est-ce que M. Tanaka est lÃ  ? 
å¥³ï¼šã‚ã®ã†ã€ã¡ã‚‡ã£ã¨å‡ºã¦ã„ã‚‹ã‚“ã§ã™ãŒã€‚	
Femme : Euh, il est sorti pour l'instant. 
ç”·ï¼šã‚ã®ã†ã€ä½•æ™‚ã”ã‚ãŠå¸°ã‚Šã«ã€‚	
Homme : Euh, vers quelle heure rentre-t-il ? 
å¥³ï¼šãã†ã§ã™ã­ãˆã€9æ™‚ã«ã¯å¸°ã‚‹ã£ã¦è¨€ã£ã¦ã„ã¾ã—ãŸãŒã€ã‚‚ã†10æ™‚ã§ã™ã‚ˆã­ãˆã€‚	
Femme : Eh bien, il a dit qu'il rentrerait Ã  9h00, mais il est dÃ©jÃ  10h00, n'est-ce pas ? 
ã“ã¡ã‚‰ã‹ã‚‰ãŠé›»è©±ã‚’ã—ã¾ã—ã‚‡ã†ã‹ã€‚	
Devrions-nous vous rappeler ? 
ç”·ï¼šã„ãˆã„ãˆã€ ã“ã¡ã‚‰ã‹ã‚‰ã€1æ™‚é–“ãã‚‰ã„å¾Œã§ãŠé›»è©±ã‚’å·®ã—ä¸Šã’ã¦ã‚‚ã‚ˆã‚ã—ã„ã§ã—ã‚‡ã†ã‹ã€‚	
Homme (Nakagawa) : Non, non. Puis-je vous rappeler moi-mÃªme dans environ une heure ? 
å¥³ï¼šã¯ã„ã€‚ã˜ã‚ƒã€ãŠå¾…ã¡ã—ã¦ã„ã¾ã™ã€‚	
Femme : Oui. Alors, j'attends votre appel. 

èª°ãŒä½•æ™‚ã«é›»è©±ã‚’æ›ã‘ã¾ã™ã‹ã€‚	
Question finale : Qui va appeler et Ã  quelle heure ?

Analyse et Justification
La question demande qui (èª°) va appeler et quand (ä½•æ™‚) :
Heure de l'appel : La femme note qu'il est dÃ©jÃ  10h00 (ã‚‚ã†10æ™‚ã§ã™ã‚ˆã­ãˆ). L'homme (M. Nakagawa) propose de rappeler environ une heure aprÃ¨s (1æ™‚é–“ãã‚‰ã„å¾Œã§).
Calcul : 10h00 + 1 heure = 11h00.
Auteur de l'appel : La femme propose de rappeler (ã“ã¡ã‚‰ã‹ã‚‰ãŠé›»è©±ã‚’ã—ã¾ã—ã‚‡ã†ã‹), mais l'homme la refuse poliment et insiste : Â« ã“ã¡ã‚‰ã‹ã‚‰...ãŠé›»è©±ã‚’å·®ã—ä¸Šã’ã¦ã‚‚ã‚ˆã‚ã—ã„ã§ã—ã‚‡ã†ã‹ Â» (Puis-je appeler moi-mÃªme...). L'appel sera donc passÃ© par M. Nakagawa.
Nous cherchons donc l'option : Nakagawa rappelle Ã  11h00.
âœ… Choix de la Bonne RÃ©ponse
1ï¼ å…ˆç”ŸãŒ1æ™‚ã«é›»è©±ã‚’æ›ã‘ã¾ã™ã€‚    Faux (Mauvaise personne et mauvaise heure)
2ï¼ å…ˆç”ŸãŒ11æ™‚ã«é›»è©±ã‚’æ›ã‘ã¾ã™ã€‚    Faux (Mauvaise personne)
3ï¼ ä¸­å·å…ˆç”ŸãŒ1æ™‚ã«é›»è©±ã‚’æ›ã‘ã¾ã™ã€‚    Faux (Mauvaise heure)
4ï¼ ä¸­å·å…ˆç”ŸãŒ11æ™‚ã«é›»è©±ã‚’æ›ã‘ã¾ã™ã€‚    Vrai (M. Nakagawa rappelle Ã  11h00)
La rÃ©ponse correcte est la 4.
";Pas dâ€™image
2000;N3;"è´è§£ã‚¹ã‚¯ãƒªãƒ—ãƒˆï¼š (11) å¥³ã®äººã¯é‹å‹•ã‚’ã—ãŸã„ã¨æ€ã£ã¦ã„ã¾ã™ã€‚å¥³ã®äººãŒå…¥ã‚‹ã‚¯ãƒ©ã‚¹ã¯ã„ãã‚‰ã§ã™ã‹ã€‚ 
ç”·ï¼šã„ã‚‰ã£ã—ã‚ƒã„ã¾ã›ã€‚ã¯ã˜ã‚ã¦ã®æ–¹ã§ã™ã‹ã€‚ 
å¥³ï¼šã¯ã„ã€‚ã‚ã®ã†ã€1ãƒ¶æœˆã„ ãã‚‰ã§ã™ã‹ã€‚ 
ç”·ï¼šãˆãˆã¨ã€èµ°ã‚‹ã‚¯ãƒ©ã‚¹ã¯3åƒå††ã§ã™ã€‚ã„ã‚ã„ã‚ãªé‹å‹•ãŒã§ãã‚‹ã‚¯ãƒ©ã‚¹ã¯6åƒå††ã«ãªã£ã¦ãŠã‚Šã¾ã™ã€‚ 
å¥³ï¼šãˆãˆã¨ã€æ³³ãã®ã¯ï¼Ÿ 
ç”·ï¼šã“ã®ã‚¯ãƒ©ã‚¹ã¯8åƒ å††ã«ãªã‚Šã¾ã™ã€‚ 
å¥³ï¼šé«˜ã„ã§ã™ã­ã€‚ 
ç”·ï¼šã¯ã‚ã€å†¬ã‚‚æ°´ã‚’æ¸©ã‹ãã—ã¦ã„ã¾ã™ã‹ã‚‰ã€‚ãã®ã»ã‹ã«å…¨éƒ¨ã®é‹å‹•ãŒã§ãã¦ã€1ä¸‡å††ã¨ã„ã†ã‚¯ãƒ©ã‚¹ã‚‚ã‚ã‚Šã¾ã™ã€‚ 
å¥³ï¼šã†ã‚“ã€æ³³ ãã®ãŒå¥½ããªã‚“ã ã‘ã©ã€ã»ã‹ã®é‹å‹•ã¯ã©ã†ã‚‚ã€‚ 
ç”·ï¼šã˜ã‚ƒã‚ã€ã‚„ã£ã±ã‚Šã“ã¡ã‚‰ã®ã‚¯ãƒ©ã‚¹ã«ãªã•ã„ã¾ã™ã‹ã€‚ 
å¥³ï¼šãˆãˆã€‚ 

å¥³ã®äººãŒå…¥ã‚‹ã‚¯ãƒ©ã‚¹ã¯ã„ãã‚‰ã§ã™ã‹ã€‚ 

1ï¼ 3 åƒå††ã§ã™ã€‚ 
2ï¼ 6åƒå††ã§ã™ã€‚ 
3ï¼ 8åƒå††ã§ã™ã€‚ 
4ï¼ 1ä¸‡å††ã§ã™ã€‚ 
";C;A;B;C;D;"è´è§£ã‚¹ã‚¯ãƒªãƒ—ãƒˆï¼š (11) å¥³ã®äººã¯é‹å‹•ã‚’ã—ãŸã„ã¨æ€ã£ã¦ã„ã¾ã™ã€‚å¥³ã®äººãŒå…¥ã‚‹ã‚¯ãƒ©ã‚¹ã¯ã„ãã‚‰ã§ã™ã‹ã€‚	
Script d'Ã©coute : (11) Une femme souhaite faire de l'exercice. Quel est le prix de la classe qu'elle va prendre ? 
ç”·ï¼šã„ã‚‰ã£ã—ã‚ƒã„ã¾ã›ã€‚ã¯ã˜ã‚ã¦ã®æ–¹ã§ã™ã‹ã€‚	
Homme : Bienvenue. Est-ce votre premiÃ¨re fois ? 
å¥³ï¼šã¯ã„ã€‚ã‚ã®ã†ã€1ãƒ¶æœˆã„ãã‚‰ã§ã™ã‹ã€‚	
Femme : Oui. Euh, combien coÃ»te un mois ? 
ç”·ï¼šãˆãˆã¨ã€èµ°ã‚‹ã‚¯ãƒ©ã‚¹ã¯ 3åƒå†† ã§ã™ã€‚	
Homme : Alors, la classe de course est Ã  3 000 yens. 
ã„ã‚ã„ã‚ãªé‹å‹•ãŒã§ãã‚‹ã‚¯ãƒ©ã‚¹ã¯ 6åƒå†† ã«ãªã£ã¦ãŠã‚Šã¾ã™ã€‚	
La classe oÃ¹ vous pouvez faire diffÃ©rents exercices est Ã  6 000 yens. 
å¥³ï¼šãˆãˆã¨ã€æ³³ãã®ã¯ï¼Ÿ	
Femme : Et la natation ? 
ç”·ï¼šã“ã®ã‚¯ãƒ©ã‚¹ã¯ 8åƒå†† ã«ãªã‚Šã¾ã™ã€‚	
Homme : Cette classe est Ã  8 000 yens. 
å¥³ï¼šé«˜ã„ã§ã™ã­ã€‚	
Femme : C'est cher, n'est-ce pas ? 
ç”·ï¼šãã®ã»ã‹ã«å…¨éƒ¨ã®é‹å‹•ãŒã§ãã¦ã€ 1ä¸‡å†† ã¨ã„ã†ã‚¯ãƒ©ã‚¹ã‚‚ã‚ã‚Šã¾ã™ã€‚	
Homme : En plus de cela, il y a aussi une classe qui permet de faire toutes les activitÃ©s, Ã  10 000 yens. 
å¥³ï¼šã†ã‚“ã€ æ³³ãã®ãŒå¥½ããªã‚“ã ã‘ã©ã€ ã»ã‹ã®é‹å‹•ã¯ã©ã†ã‚‚ã€‚	
Femme : Hmm, j'aime bien la natation, mais les autres exercices, pas vraiment. 
ç”·ï¼šã˜ã‚ƒã‚ã€ã‚„ã£ã±ã‚Š ã“ã¡ã‚‰ã®ã‚¯ãƒ©ã‚¹ ã«ãªã•ã„ã¾ã™ã‹ã€‚	
Homme : Alors, vous allez finalement prendre cette classe (la natation) ? 
å¥³ï¼šãˆãˆã€‚	
Femme : Oui. 

å¥³ã®äººãŒå…¥ã‚‹ã‚¯ãƒ©ã‚¹ã¯ã„ãã‚‰ã§ã™ã‹ã€‚	
Question finale : Quel est le prix de la classe que la femme va prendre ?

Analyse et Justification
La question est de trouver le prix de la classe choisie par la femme.
La femme exprime clairement sa prÃ©fÃ©rence pour la natation (æ³³ãã®ãŒå¥½ã).
Elle rejette implicitement la classe ""toutes activitÃ©s"" (10 000 yens) en disant qu'elle n'est pas intÃ©ressÃ©e par les autres exercices.
Le prix de la classe de natation est de 8 000 yens.
Bien qu'elle trouve ce prix cher (é«˜ã„ã§ã™ã­), l'homme confirme sa sÃ©lection en demandant si elle prend ""cette classe"" (faisant rÃ©fÃ©rence au sujet du moment, la natation), et elle rÃ©pond par l'affirmative (ãˆãˆ).
Le prix de la classe qu'elle choisit est donc 8 000 yens.
âœ… Choix de la Bonne RÃ©ponse
1ï¼ 3åƒå††ã§ã™ã€‚    Faux (Course)
2ï¼ 6åƒå††ã§ã™ã€‚    Faux (VariÃ©)
3ï¼ 8åƒå††ã§ã™ã€‚    Vrai (Natation)
4ï¼ 1ä¸‡å††ã§ã™ã€‚    Faux (Tous les exercices)
La rÃ©ponse correcte est la 3.
";Pas dâ€™image
2000;N3;"è´è§£ã‚¹ã‚¯ãƒªãƒ—ãƒˆï¼š (12) ãŠæ¯ã•ã‚“ã¨ãŠçˆ¶ã•ã‚“ãŒè©±ã—ã¦ã„ã¾ã™ã€‚ãŠçˆ¶ã•ã‚“ã¯æ˜æ—¥ä½•ã‚’ã—ã¾ã™ã‹ã€‚ 
æ¯ï¼šã‚ãªãŸã€å¼•è¶Šã—ã¯æ˜å¾Œæ—¥ã§ã™ã‚ˆã€‚ä¼šç¤¾ã®ã»ã†ã¯å¤§ä¸ˆå¤«ã§ã™ã‹ã€‚ 
çˆ¶ï¼šã‚ã‚ã€æ˜ æ—¥ã‹ã‚‰ä¼‘ã¿å–ã£ã¦ã‚ã‚‹ã€‚æ˜æ—¥ã¯ä½•ã‚’ã™ã‚‹ã®ã‹ãªã€‚ 
æ¯ï¼šã†ã‚“ã€å­ã©ã‚‚ãŸã¡ã®å­¦æ ¡ã®å…ˆç”Ÿã«ã¯ã‚‚ã†è©±ã—ã¦ã‚ã‚‹ã—ã€‚ 
çˆ¶ï¼šè·ç‰©ã®ç‰‡ä»˜ã‘ã¯ï¼Ÿ 
æ¯ï¼šã‚ã¨ã¯ã€ã‚ã•ã£ã¦ ã®æœç‰‡ä»˜ã‘ã‚‹ã‚‚ã®ãŒæ®‹ã£ã¦ã„ã‚‹ã ã‘ã‚ˆã€‚ã˜ã‚ƒã€
æ˜æ—¥ã‚ãªãŸã¯ã”è¿‘æ‰€ã«ã‚ã„ã•ã¤ã«ã„ã£ã¦ãã‚Œã‚‹ï¼Ÿã‚¬ã‚¹ä»£ã‚„æ°´é“ä»£ã‚’æ‰•ã„ã«è¡Œã£ã¦ãã‚‹ã‹ã‚‰ã€‚ 
çˆ¶ï¼šã‚ã„ã•ã¤ã¯ è¡Œã£ã¦ãã‚Œã€‚åƒ•ãŒãã£ã¡ã‚’ã‚„ã‚‹ã‹ã‚‰ã€‚ 

ãŠçˆ¶ã•ã‚“ã¯æ˜æ—¥ä½•ã‚’ã—ã¾ã™ã‹ã€‚ 

1ï¼ å­ã©ã‚‚ãŸã¡ã®å­¦æ ¡ã®å…ˆç”Ÿã¨è©±ã‚’ã—ã¾ã™ã€‚ 
2ï¼ ã‚¬ã‚¹ä»£ãªã©ã‚’æ‰•ã„ã«è¡Œãã¾ã™ã€‚ 
3ï¼ ã” è¿‘æ‰€ã®ã‚ã„ã•ã¤ã«è¡Œãã¾ã™ã€‚ 
4ï¼ è·ç‰©ã®ç‰‡ä»˜ã‘ã‚’ã—ã¾ã™ã€‚ 
";B;A;B;C;D;"è´è§£ã‚¹ã‚¯ãƒªãƒ—ãƒˆï¼š (12) ãŠæ¯ã•ã‚“ã¨ãŠçˆ¶ã•ã‚“ãŒè©±ã—ã¦ã„ã¾ã™ã€‚ãŠçˆ¶ã•ã‚“ã¯æ˜æ—¥ä½•ã‚’ã—ã¾ã™ã‹ã€‚	
Script d'Ã©coute : (12) Une mÃ¨re et un pÃ¨re parlent. Que va faire le pÃ¨re demain ? 
æ¯ï¼šã‚ãªãŸã€å¼•è¶Šã—ã¯æ˜å¾Œæ—¥ã§ã™ã‚ˆã€‚ä¼šç¤¾ã®ã»ã†ã¯å¤§ä¸ˆå¤«ã§ã™ã‹ã€‚	
MÃ¨re : ChÃ©ri, le dÃ©mÃ©nagement, c'est aprÃ¨s-demain. C'est bon pour ton travail ? 
çˆ¶ï¼šã‚ã‚ã€ æ˜æ—¥ã‹ã‚‰ä¼‘ã¿å–ã£ã¦ã‚ã‚‹ã€‚ æ˜æ—¥ã¯ä½•ã‚’ã™ã‚‹ã®ã‹ãªã€‚	
PÃ¨re : Ah, j'ai pris congÃ© Ã  partir de demain. Qu'est-ce qu'on va faire demain ? 
æ¯ï¼šã†ã‚“ã€å­ã©ã‚‚ãŸã¡ã®å­¦æ ¡ã®å…ˆç”Ÿã«ã¯ã‚‚ã†è©±ã—ã¦ã‚ã‚‹ã—ã€‚	
MÃ¨re : Hmm, j'ai dÃ©jÃ  parlÃ© aux professeurs de l'Ã©cole des enfants. 
çˆ¶ï¼šè·ç‰©ã®ç‰‡ä»˜ã‘ã¯ï¼Ÿ	
PÃ¨re : Et le rangement des affaires ? 
æ¯ï¼šã‚ã¨ã¯ã€ã‚ã•ã£ã¦ã®æœç‰‡ä»˜ã‘ã‚‹ã‚‚ã®ãŒæ®‹ã£ã¦ã„ã‚‹ã ã‘ã‚ˆã€‚ã˜ã‚ƒã€æ˜æ—¥ã‚ãªãŸã¯ ã”è¿‘æ‰€ã«ã‚ã„ã•ã¤ã«ã„ã£ã¦ãã‚Œã‚‹ï¼Ÿ ã‚¬ã‚¹ä»£ã‚„æ°´é“ä»£ã‚’æ‰•ã„ã«è¡Œã£ã¦ãã‚‹ã‹ã‚‰ã€‚	
MÃ¨re : Il ne reste que quelques affaires Ã  ranger aprÃ¨s-demain matin. Alors, demain, est-ce que tu pourrais aller saluer les voisins ? Moi, je vais aller payer les factures de gaz et d'eau. 
çˆ¶ï¼š ã‚ã„ã•ã¤ã¯è¡Œã£ã¦ãã‚Œã€‚ åƒ•ãŒ ãã£ã¡ ã‚’ã‚„ã‚‹ã‹ã‚‰ã€‚	
PÃ¨re : C'est toi qui vas faire les salutations. Moi, je vais m'occuper de cette autre tÃ¢che (celle que tu as mentionnÃ©e). 

ãŠçˆ¶ã•ã‚“ã¯æ˜æ—¥ä½•ã‚’ã—ã¾ã™ã‹ã€‚	
Question finale : Que va faire le pÃ¨re demain ?

Analyse et Justification
La question demande la tÃ¢che que le pÃ¨re effectuera demain (æ˜æ—¥).
TÃ¢ches Ã  faire (suggÃ©rÃ©es par la mÃ¨re) :
Saluer les voisins (ã”è¿‘æ‰€ã«ã‚ã„ã•ã¤ã«ã„ã£ã¦ãã‚Œã‚‹ï¼Ÿ).
Payer les factures (ã‚¬ã‚¹ä»£ã‚„æ°´é“ä»£ã‚’æ‰•ã„ã«è¡Œã£ã¦ãã‚‹ã‹ã‚‰).
Parler aux professeurs : DÃ©jÃ  fait par la mÃ¨re.
Ranger les affaires : Presque terminÃ©.
DÃ©cision finale du pÃ¨re (ClÃ©) :
Le pÃ¨re rejette la tÃ¢che de saluer les voisins et la donne Ã  la mÃ¨re : Â« ã‚ã„ã•ã¤ã¯è¡Œã£ã¦ãã‚Œã€‚Â» (C'est toi qui vas faire les salutations).
Le pÃ¨re prend en charge la tÃ¢che que la mÃ¨re s'Ã©tait attribuÃ©e : Â« åƒ•ãŒãã£ã¡ã‚’ã‚„ã‚‹ã‹ã‚‰ã€‚Â» (Moi, je vais faire Ã§a).
Le mot ãã£ã¡ (sotchi, ""Ã§a/cette chose-lÃ "") fait rÃ©fÃ©rence Ã  la derniÃ¨re tÃ¢che mentionnÃ©e par la mÃ¨re : payer les factures de gaz et d'eau (ã‚¬ã‚¹ä»£ã‚„æ°´é“ä»£ã‚’æ‰•ã„ã«è¡Œã).
La tÃ¢che finale du pÃ¨re est donc de s'occuper des factures.
âœ… Choix de la Bonne RÃ©ponse
1ï¼ å­ã©ã‚‚ãŸã¡ã®å­¦æ ¡ã®å…ˆç”Ÿã¨è©±ã‚’ã—ã¾ã™ã€‚ (Il parle aux professeurs.)    Faux (DÃ©jÃ  fait par la mÃ¨re).
2ï¼ ã‚¬ã‚¹ä»£ãªã©ã‚’æ‰•ã„ã«è¡Œãã¾ã™ã€‚ (Il va payer les factures de gaz, etc.)    Vrai.
3ï¼ ã”è¿‘æ‰€ã®ã‚ã„ã•ã¤ã«è¡Œãã¾ã™ã€‚ (Il va saluer les voisins.)    Faux (Il demande Ã  la mÃ¨re de le faire).
4ï¼ è·ç‰©ã®ç‰‡ä»˜ã‘ã‚’ã—ã¾ã™ã€‚ (Il range les affaires.)    Faux (Ce n'est pas sa tÃ¢che principale convenue).
La rÃ©ponse correcte est la 2.
";Pas dâ€™image
