niveau;Titre;Nom;Description;Construction;Exemples
N2;あげくに;挙げ句に (あげくに) : finalement, en fin de compte;"Peut se traduire par : finalement, en fin de compte, au bout du compte Indique qu'après quelque temps, on a aboutit à un résultat plutôt négatif 
S'utilise en parlant de quelque chose passé Ajoute une connotation négative à la phrase Au moins un élément dans la phrase doit apporter un sentiment négatif";"Nom + あげく(に) 
Verbe à la forme passé neutre (-た) + あげく(に)";"散々考えたあげくその計画を実行にうつした。
Après y avoir durement réfléchi, j'ai finalement mis en application ce plan.
両親に相談したあげくに、彼と離婚することにした。
Après avoir discuté avec ses parents, j'ai en fin de compte décidé de divorcer.
"
N2;あまり;あまり : ~ tellement que;Peut se traduire par : ~ tellement que, ~ trop que Décrit un important degré, un niveau élevé dans une action ou un comportement Permet de montrer une raison, une cause qui sera utilisée après とても ~ から, とても ~ ので et ~しすぎるので se rapprochent au niveau du sens;"Verbe à la forme neutre + あまり 
Adjectif en な avec le な final + あまり 
Nom + の + あまり";"驚きのあまり話す力がなくなってしまった。
Mon étonnement était tel que je suis resté sans voix.
子供の将来を思うあまり、厳しすぎることを言ってしまった。
Elle pense tellement au futur de ses enfants qu'elle leur parle très strictement.
彼は働くあまり、病気になってしまって。
Il travaille tellement qu'il en est tombé malade.
"
N2;ばかりか, ばかりでなく;ばかりか, ばかりでなく : non seulement ~ mais aussi ~;Permet de lier deux phrases dont :    l'une évoque quelque chose de normal : non seulement ~ l'autre quelque chose d'inattendu : mais aussi ~  Ces deux phrases concernent le même fait, le même sujet Peut se traduire par : non seulement ~ mais aussi ~, pas seulement ~ mais également ~ Par rapport à ばかりでなく, ばかりか permet d'exprimer un étonnement plus important Le sujet après ばかりか ou ばかりでなく est souvent indiqué par la particule も;"Adjectif en -な + である + ばかりか ou ばかりでなく 
Adjectif en -い + ばかりか ou ばかりでなく 
Verbe à la forme neutre + ばかりか ou ばかりでなく 
Nom + ばかりか ou ばかりでなく";"彼女はきれいなばかりでなく、利口だ。
En plus d'être mignonne, elle est astucieuse.
柔道は若者の健康によいばかりか、人格形成にもおおいに役立つ。
Le judo n'est pas seulement bon pour la santé des jeunes personnes, mais également très utile dans la construction de leur personnalité.
お腹が空いていたばかりでなく、私達は喉の渇きにも苦しんでいた。
Nous n'avions pas seulement faim, mais nous souffrions également de la soif.
彼女は情報ばかりでなく助言も私にくれた。
Elle me donna non seulement des informations mais également des conseils.
"
N2;ばかりに;ばかりに : à cause de ~, juste parce que ~;"Peut se traduire : à cause de ~, juste parce que ~, simplement parce que ~ 
S'utilise pour montrer une conséquence négative Exprime des regrets dans la cause qui a provoqué cette conséquence négative 
La cause est souvent minime mais a provoqué un résultat non voulu, indésirable";Verbe à la forme neutre ou adjectif en い + ばかりに Nom + である + ばかりに Adjectif en な avec le な final + ばかりに;"うそをついたばかりに恋人に嫌われてしまう。
Juste à cause d'un mensonge, ma petite amie me déteste.
お金がないばかりに、大学に進学できなかった。
Simplement parce que je n'avais pas d'argent, je n'ai pas pu rentrer à l'université.
"
N2;Base verbale + がたい;Base verbale + がたい : difficile de ~, dur à ~;Indique que quelque chose est très difficile voir impossible à faire Ne s'applique que pour des activités mentales (concevoir, comprendre, réfléchir, croire.) et non physiques;Verbe dans sa forme en ます et on remplace le ます par がたい;"その景色の美しさは筆舌に尽くしがたい。
La beauté de ces paysages est difficile à exprimer par de simples mots.
彼が与えた理由は理解しがたい。
La raison qu'il m'a donnée est dure à concevoir.
あなたの言うことは信じがたい。
C'est très difficile de croire ce que tu dis.
"
N2;Base verbale + ぎみ;Base verbale + 気味 (ぎみ) : avoir tendance à ~, être un peu ~, un léger sentiment de ~;"1er sens Décrit une tendance visible Peut se traduire par : avoir tendance à ~, être un peu ~
2ème sens Exprime un sentiment négatif présent en petite quantité mais qui risque d'empirer par la suite Il y a des signes ou une tendance qui nous rapprochent d'un certain état négatif Par exemple : sentir que l'on va prendre froid, voir que quelqu'un commence à grossir.
Peut se traduire par : un léger sentiment de ~, une petite impression de ~";Verbe dans sa forme en ます et on remplace le ます par 気味 Nom + 気味;"彼女は風邪気味だといった。
Elle a dit qu'elle avait un léger rhume.
彼は人の名前を忘れ気味である。
Il a tendance à oublier le nom des personnes.
彼はいくぶん太り気味だ。
Il a un peu d'embonpoint.
最近疲れ気味です。
Récemment, je suis un peu fatigué.
"
N2;Base verbale + かける;Base verbale + かける : sans terminer, en laissant inachevé, sans finir quelque chose;"Permet d'indiquer qu'une action est commencée mais n'est pas encore terminée L'action est laissée inachevée, à moitié-faite 
Peut aussi signifier qu'une action était sur le point de se faire mais ne s'est pas faite (et inversement)";Verbe dans sa forme en ます et on remplace le ます par かける かける se conjugue ensuite comme un verbe ichidan;"彼は死にかけた。
Il était sur le point de mourir mais a survécu.
宿題をやりかけにしておいた。
Il a commencé ses devoirs sans les terminer.
彼女はプロジェクトをやりかけて、その途中で会社を退職した。
Elle a quitté l'entreprise en laissant en cours un projet inachevé.
"
N2;Base verbale + かねない;Base verbale + かねない : il est à craindre que ~, il est possible que ~;Permet d'indiquer que quelque chose d'indésirable risque d'arriver Il y a une possibilité qu'un évènement non-voulu et avec des conséquences fâcheuses survienne;Verbe dans sa forme en ます et on remplace le ます par かねない;"その少年は盗みをしかねない。
Il est à craindre que ce garçon commette un vol.
スキャンダルはその嘘を暴きかねない。
Un scandale risquerait d'exposer au grand jour ces mensonges.
"
N2;Base verbale + かねる;Base verbale + かねる : ne pas pouvoir faire;"Permet d'indiquer que pour certaines raisons, on ne pourra pas faire quelque chose 
Les verbes à la forme potentielle ne peuvent pas avoir かねる comme suffixe sauf 出来る et 分かる Une fois かねる ajouté, on a bien une négation même si かねる est à la forme affirmative 
Peut aussi servir pour refuser de faire quelque chose de manière polie S'emploie plus dans le langage écrit et formel";Verbe dans sa forme en ます et on remplace le ます par かねる かねる se conjugue ensuite comme un verbe ichidan;"その点は賛成しかねる。
Je ne peux pas être d'accord sur ce point.
彼は待ちかねて家に帰ってしまった。
Il ne pouvait pas attendre plus longtemps et est rentré chez lui.
先約がありますので残念ながらご招待に応じかねます。
Je suis au regret de ne pas pouvoir répondre à votre invitation en raison d'un précédent engagement.
"
N2;Base verbale + きる;Base verbale + 切る (きる) : faire complètement quelque chose;Indique que l'action est réalisée totalement, complètement, jusqu'au bout;Verbe dans sa forme en ます et on remplace le ます par きる きる se conjugue ensuite comme un verbe godan;"彼はなんとかその川を泳ぎきった。
Il a malgré tout traversé complètement cette rivière à la nage.
４２.
１９５キロを走りきるのは大変なことだ。
Parcourir 42,195 kilomètres à pied jusqu'au bout est quelqu'un chose d'incroyable.
ゲームが終わったときには私は疲れ切っていた。
J'étais totalement épuisé quand le jeu s'est terminé.
"
N2;Base verbale + ぬく;Base verbale + 抜く (ぬく) : faire quelque chose à fond jusqu'à la fin;Permet d'indiquer fortement qu'une action est faite jusqu'au bout avec beaucoup d'efforts;Verbe dans sa forme en ます et on remplace le ます par ぬく;"競争で全力を尽くして走りぬいた。
Durant la course, j'ai couru à fond jusqu'au bout et ai épuisé toutes mes forces.
頑張りぬいたが結局できなかった。
J'ai fait de mon mieux jusqu'au bout, mais finalement je n'y suis pas arrivé.
"
N2;Base verbale + つつある;Base verbale + つつある : être progressivement en train de se faire;Indique que quelque chose est en train de se faire peu à peu S'utilise essentiellement à l'écrit;Verbe dans sa forme en ます et on remplace le ます par つつある;"問題は改善されつつあるが時間がかかりそうだ。
Le problème est progressivement en train de s'améliorer mais cela semble prendre du temps.
事件の真相は明らかになりつつある。
La vérité de l'incident devient peu à peu évidente.
"
N2;Base verbale + うる, えない;得る, 得ない (うる, えない) : être possible de ~;"Peut se traduire par : être possible de ~ 
Exprime non pas la capacité de faire quelque chose comme la forme potentielle ou ことができる mais la possibilité de faire quelque chose";Verbe dans sa forme en ます et on remplace le ます par 得る (affirmatif) ou 得ない (négatif);"彼はとてもよく訓練された役者だけが本当に成功し得ると思っている。
Il pense que seuls les acteurs qui se sont très bien entraînés ont la possibilité de réellement réussir.
肺がんの原因にもなり得る。
Cela peut provoquer un cancer du poumon.
彼女が自殺したということなどあり得ない。
C'est impossible qu'elle ait pu se suicider.
"
N2;だけ;だけ : autant que ~;"Peut se traduire par : autant que ~, autant que l'on puisse ~, autant ~ que possible 
On retrouve souvent :       Verbe -たい + だけ : autant que tu veux ~ ほしいだけ : autant que tu veux 好きなだけ : autant que tu aimes できるだけ : autant que tu peux できるだけ早く(はやく) : aussi vite que possible";Verbe à la forme neutre + だけ Verbe au potentiel (-える, -られる) + だけ Verbe à la forme volitive (-たい) + だけ Adjectif en い + だけ Adjectif en な avec le な finale + だけ;"君がいたいだけここにいてもいいよ。
Tu peux rester ici aussi longtemps que tu veux.
できるだけ多くの英単語を暗記すべきである。
Tu devrais retenir par cœur autant de mots en anglais que possible.
好きなだけ取りなさい。
Prenez-en autant que vous en voulez.
肉を食べられるだけ食べます。
Je mangerais autant de viande que je pourrais.
"
N2;だけあって;だけあって : comme on pouvait s'y attendre;"Peut se traduire par : du point de vue de ~ 
S'utilise souvent ainsi : cause + だけあって + conséquence 
S'utilise pour parler de quelque chose de positif だけに a un sens proche mais peut s'utiliser aussi pour avec des choses positives que négatives 
On retrouve souvent la conjonction さすが(に) avec だけあって pour montrer notre admiration";Nom + だけあって Verbe à la forme neutre ou adjectif en い + だけあって;"専門家だけあって彼はその分野に詳しい。
Comme on peut s'y attendre d'un expert, il connait très bien son domaine.
あの先生は、経験が長いだけあって、授業がわかりやすくておもしろいですね。
Comme on peut s'y attendre d'un professeur avec beaucoup d'expérience, ses cours sont faciles à comprendre et intéressants.
彼女は、美術学校を出ただけあって、絵が上手です。
Comme on peut s'y attendre d'une femme qui est allé dans une école d'art, elle dessine bien.
"
N2;だけに;だけに : parce que ~, comme on pouvait s'y attendre;"Peut se traduire par : parce que ~, comme on pouvait s'y attendre, comme prévu だけに 
S'utilise aussi bien pour des choses positives que négatives だけあって a un sens proche mais ne s'utilise que pour quelque chose de positif";Verbe à la forme neutre + だけに;"彼はずっと運動していないだけにやっぱり太った。
Il ne faisait plus d'exercices depuis longtemps et comme on pouvait s'y attendre, il a finalement grossi.
やっぱり東京だけに世界各地の食べ物が揃っている。
Comme on peut s'y attendre de Tôkyô, on trouve de la nourriture provenant du monde entier.
火星は地球とよく似ているだけにひとしお興味をひく。
La planète Mars est particulièrement intéressante parce qu'elle ressemble fortement à la Terre.
昨年はみかんが不作で、値段が高かっただけに今年の豊作がうれしい。
On est content de la bonne récolte de cette année parce que les prix avaient augmenté à cause de la mauvaise récolte de pêche l'année dernière.
"
N2;どころではない, どころではなく;どころではない, どころではなく : être loin de ~, être hors de question de ~;"Peut se traduire par : être loin de ~, être hors de question de ~, n'être pas le moment de ~, ne pas pouvoir ~ 
Permet de nier/démentir quelque chose de manière assez forte 
Permet de montrer qu'à cause de certaines circonstances, on est loin de pouvoir accomplir quelque chose どころではなく se rencontre uniquement en milieu de phrase, どころではない en fin de phrase";Verbe à la forme neutre ou nom + どころではない ou どころではなく;"最近仕事で忙しくて、買い物するどころではなかった。
J'étais loin de pouvoir aller faire du shopping vu que j'étais occupé par mon travail ces temps-ci.
春だというのに、 お花見どころではなく、夜遅くまで働いている。
Bien que ce soit le printemps, je travaille jusqu'à tard le soir et je suis loin de pouvoir aller contempler les cerisiers.
私は怒ってなどいない、それどころではない。
Je ne suis pas en colère, loin de là.
"
N2;Forme conjecturale + ではないか;Forme conjecturale + ではないか ou じゃないか : pourquoi ne pas ~ ?, ne pourrait-on pas ~ ?;"Peut se traduire par : pourquoi ne pas ~ ?, ne pourrait-on pas ~ ? 
Permet de formuler une forte suggestion ou une invitation importante 
Assez peu utilisé dans une conversation normale On utilise plus couramment la forme conjecturale + か";"On prend notre verbe dans sa forme conjecturale : 
Pour un verbe ichidan : on ajoute おう à la place du う final : 行く (いく) => 行こう (いこう) 
Pour un verbe godan : on ajoute よう à la place du る final : 見る (みる) => 見よう (みよう)  
On ajoute ではないか ou じゃないか";"この論議はやめようではないか。
Ne pourrait-on pas arrêter cette discussion ? そのことについてはあとで話し合おうではないか。
Ne pourrait-on pas discuter de cela ensemble plus tard ? 一緒に勉強 しようではないか。
Pourquoi ne pas étudier ensemble ?"
N2;げ;げ : avoir l'air de ~;"Peut se traduire : avoir l'air de ~, sembler ~ 
S'utilise pour décrire des sentiments ou des émotions de quelque d'autre";"Adjectif en い sans le い final + げ(に) Adjectif en な avec le な final + げ(に) L'adjectif devient un adjectif en な après.
Exemple : 悲しい -> 悲しげな";"彼はせわしげに働いている。
Il semble occupé dans son travail.
彼女は悲しげに微笑んだ。
Elle souria en ayant l'air triste.
少女達は楽しげに歌います。
Les jeunes filles chantent d'un air joyeux.
"
N2;はともかく;はともかく : sans tenir compte de ~, en faisant abstraction de ~;"Peut se traduire par : sans tenir compte de ~, 
en faisant abstraction de ~, 
en ne pensant pas à ~ 
Même sens mais se retrouve plus à l'écrit de manière formelle : はともかくとして";Nom + はともかく(として);"この洋服は、デザインはともなく、色がよくない。
Sans tenir compte du design de ces vêtements, ses couleurs ne sont pas plaisantes.
この店のラーメンは味はともかくとして、値段は安い。
En faisant abstraction de leur goût, le prix des ramens de cette échoppe est peu élevé.
"
N2;はんめん;反面 ou 半面 (はんめん) : d'un autre côté;"Peut se traduire : d'un autre côté ~, à l'opposé ~ 
Permet de mettre en contraste deux faits qui sont opposés";"Verbe à la forme neutre ou adjectif en い + 反面 ou 半面 
Adjectif en な + な/である + 反面 ou 半面 
Nom + である + 反面 ou 半面";"彼の顔は怖そうに見える反面、彼の声は優しくおだやかだった。
A l'opposé de son apparence effrayante, sa voix était douce et calme.
この薬はよくきく反面、副作用がある。
Ce médicament a des effets secondaires mais d'un autre côté il est bien efficace.
彼はわがままな反面リーダーシップがある。
Il a des qualités de leader mais d'un autre côté il est égoïste.
"
N2;ほど;ほど : plus ~, plus ~;Peut se traduire par : plus ~ , alors plus ~;"Verbe à la forme neutre + ほど Adjectif en い + ほど 
Adjectif en な + ほど Nom + ほど";"相撲では、太っているほど有利だ。
Plus un lutteur de sumo grossit, plus c'est avantageux pour lui.
推理小説は複雑なほど面白い。
Plus un roman d'enquête est compliqué, plus il est intéressant.
眠るほど疲れなる。
Plus je dors, plus je deviens fatigué.
"
N2;ほかない, ほかしかたがない;ほかない, ほかしかたがない : ne pas avoir d'autres choix que de ~, devoir ~;"Peut se traduire par : ne pas avoir d'autres choix que de ~, 
ne pas avoir d'autres possibilités que de ~, 
Devoir ~ しかない a un sens proche En ajoutant より, on peut traduire par : il n'y a rien d'autre de mieux que de faire ~, il n'y a pas de meilleur choix que de ~";Verbe à la forme neutre + (より) + はか + (は) + ない Verbe à la forme neutre + ほかしかたがない;"この病気を治すためには、手術するほかしかたがないでしょう。
Je suppose qu'il n'y a pas d'autres possibilités qu'une opération pour guérir de cette maladie.
地図を持ってこなかったので自分で住所を探すよりほかない。
J'ai du chercher l'adresse par moi-même car je n'avais pas apporté de carte.
これだけ捜しても見つからないのだから、あきらめるよりほかない。
Il n'y a pas de meilleur choix que de laisser tomber car rien n'a été trouvé même en cherchant autant.
"
N2;いがいの;以外の (いがいの) : autre que ~, excepté ~;"Indique que l'on prend un ensemble excepté une certaine partie 
Le nom avant 以外の est ce qui est pris à part
Le nom après 以外の est ce qui est considéré dans son ensemble";Nom A + 以外の + nom B;"彼は英語以外の外国語は全く知らない。
Il ne connait pas vraiment de langues étrangères autre que l'anglais.
我々は日曜以外の日は毎日仕事をする。
Nous travaillons tous les jours de la semaine excepté le dimanche.
"
N2;いじょうは;以上は (いじょうは) : dès lors que ~, du moment que ~, vu que ~;"Sert à marquer une déduction logique et objective 
Peut se traduire par : dès lors que ~, du moment que ~, vu que ~ 
Peut se remplacer par : からには 
La déduction après 以上は exprime souvent une obligation, une interdiction, une requête, une supposition ou une décision";"Verbe à la forme neutre ou adjectif en い + 以上は 
Adjectif en な sans le な final ou nom + である + 以上は";"学生である以上は勉強すべきだ。
Vu que tu es étudiant, tu dois étudier.
日本に住んでいる以上、日本の法律を守らなければならない。
Dès lors que tu habites au Japon, tu te dois de respecter la loi japonaise.
"
N2;いっぽう, いっぽうでは;一方, 一方では (いっぽう, いっぽうでは) : bien que ~, d'un côté ~ par contre ~;Peut se traduire par : bien que ~, d'un côté ~ par contre ~ Permet de mettre en contraste deux énoncés;Verbe à la forme neutre ou adjectif en い + 一方 ou 一方では Adjectif en な + な/である + 一方 ou 一方では Nom + である + 一方 ou 一方では;"それは値段が安いが、一方では品がよくない。
D'un côté les prix ne sont pas élevés, par contre les marchandises ne sont pas bonnes.
その仕事はあまり面白くなかったが、その一方で給与はよかった。
Bien que ce travail ne fût pas très intéressant, le salaire était bon.
一方で彼は私の報告書を賞賛したが、他方ではそれを批判した。
D'un côté il a fait des éloges de mon rapport, mais d'un autre côté il l'a critiqué.
沢山の金持ちのアメリカ人がいます。
一方、何人かのアメリカ人は、大変貧乏です。
Il y a beaucoup de riches américains.
Mais d'un autre côté, quelques américains sont vraiment très pauvres.
"
N2;じょうは, じょうも, じょうの;上は, 上も, 上の (じょうは, じょうも, じょうの) : du point de vue de ~;"Peut se traduire par : du point de vue de ~ 
S'utilise notamment avec des mots sino-japonais tels que :教育 (きょういく) : éducation 
外見 (がいけん) : apparences extérieures 
経済 (けいざい) : finance, économie 
政治 (せいじ) : politique 
学問 (がくもん) : science, connaissance 
表面 (ひょうめん) : apparence 
職業 (しょくぎょう) : profession, travail 
外交 (がいこう) : diplomatie 
 On peut parfois traduire le nom comme un adverbe :
歴史 (れきし) : histoire -> 歴史上 (れきしじょう) : historiquement";Nom + 上は ou 上も ou 上の ou 上;"京都には歴史上有名なお寺が数多くある。
Il y a historiquement un grand nombre de temple célèbres à Kyôtô.
男女差別は法律上も許されない。
D'un point de vue législatif, la discrimination hommes-femmes n'est pas tolérée.
この映画は教育上良くない。
D'un point de vue pédagogique, ce film n'est pas bon.
"
N2;かとおもうと, かとおもったら;かと思うと, かと思ったら (かとおもうと, かとおもったら) : juste après ~, aussitôt que ~;"Peut se traduire par : juste après ~, aussitôt que ~ 
Permet d'indiquer qu'un évènement se produit juste après un autre de manière très rapide";Verbe à la forme neutre passé (-た) + (か)と思うと ou (か)と思ったら;"稲妻が光ったと思うと雷がなった。
Juste après l'éclair, le tonnerre gronda.
１つが通り過ぎたかと思うと、すぐに次の台風が接近する。
Après le passage d'un premier typhon, le suivant s'est aussitôt approché.
空がパッと明るくなったと思ったら爆発がありました。
Juste après que le ciel se soit soudainement illuminé, il y a eu une explosion.
"
N2;かぎり;かぎり : tant que ~, pour autant que ~;"1er sens Permet d'indiquer qu'une action perdure tant qu'une certaine condition reste valable Peut se traduire par : tant que ~ かがりは peut également être utilisé 
2ème sens Permet d'exprimer une certaine limite Peut se traduire par : pour autant que ~, dans la limite de ce que ~";"1er sens Verbe à la forme neutre + かぎり(は) Adjectif en い ou en な + かぎり(は) Nom + の ou である + かぎり(は) 

2ème sens Verbe à la forme neutre + かぎり Nom + の + かぎり";"最初に宿題をするかぎり、テレビを見てもいい。
Tu peux regarder la télévision tant que tu fais tes devoirs en premier.
君はここに居るかぎり安全です。
Tu es en sécurité tant que tu restes ici.
私が知る限り、彼は結婚していない。
Pour autant que je sache, il n’est pas marié.
私はできるかぎり熱心に働いた。
J'ai travaillé avec entrain dans la limite de ce que je suis capable de faire.
"
N2;かぎりでは;限りでは (かぎりでは) : pour autant que ~, de ce que ~;"Peut se traduire par : pour autant que ~, de ce que ~ 
Permet d'exprimer une limite, une portée, une étendue dans ce que l'on connait";Verbe à la forme neutre (passé ou présent) + 限りでは;"私が知る限りでは、彼は頼りになる人だ。
De ce que je connais de lui, c'est une personne de confiance.
私の覚えてる限りではこの前お会いしたのは３年前ですね。
Pour autant que je me souvienne, cela fait 3 ans que nous nous sommes rencontrés la dernière fois.
私の知る限りではその小説は和訳されていない。
Pour autant que j'en sache, ce roman n'est pas traduit en japonais.
"
N2;かのように, かのような, かのようだ;かのように, かのような, かのようだ : comme ~;"Peut se traduire par : comme ~, comme si ~ 
Permet de décrire quelque chose tel qu'il nous apparait";"Nom ou adjectif en な + である + かのように ou かのような ou かのようだ 
Verbe à la forme neutre ou adjectif en い + かのように ou かのような ou かのようだ";"彼はまるでなにも起こらなかったかのように話しつづけた。
Il continua de parler comme s'il ne s'était rien passé.
彼はまるで何事もなかったかのような顔をしていた。
Il semblait comme si rien n'était arrivé.
彼はまるで父親に合ったことがないかのようだ。
Il semblerait qu'il n'ait jamais rencontré son père.
"
N2;からいうと, からいえば, からいって;から言うと, から言えば, から言って (からいうと, からいえば, からいって) : du point de vue de ~;Peut se traduire par : du point de vue de ~;Nom + からいうと ou からいえば ou からいって;"エコロジーの視点からいうと、南極は観光や商業的な探索ではなく、研究のみに利用されるべき である。
Du point de vue écologique, l'Antarctique devrait être réservé à la recherche et non au tourisme ou à l'exploitation commerciale.
文学的な見地から言えば、彼の作品は失敗です。
D'un point de vue littéraire, son œuvre est ratée.
私の経験から言って、不眠が元で病気になることがよくある。
D'après ma propre expérience, lorsque l'on tombe malade, l'insomnie en est souvent la cause.
我々の観点から言うと、彼の提案は妥当なものだ。
De notre point de vue, sa proposition est acceptable.
"
N2;からみても, からみると, からみれば;から見ても, から見ると, から見れば (からみても, からみると, からみれば) : du point de vue de ~;"Peut se traduire par : du point de vue de ~, 
En regardant depuis ~ から言うと a un sens proche";Nom + から見ても ou から見ると ou から見れば;"飛行機から見るとその島は巨大なクモのように見える。
Vue depuis un avion, l'île ressemble à une immense araignée.
山の山頂から見ると、その島はとても美しい。
Vue du sommet de la colline, l'île est très belle.
健康の観点から見れば、東京は生活するのにそんなによい場所ではない。
Du point de vue de la santé, Tokyo n'est pas tellement un bon endroit pour y vivre.
"
N2;からには, からは;からには, からは : maintenant que ~, depuis que ~;"Peut se traduire par : maintenant que ~, depuis que ~ 
Est suivie par une obligation, une résolution, une supposition, une suggestion ou une commande";"Nom ou adjectif en な + である + からには ou からは 
Verbe à la forme neutre ou adjectif en い + からには ou からは";"約束したからには、その約束を破るわけにはいかない。
Maintenant que tu as fait une promesse, tu ne peux pas te permettre de la rompre.
わたしがここに来たからには、心配することはない。
Maintenant que je suis là, tu n'as plus à t'inquiéter.
"
N2;からすると, からすれば, からして;からすると, からすれば, からして : à en juger par ~, compte tenu de ~;"Peut se traduire par : à en juger par ~, compte tenu de ~, d'un point de vue de ~ 
Permet d'exprimer une jugement suivant un certain point de vue";Nom + からすると ou からすれば  ou からして;"この空模様からすると、雨になりそうだ。
À en croire l'état du ciel, il est probable qu'il pleuve.
その事実は科学の観点からすれば非常に重要です。
Ces faits sont d'une grande importance d'un point de vue scientifique.
この証拠からして当然彼女は無実だということになる。
Compte tenu ces preuves, elle est bien évidemment censée être innocente.
"
N2;からといって;からと言って (からといって) : seulement parce que ~;"Peut se traduire par : seulement parce que ~, ce n'est pas parce que ~ que ~ 
Ce qui suit からといって est généralement un jugement ou un avis négatif";Verbe à la forme neutre + からといって;"彼女が貧しいからと言って不正直だと言うことにはならない。
C'est n'est pas parce qu'il est pauvre qu'il est nécessairement malhonnête.
法律を知らないからといって言い訳にはならない。
Ce n'est pas parce qu'on ne connait pas la loi que l'on peut être excusé.
間違えたからと言って彼をあざ笑うな。
Ne te moque pas de lui seulement parce qu'il s'est trompé.
彼らは世論が恐いからと言ってその計画に反対したのではない。
Ils ne se sont pas opposés au projet seulement parce qu'ils ont eu peur de l'opinion publique.
"
N2;からこそ;からこそ : c'est précisément parce que ~;"Peut se traduire par : c'est précisément parce que ~, c'est justement parce que ~ 
Permet de mettre l'accent sur une raison ou une cause";Verbe à la forme neutre + からこそ;"彼女には欠点があるからこそ僕は一層彼女が好きだ。
C'est justement à cause de ses défauts que je l'aime d'autant plus.
彼は部長になったからこそ、もっと丁寧に話さなければいけない。
C'est précisément parce qu'il est devenu chef de département qu'il doit parler plus poliment.
あなたが手伝ってくれたからこそ、仕事が早くできたのです。
C'est précisément parce que tu m'as aidé que le travail a été terminé rapidement.
"
N2;きがする;気がする (きがする) : avoir l'impression de ~;Peut se traduire par : avoir l'impression de/que ~ Traduit une impression ou un sentiment ような気がする énonce une impression avec un peu moins de certitude que 気がする;Verbe à la forme neutre affirmative + ような気がする ou 気がする;"彼がその秘密を知っているような気がする。
J'ai le sentiment qu'il connait ce secret.
雨が降るような気がする。
J'ai l'impression qu'il va pleuvoir.
分かった気がする。
Je crois avoir compris.
"
N2;きり;きり : juste ~, seulement ~;Peut se traduire par : juste, ~ seulement ~;Verbe à la forme neutre (passé ou présent) + きり Nom + きり;"今朝コーヒーを飲んだきりで、何も食べてない。
Le matin, il buvait juste du café et ne mangeait rien.
その家で彼女は赤ん坊と二人きりだった。
Elle et son enfant étaient juste tous les deux dans la maison.
"
N2;っけ;っけ : expression pour indiquer une confirmation ou que l'on vient de se rappeler quelque chose;"Peut se traduire par : ah tiens ~, si je me souviens bien ~ 
S'utilise en fin de phrase pour marquer une exclamation qui indique :
 que l'on vient de se rappeler de quelque chose que l'on confirme quelque chose  
S'utilise uniquement à l'oral.
On trouve souvent du passé avant っけ même si on se réfère à un moment présent ou futur car on exprime une confirmation de quelque chose.
";Verbe au passé neutre (-た) + っけ;"そうだ。
今日はお母さんの誕生日だっけ。
Ah oui, c'est aujourd'hui l'anniversaire de ma mère.
彼にはまだパーティーの場所を知らせていなかったっけ。
Ah tiens, il ne nous a pas encore annoncé le lieu de la fête.
趣味は何でしたっけ？ Au fait, c'est quoi tes passe-temps déjà ?"
N2;ことだ;ことだ : devoir faire quelque chose (recommandation);S'utilise pour exprimer un conseil, une recommandation S'utilise par un locuteur socialement supérieur (patron, enseignant.) à destination d'une personne avec un statut inférieur (employé, élève.) afin de la conseiller ou lui suggérer fortement une recommandation;Verbe à la forme neutre (négatif ou affirmatif)  + ことだ;"海外に住む間は両親に時々連絡することだ。
Tu devrais contacter tes parents de temps en temps tant que tu vis à l'étranger.
あなたはこれを読むことだ。
Tu devrais lire ceci.
無理をしないことです。
Tu ne devrais pas trop en faire.
"
N2;ことだから;ことだから : c'est typique de ~, étant donné que ~;"Permet de montrer une caractéristique ou quelque chose typique de quelqu'un.
Cas le plus fréquent : A のことだから、B où A est une personne et B correspond à une conjecture ou une prédiction sur A";Nom + の + ことだから;"彼女のことだからきっとパーティーへ来るよ。
Etant donné que c'est elle, elle viendra sans aucun doute à la fête.
子供のことですから、そんな難しいことを言ってもわかりませんよ。
Vu que ce sont des enfants, ils ne comprendront pas si tu dis quelque chose de compliqué.
走るのはよい運動のことだからもちろん疲れますよ。
Etant donné que la course est un bon exercice, c'est normal que tu sois fatigué.
"
N2;ことはない;ことはない : ne pas être nécessaire de ~;"Peut se traduire par : il n'est pas nécessaire de ~, ce n'est pas la peine de ~ 
Sens proche : verbe à la forme neutre + 必要(ひつよう)はない";Verbe à la forme neutre + ことはない;"時間は十分あるから急ぐことはない。
Ce n'est pas la peine de se pressé vu que l'on a assez de temps.
試験が簡単だから心配することはないだよ! Il n'y a pas besoin de s'inquiéter car l'examen est simple ! 君はそんなに早く寝ることはない、学校が止またんだよ。
Il n'est pas nécessaire d'aller se coucher si tôt vu que les cours sont terminés.
"
N2;ことか;ことか : tellement, beaucoup;"Exclamation de fin de phrase montrant la surprise, la vexation ou l'étonnement du locuteur 
S'utilise surtout avec des mots interrogatifs tels que : 何, どんなに, 何回も, なんと";"Verbe à la forme neutre ou adjectif en い + ことか 
Adjectif en な + な/だった + ことか";"この花はなんときれいなことか。
Eh bien, quelles fleurs magnifiques ! 婚約したばかり彼女はすごく嬉しいことか。
Elle était tellement heureuse quand elle s'est tout juste fiancée ! コンビニでお弁当を買う、便利なことか。
C'est tellement pratique d'acheter un bentô au conbini !"
N2;ことから;ことから : parce que;"A ことから、B : A est la cause, la raison ou l'origine de B 
S'utilise souvent pour expliquer l'origine d'un nom";"Nom + だった + ことから 
Verbe à la forme neutre ou adjectif en い 
Adjectif en な + な/だった + ことから  + ことから";"働き過ぎたことから彼は倒れました。
Il s'est effondré parce qu'il travaillait trop.
眼鏡の形をしていることから、その橋を眼鏡橋とよぶ。
On appelle ce pont Meganebashi parce qu'il ressemble à une paire de lunettes.
二人が一緒に仕事がしたことから、交際が始まった。
On a commencé à être amis parce qu'on travaillait ensemble.
"
N2;ことなく;ことなく : sans ~;"Peut se traduire par : sans même faire ~ une seule fois 
S'utilise dans un registre formel et à l'écrit";Verbe à la forme neutre + ことなく;"案内書をみることなく遊園地に行きました。
Ils sont allés au parc d'attraction sans même avoir regardé le guide touristique.
ロポットは２４時間休むことなく働いている。
Le robot a fonctionné 24h durant sans s'arrêter une seule fois.
彼は日本のお寺や神社にお参りすることなく、帰国した。
Il est retourné dans son pays sans être allé une seule fois dans un temple ou un sanctuaire japonais.
"
N2;ことには;ことには : complètement ~, vraiment ~, à ma ~;"Permet d'exprimer une émotion forte ou un sentiment que l'on va expliciter par la suite 
Se place en début de phrase";"Adjectif en い + ことに(は) 
Adjectif en な + ことに(は) 
Verbe à la forme neutre au passé (た) + ことに(は)";"驚いたことには彼女はその質問には答えることができなかった。
A ma grande surprise, elle n'arriva pas à répondre à la question.
嬉しいことに４月から、給料が１割りほど上がる。
Je suis vraiment content car à partir du mois d'Avril, mon salaire va augmenter de 10%.
残念なことに今年日本語能力試験を受けなかった。
Fort malheureusement, je n'ai pas réussi à passer le JLPT cette année.
"
N2;くらい, ぐらい, ほど;くらい, ぐらい, ほど : au point de ~, pas autant ~ que ~, même ~, au moins ~, plutôt que de ~;"1er sens Avec : ~ くらい ou ~ ぐらい ou ~ ほど 
Permet d'indiquer un certain dégré d'une situation 
Peut se traduire par : à tel point que ~, au point de ~ 
Par rapport à くらい ou ぐらい, ほど permet d'apporter un sens un peu plus fort 
2ème sens Avec : ~ ほど.
はない Permet de faire des comparaisons (aussi bien négatives que positives) 
Peut se traduire par : pas autant ~ que ~ 
3ème sens Avec : ~ くらい ou ~ ぐらい 
Permet de déprécier ou rabaisser quelque chose Peut se traduire par : même ~, au moins ~ 
4ème sens Avec : くらい ou ぐらい + なら, ~ 方がまし (ほうがまし) ou 方がいい (ほうがいい) 
Permet d'exprimer le fait que l'on préfère faire quelque chose plutôt que de devoir en faire une autre 
Peut se traduire par : plutôt que de ~, ~";"1er sens Verbe à la forme neutre (affirmatif ou négatif) + くらい, ぐらい ou ほど Nom + くらい, ぐらい ou ほど 
2ème sens Verbe à la forme neutre + ほど. はない Nom + ほど. はない 
3ème sens Verbe à la forme neutre + くらい ou ぐらい Nom + くらい ou ぐらい 
4ème sens Verbe à la forme neutre + くらい ou ぐらい + なら + verbe à la forme neutre passé + 方がまし";"1er sens 私は彼女に追いつくことができるくらい速く走った。
J'ai couru vite au point d'être capable de la rattraper.
私達は市全体が見えるくらい高くまで登った。
On a grimpé suffisamment haut à tel point que l'on pouvait voir l'ensemble de la ville.
間もなく風呂は彼が入れるほど温くなりました。
Son bain fut bientôt tiède au point de pouvoir le prendre.
2ème sens 日本に住むほど幸せなことはありません。
Rien ne me rendrais plus heureuse que de vivre au Japon.
彼のクラスのほかのどの少年も彼ほど背が高くない。
Aucun garçon de sa classe n'est aussi grand que lui.
日本のほかのどの都市も東京ほど大きくありません。
Il n'y a pas d'autre ville aussi grande que Tôkyô au Japon.
3ème sens 子供でもそれぐらい答えられる。
Même un enfant pourrait répondre au moins à cela.
どんなに忙しくても新聞ぐらいは読むべきです。
Peut importe la façon dont tu es occupé, tu devrais au moins lire le journal.
せめて日常会話ができるくらいになりたい。
J'aimerais au moins être capable de tenir des discussions de la vie quotidienne.
4ème sens そんな人と結婚するぐらいなら死んだほうがましだ。
Je préférerais mourir que d'épouser un homme comme lui.
降参するぐらいなら死んだほうがましだ。
Je préférerais mourir plutôt que de me rendre.
ここでタクシーを拾おうとするぐらいなら、歩いて家に帰ったほうがよい。
On préfèrerait rentrer chez nous à pied plutôt que d'essayer de prendre un taxi ici.
"
N2;まい;まい : ne devrait pas ~, ne pas ~ probablement;1er sens Peut se traduire par : ne pas ~ probablement Indique une supposition négative Sens proche : verbe au présent négatif neutre [-ない] + だろう S'utilise à l'écrit dans un registre formel On peut avoir également すまい et こまい au lieu de respectivement するまい et くるまい S'utilise pour exprimer sa propre opinion : pour celle d'une tierce personne, on ajoute と思う après 2ème sens Peut se traduire par : je ne devrait pas ~, j'ai l'intention de ne pas ~ Permet d’exprimer une forte volonté ou intention du locuteur de ne pas faire quelque chose S'utilise avec un sujet à la premier personne Pour une tierce personne, on utilise : ~まいと思っているらしい ou ~まいと思っているようだ S'utilise à l'écrit dans un registre formel Expression ancienne, employée plutôt par des personnes âgées ou dans un cadre officiel;"1er sens 
Verbe à la forme neutre au présent + まい 
Adjectif en い dans sa forme adverbiale (く à la place de い) + (は) + あるまい 
Adjectif en な ou nom + であるまい ";"彼はもう英語は教えまい。
Il ne devrait probablement plus enseigner l'anglais.
彼女はそんなことはすまい。
Elle ne ferait certainement pas une telle chose.
火星へ旅行できる日も遠くあるまい。
Ce n'est probablement plus éloigné le jour où nous pourrons aller sur Mars.
こんなまずいレストランへは二度と来るまい。
On ne reviendra plus jamais dans ce genre de mauvais restaurant.
彼は何も言うまいと思っているらしい。
Il ne devrait plus dire quoi que ce soit.
"
N2;まいか;まいか : ne pas savoir si oui ou non ~;"Peut se traduire par : ne pas savoir si oui ou non ~ 
S'utilise à l'écrit dans un registre formel 
Permet d'exprimer un doute ou une incertitude Expression ancienne, かどうか est utilisé plus couramment";Verbe à la forme volitive + か + même verbe à la forme neutre + まいか;"日本へ行こうか行くまいか迷った。
Je ne sais pas si oui ou non j'irais au Japon.
私は彼女にそれについて聞こうか聞くまいか思案した。
J'ai réfléchi si oui ou non je devais lui demander à propos de ceci.
二人の喧嘩を止めようか止めるまいか。
Je ne sais pas si oui ou non on doit arrêter leur bagarre.
"
N2;もかまわず;もかまわず : sans se soucier de ~ ;Peut se traduire par : sans se soucier de ~, sans prendre en compte ~, sans considérer ~ ;"Nom + もかまわず
 Verbe à la forme neutre + の + もかまわず";"他の人に迷惑もかまわず、電車の中で携帯電話で話している人がいる。
 Il y a des personnes qui parlent au téléphone à l'intérieur du train sans se soucier de la gêne causée aux autres. 
子供は服が濡れるのもかまわず、川の中に入って遊んでいる。 
Les enfants jouent en allant dans la rivière sans se soucier de tremper leurs vêtements. "
N2;ものだ ;ものだ : éprouver de l'admiration, décrire une évidence, suggérer un conseil, exprimer de la nostalgie ;"1er sens 
Indique qu'on l'on éprouve du chagrin, de la peine ou de l'admiration 
2ème sens 
Décrire quelque chose comme une évidence, comme étant du bon sens 
3ème sens 
Permet de suggérer un conseil ou une recommandation
 4ème sens
 Exprimer une nostalgie pour une habitude du passé ";"Pour le 1 et le 2ème sens 
Verbe à la forme neutre ou adjectif en -い ou en -な + ものだ
 Pour le 3ème sens 
Verbe à la forme neutre + ものだ
 Pour le 4ème sens 
Verbe à la forme passé neutre (-た) + ものだ";"誰かが亡くなったときは悲しいものだよ。 
C'est vraiment triste quand quelqu'un meurt. 
人間は決して永遠には生きられないものだ。
Les humains ne peuvent absolument pas vivre éternellement. 
人の話はよく聞くものです。 
Tu devrais écouter convenablement les propos de personnes. 
彼女は寝る前に祈ったものだ。
Elle avait l'habitude de prier avant d'aller se coucher. "
N2;ものだから ;ものだから : parce que ~ ;"Peut se traduire par : parce que ~ 
S'utilise pour donner une raison ou une excuse personnelle dans une situation où l'on n'a pas pu faire autrement
 La raison donnée est souvent quelque chose de négatif, de regrettable, de peu apprécié 
もの peut être transformé en もん dans un registre de langue familier 
On peut aussi croiser ものですから dans un registre plus soutenu";"Verbe à la forme neutre + ものだから 
Nom + な + ものだから 
Adjectif en な avec le な final + ものだから 
Adjectif en い + ものだから ";"家が狭いものですから大きい家具は置けません。 
On ne peut pas mettre de gros meubles parce que la maison est étroite. 
一人っ子なものだからわがままに育ててしまいました。 
Il a grandi égoïste parce qu'il est enfant unique. 
日本の習慣を知らないものですから、失礼なことをするかもしれません。
Je ferais peut-être des choses impolies parce que je ne connais pas les coutumes japonaises. "
N2;ものがある ;ものがある : avoir l'impression de ~, ressentir quelque chose;"S'utilise pour exprimer une certaine émotion ou un sentiment que l'on ressent 
Généralement, le locuteur parle de quelque chose (annoncé par exemple par ~ には) puis explique ce qu'il ressent (annoncé par ~ ものがある) ";"Verbe à la forme neutre + ものがある 
Adjectifs en い ou en な + ものがある ";"抽象的な芸術には理解しにくいものがある。 
J'ai l'impression que l'art abstrait est difficile à comprendre. 
このヌードのポスターには若者の視覚に訴えるものがある。 
J'ai le sentiment que cette affiche dénudée attrait visuellement les jeunes. 
彼の性格には単なる正直以上のものがある。 
J'ai le sentiment qu'il y a plus que de la simple honnêteté dans son caractère."
N2;ものか ;ものか : pas du tout ;"Exprime une forte négation ou un refus 
A l'oral ou entre personnes proches (registre familier), もんか ou もんですか sont utilisés ";"Verbe à la forme neutre + ものか 
Nom + な + ものか 
Adjectif en な avec le な final + ものか 
Adjectif en い + ものか ";"あの絵が名作なものか。ピカソの模倣にすぎない。 
Cette peinture n'est pas du tout un chef d'oeuvre. Ce n'est rien de plus qu'une imitation d'un Picasso. 
あの人が人の忠告なんか聞くものですか。
 Il n'est pas du tout du genre à écouter les conseils de quelqu'un. "
N2;ものなら ;ものなら : si seulement ~ était possible, alors ~ ;"Peut se traduire par : si seulement ~ était possible, alors ~ 
A + ものなら + B : A ne peut être réalisée, mais si c'était le cas, alors on aurait B 
Montre généralement les conséquences de ce que le locuteur imagine 
もんなら est utilisé à l'oral dans un registre familier ";Verbe à la forme neutre ou à la forme potentielle + ものなら;"父の病気が治るものなら、どんな高価な薬でも手に入れたい。
 Si seulement il était possible de soigner la maladie de mon père, je voudrais me procurer ce genre de médicament, qu'importe le prix. 
退院できるものなら、すぐにうちへ帰りたい。 
Si seulement je pouvais sortir de l'hôpital, je voudrais rentrer directement chez moi. 
彼女と会えるものなら、是非会いに行きたい。 
Je voudrais sans aucun doute aller la voir si seulement je le pouvais. "
N2;ものの ;ものの : bien que ~ ;"Peut se traduire par : bien que ~, cependant ~ 
a pour synonyme : けれども ou しかし 
la forme ~とはいうものの est souvent utilisée avec les noms et adjectifs en な 
s'utilise à l'écrit dans un registre formel";"Adjectif en い + ものの 
Adjectif en な + とはいう + ものの 
Adjectif en な + ものの
 Nom + とはいう + ものの 
Nom + である + ものの Verbe à la forme neutre + ものの";"免許は取ったものの、車が買えない。
 Bien que j'ai un permis, je ne peux pas acheter de voiture. 
二年間に日本にいったものの、まだペラペラじゃないんです。 
Bien que je sois resté 2 ans au Japon, je ne parle pas encore couramment le japonais. 
パソコンを買ったものの使い方がぜんぜんわからない。 
Bien que j’aie acheté un nouveau PC, je ne sais pas du tout comment l'utiliser. "
N2;むけ ;向け (むけ) : destiné à ~ ;"Peut se traduire par : destiné à ~, fait pour ~, conçu pour ~ 
Indique qu'un objet a été réalisé ou conçu à destination d'une personne ou un groupe";"Nom + 向け + だ 
Nom + 向け + に + verbe 
Nom + 向け + の + nom  ";"この教科書は外国人学生向けの物である。 
Ce manuel scolaire est à destination des étudiants étrangers. 
その携帯は日本向けだからアメリカで使用出来ません。 
Tu ne peux pas te servir de ce téléphone portable aux Etats-Unis car il a été conçu pour être utilisé au Japon. "
N2;むき ;向き (むき) : être adapté à ~;"Peut se traduire par : être adapté à ~ 
Indique si un objet convient / est adapté à une personne ou un groupe ";"Nom + 向き + だ 
Nom + 向き + に + verbe 
Nom + 向き + の + nom  ";"この本は読みやすいので、初級者向きだ。 
Ce livre est adapté aux débutants car il est facile à lire. 
この別荘は夏向きにできているので、冬は寒いです。
 L'hiver est assez froid ici car cette résidence secondaire a été faite pour convenir l'été. 
これは体力が必要なので、どちらかというと若い人向きの仕事です。 
Ce travail convient plutôt à quelqu'un de jeune car il faut avoir de la force physique. "
N2;など, なんか, なんて;など, なんか, なんて : particules soulignant quelque chose de négatif ;"Permettent de mettre en valeur des sentiments négatifs, du mépris, de l'agacement... 
なんか est la forme la plus informelle, など la plus formelle, なんて se trouve entre les deux 
なんか souligne un peu plus un aspect péjoratif, comme de l'agacement ou quelque chose de désobligeant 
なんて s'utilise plus souvent pour de la surprise ou de la colère 
なんか et なんて s'utilisent principalement à l'oral ";"Nom (+ だ) + など ou なんか ou なんて 
Verbe à la forme neutre + など ou なんか ou なんて";"助言なんかいらない。 
Je n'ai pas besoin de ces fichus conseils. 
忙しくて、テレビなど見ていられない。 
Je suis crevé, je n'ai pas besoin de regarder la TV ou quoi que ce soit. 
大きくなんてないけど、きれいだ。 
Ce n'est pas très grand, mais c'est propre. 
日本語でスピーチなどできません。 
Je n'ai aucun moyen de faire un discours en japonais. "
N2;ないことはない;ないことはない : ce n'est pas impossible que ~, il y a une faible chance que ~, il se peut que ~;"Peut se traduire par : ce n'est pas impossible que ~, il y a une faible chance que ~, il se peut que ~ 
Permet d'indiquer que la condition ou la possibilité qui précède ことはない est rare, mais a une chance d'arriver
Permet d'atténuer/de modérer une affirmation ";"Verbe au neutre négatif (ない) + ことはない 
Adjectif en な au négatif (ではない) + ことはない 
Adjectif en い au négatif (くない) + ことはない 
Nom + でない + ことはない";"この問題は複雑ですが、理解を出来ないことはない。 
Cette question est difficile mais il n'est pas impossible de la comprendre. 
十年間日本語を勉強してきたんですが、会話するときに間違わないことはありません。 
J'ai étudié le japonais durant 10 années mais il se peut que je fasse des erreurs quand je parle. 
漢字を全部一年間で覚えられないこともない。 
Ce n'est pas totalement impossible de retenir tous les kanjis en une année. "
N2;ないことには ;ないことには : tant que ~, si ~ ;"Peut se traduire par : tant que ~, si ~ 
A + ないことには + B : si A ne se produit pas, alors B ne se produira pas également 
Ce qui suit ~ないことには aura un sens négatif 
Sens proche mais qui peut être suivi par quelque chose de positif : ~なければ (si ~ pas, alors ~) ";"Verbe au neutre négatif (ない) + ことには 
Adjectif en な au négatif (ではない) + ことには 
Adjectif en い au négatif (くない) + ことには 
Nom + でない + ことには";"ちゃんと勉強しないことには試験を受けるのは無理だ。 
Si tu n'étudies pas correctement, il sera inutile de passer l'examen. 
彼に告白しないことには彼の気持ちが分からない! 
Si tu ne te déclares pas à lui, tu ne connaitras jamais ses sentiments ! 
住所がわからないことには、連絡しようがありません。 
Tant que l'on ne connaîtra pas son adresse, on ne pourra pas le contacter. "
N2;なかなか + verbe en -ない ;なかなか + verbe en -ない : ne pas pouvoir faire quelque chose facilement ;Indique que quelque chose ne peut pas être réalisée facilement ;なかなか + verbe à la forme neutre au négatif;"なかなか起きられません。 
Je ne peux pas me réveiller facilement. 
そのドアはなかなか閉まらなかった。 
Cette porte n'a pas été refermée facilement. 
彼は習慣をなかなか変えない。 
Il ne change pas facilement ses habitudes. "
N2;にあたって, にあたり ;に当たって (にあたって), にあたり : à l'occasion de ~ ;"Pour préciser une occasion où quelque chose d'important se fait 
S'utilise dans un langage formel 
Peut se traduire par : à l'occasion de ~, lors de ~ ";"Verbe à la forme neutre + にあたって 
Nom + にあたって ou にあたり ";"Exemples 我々は決定にあたって偏見に左右されない。 
Lors de nos décisions, nous ne devons pas se laisser influencer par nos préjugés.
研究部長はその部門が新製品のテストをするにあたって、徹底的な仕事をさせた。 
Lors du test du nouveau produit, le directeur des recherches a fait faire un travail minutieux à ce département. 
ビザを取るにあたりパスポットと二枚の写真がひつよう。 
Lorsque l'on récupère son visa, on a besoin de son passeport et de deux photos"
N2;にちがいない ;に違いない (にちがいない) : sûrement ;"Pour indiquer que l'on est sûr de quelque chose 
Très grande conviction dans ce que l'on dit 
Peut se traduire par : à coup sûr, sûrement, sans aucun doute, certainement ";"Verbe à la forme neutre + に違いない
 Adjectif verbal en い + に違いない 
Adjectif nominal en -な ou nom + である + に違いない";"母は怒っているにちがいない。 
Ma mère doit être en colère. 
彼は無罪にちがいない。 
Il doit très certainement être innocent. 
彼女はとても忙しいにちがいない。 
Elle est certainement très occupée. 
そんなことがわからないとは、彼は愚か者であるに違いない。 
Il doit être idiot pour ne pas connaître ce genre de chose. "
N2;にはんして ;に反して (にはんして) : contrairement à ~ ;"Pour indiquer quelque chose d'opposé à une autre 
Peut se traduire par : contrairement à ~ ";Nom + に反して ;彼女は自分の意思に反して計画を断念した。 Contrairement à sa propre intention, elle a abandonné son projet. 彼は私たちの予想に反して落選した。 Contrairement à nos prévisions, il échoua aux élections. 
N2;にほかならない ;にほかならない : n'être rien d'autre que ~ ;"Peut se traduire par : n'être seulement que ~, n'être rien d'autre que ~ 
Pour indiquer une conclusion qui dérive naturellement d'un fait
 Est souvent suivi par une raison ou une cause d'un évènement 
S'utilise au langage formel ";Nom + にほかならない ;"世界の歴史は自由意識の進歩にほかならない。 
L'histoire du monde n'est rien d'autre que le développement de la conscience de la liberté. 
戦争というのは、大量殺人にほかならない。 
La guerre n'est rien d'autre qu'un grand nombre de meurtres. "
N2;にかぎらず ;に限らず (にかぎらず) : pas uniquement réservé à ~ ;Pour indiquer que quelque chose n'est pas uniquement réservé à un groupe ;Nom + に限らず ;"ここ数年、コンピューターは仕事に限らず広く利用されるようになりました。 
Ces dernières années, l'utilisation croissante des ordinateurs a atteint un tel point qu'on ne l'utilise pas uniquement qu'au travail"
N2;にかぎり ;に限り (にかぎり) : seulement pour ~ ;"Pour indiquer que quelque chose est réservé à un groupe 
On restreint quelque chose pour une catégorie de personnes 
L'inverse de に限らず (にかぎらず)
Peut se traduire par : limité à ~, réservé pour ~, seulement pour ~";Nom + に限り ;学生に限り入場可。 Admission possible uniquement pour les étudiants.
N2;にかぎる ;に限る (にかぎる) : rien n'est meilleur que de ~, rien ne vaut ~ ;Indique que rien ne vaut quelque chose, rien n'est meilleur que ~ ;"Verbe à la forme neutre + に限る 
Nom + に限る";"暑い日は冷たいビールに限る。 
Rien ne vaut une bière bien fraiche lorsqu'il fait chaud. 
英作文に上達するには英語で日記を付けるに限る。 
Rien n'est meilleur que de tenir un journal personnel en anglais pour s'améliorer dans les rédactions dans cette langue. "
N2;にかかわらず, にかかわりなく ;に係わらず, に関わりなく (にかかわらず, にかかわりなく) : peu importe ~ ;"Peut se traduire par : peu importe ~, qu'importe ~ 
S'utilise souvent avec des termes opposés telles que : 
verbe : するしない, 降る降らない 
adjectif en い : いい/悪い (bon/mauvais), 好き/嫌い (aimé/détesté), 上手/下手 (adroit/maladroit)
Nom : 晴雨 (temps clair ou pluvieux), 多少 (plus ou moins), 有無 (présence ou absence) ";"Verbe à la forme neutre + にかかわらず 
Adjectif en い + にかかわらず 
Nom + にかかわらず ";"金額の多少にかかわらず、寄付は大歓迎です。 
Peu importe que le montant soit important ou non, les donations sont accueillies chaleureusement. 
このデパートは曜日に係わらず、いつも込んでいる。 
Qu'importe le jour de la fête, il y a toujours plein de monde. 
当社は学校の成績のいい悪いに係わりなく、やる気のある人材を求めています。 
Peu importe que vos résultats scolaires soient bons ou mauvais, on recherche dans cette entreprises des personnes compétentes et qui ont de la motivation. 
お酒を飲む飲まないに係わりなく、参加者には一人三千円払っていただきます。 
Peu importe que vous buviez de l'alcool ou non, les participants doivent payer 3000 yens chacun. "
N2;にかけては, にかけても ;にかけては, にかけても : concernant ~, en parlant de ~ ;"Peut se traduire par : concernant ~, à propos de ~, en parlant de ~ 
S'utilise pour pointer quelque chose de positif, souvent une caractéristique ou une capacité にかけては est donc suivie par une phrase avec un sens positif ";Nom + にかけては ou にかけても;"数学にかけては、彼女はクラスでいつも一番だった。 
Concernant les mathématiques, elle était tout le temps la meilleure. 
彼は走ることにかけては誰にも負けない。 
A propos de course à pied, il n'a jamais perdu face à quelqu'un. "
N2;にこたえて ;に応えて (にこたえて) : en réponse à ~ ;"Peut se traduire par : en réponse à ~ 
L'action qui est réalisée se fait ou est faite en réponse à quelque chose 
Ce qui précède に応えて est souvent une question, un souhait, une opinion ou une demande";Nom + に応えて ;"社員の要求にこたえて労働時間を短縮した。 
En réponse à la demande des employés, les heures de travail ont été réduites. 
地方の需要に応えるのに十分な製品の在庫がある。 
Nous avons un stock de produits suffisant dans le but de répondre à la demande locale. "
N2;にもかかわらず ;にもかかわらず : bien que ~, en dépit du fait que ~, malgré ~ ;"Peut se traduire par : bien que ~, en dépit du fait que ~
Contrairement à くせに, il n'y a pas d'émotions (dédain, reproche...) qui sont exprimées 
S'utilise de manière formelle ";"Verbe à la forme neutre ou adjectif en い + にもかかわらず 
Adjectif en な ou nom + (である mais pas だ) + にもかかわらず ";"渋滞にもかかわらず、私はどうにか空港に遅れずに到着することができた。 
En dépit des embouteillages, j'ai réussi à arriver à l'aéroport d'une façon ou d'une autre sans être en retard. 
彼は努力したにもかかわらず十分には報われなかった。 
Malgré ses efforts, il n'a pas été assez récompensé. "
N2;にもとづいて ;に基づいて (にもとづいて) : basé sur ~, en se basant sur ~ ;"Peut se traduire par : basé sur ~, en se basant sur ~ 
Exprime le fait que quelque chose se base, se fonde, se construit à partir d'un autre élément 
S'utilise principalement quand l'élément sur lequel on se base est rationnel (un fait, une preuve...) 
を基に s'utilise avec le même sens mais se rapporte plus à quelque chose de sentimental (une intuition, une idée...)";Nom + に基づいて ;"彼の理論は多くの事実に基づいている。 
Sa théorie est basée sur de nombreux faits. 
天気の予報は過去のデータに基づいて行われる。
 Les prévisions météorologiques sont réalisées en se basant sur des données passées.
 給料は経験と学歴に基づいて決まります。 
Le salaire sera établi en se basant sur le cursus scolaire et l'expérience."
N2;において, における ;において, における : dans ~, lors de ~, à ~, en ~ ;"Peut se traduire par : dans ~, lors de ~, à ~, en ~ 
Permet de spécifier un emplacement (physique ou non), un domaine, un lieu ou un moment
 S'utilise dans le langage formel et écrit 
Peut être remplacé de manière informelle par で ou に ";Nom + において ou における ;"中世において、ミルクはまだ薬として普及していた。 
Au Moyen-Age, le lait était encore utilisé en tant que médicament. 
彼女は彼より数学において劣っている。 
Elle est moins bonne que lui en mathématiques. 
多くの国において軍備縮小は実際には難しい。 
Le désarmement est en pratique compliqué dans beaucoup de pays. 
エイズ調査の分野におけるすべての変化を追い続けることはできない。 
On ne peut pas continuer de suivre tous les changements dans le domaine de recherche du SIDA. 
男女関係における嫉妬はしばしば信頼の欠落によってもたらされる。 
La jalousie dans les relations hommes-femmes est souvent le résultat d'un manque de confiance. 
音楽における好みは人によって異なる。 
Les goûts en matière de musique varient suivant les personnes. "
N2;におうじて ;に応じて (におうじて) : selon ~, conformément à ~, en réponse à ~ ;"1er sens 
Peut se traduire par : selon ~, suivant ~ 

2ème sens 
Peut se traduire par : en réponse à ~ ";Nom + に応じて ;"状況に応じて事に対処してください。 
On doit s'occuper des problèmes selon la situation.
 給料は年齢と経験に応じて決まっている。 
Le salaire est fixé suivant l'âge et l'expérience. 
お好みに応じて塩と胡椒を加えてください。 
Ajoutez du sel ou du poivre suivant le goût. 
働きに応じて支払われます。 
Vous serez payé suivant votre travail. 
彼らは依頼に応じて見本を送った。 
Ils m'ont envoyé un échantillon en réponse à ma demande. "
N2;にさいして, にさいし ;に際して (にさいして), に際し (にさいし) : lors de ~, à l'occasion de ~ ;"Peut se traduire par : lors de ~, à l'occasion de ~ 
S'utilise lors d'une occasion particulière et importante 
に当たって a un sens proche mais indique juste une occasion de manière formelle ";"Nom + に際して ou に際し 
Verbe à la forme neutre + に際して ou に際し ";"子供が入学するに際して、色んなものを買う必要がある。 
Quand votre enfant rentre à l'école, il est nécessaire d'acheter tout un tas de choses. 
帰国に際し、お世話になった人にあいさつの手紙を出した。 
Lors de mon retour au pays, j'ai envoyé des lettres de remerciements aux personnes qui avaient pris soin de moi. "
N2;にさきだって ;に先立って (にさきだって) : avant ~, au préalable de ~ ;"Peut se traduire par : avant ~, au préalable de ~ 
S'utilise de manière formelle contrairement à 前に qui a le même sens mais est plus informel ";Nom + に先立って ;"高層マンションの建設に先立って、住民と建設会社との話し合いが行われた。 
Avant la construction du grand immeuble résidentiel, une discussion a eu lieu entre l'entreprise de construction et les habitants. 
海外旅行に先立って、パスポトを確認してください。 
Vérifie bien ton passeport avant ton voyage à l'étranger. "
N2;にしろ, にしても ou にせよ ;にしろ, にしても ou にせよ : même si ~, peu importe que ~, dans un cas ou l'autre ;"Quand にしろ, にしても ou にせよ sont employés seul 
Peut se traduire par : même si ~, peu importe ~. 

Quand にしろ, にしても ou にせよ sont doublés 
Quelque soit le cas, l'énoncé qui vient après les deux choix ne changera pas 
La réalité ne changera pas quelque soit le cas où on se placera 
Peut se traduire par : que ce soit ~ ou ~, dans un cas ~ ou dans l'autre ~";"Verbe à la forme neutre ou nom + にしろ, にしても ou にせよ 
Cas A + にしろ, にしても, にせよ + cas B + にしろ, にしても, にせよ + proposition principale ";"どんな本を読むにしても注意深く読みなさい。 
Qu'importe le genre de livre que tu lis, lis-le avec attention. 
あなたの作文には誤りがもしあるにしてもほとんどない。 
Même s'il y avait des erreurs dans ta rédaction, il n'y en aurait que peu. 
冗談にしろ恐怖からにしろ決してうそを言うな。 
Que ce soit par plaisanterie ou par peur, ne mens jamais. "
N2;にしたがって ;に従って(にしたがって) : en suivant ~, conformément à ~, au fur et à mesure que ~ ;"Avec un nom 
Peut se traduire par : en suivant ~, conformément à ~ 

Avec un verbe Pour exprimer le fait que deux actions impliquant un changement s'effectuent de manière graduelle et en continu 
Ces actions sont indépendantes de notre volonté Les verbes des deux actions doivent exprimer une action continue et non momentanée Peut se traduire par : au fur et à mesure que ~ 
S'utilise à l'écrit ";"Nom + に従って 
Verbe à la forme neutre (pas de passé) + に従って ";"私たちは時間割に従って勉強する。 
Nous étudions conformément à l'emploi du temps. 
先生の忠告に従って行動したほうがいい。 
Tu ferais mieux d'agir suivant les conseils de ton professeur. 
両国間の文化交流が進むにしたがって相互理解も一段と深まっていった。 
Au fur et à mesure que les échanges culturels entre deux pays progressent, leur compréhension mutuelle se renforce aussi d'autant plus. "
N2;にしたら, にすれば, にしても ;にしたら, にすれば, にしても : en se mettant à la place de ~, du point de vue de ~ ;Peut se traduire par : en se mettant à la place de ~, du point de vue de ~ ;Nom + にしたら ou にすれば ou にしても ;"学生にすれば、休みは長ければ長いほどいいだろう。
 En se mettant à la place d'un étudiant, plus les vacances sont longues, meilleurs elles sont. 
この大人向けの機械は子供にしたら使いにくいよ！ 
Cette machine à destination d'adultes est difficile à utiliser en se mettant à la place d'un enfant !"
N2;にしては ;にしては : bien que ~, malgré ~ ;"Peut se traduire par : bien que ~, malgré ~
Ce qui suit correspond à quelque chose d'inattendu, de surprenant ";"Nom + にしては 
Verbe à la forme neutre + にしては ";"兄はアメリカに２０年いたにしては英語が下手だ。 
Bien que mon frère soit depuis 20 ans aux Etats-Unis, son anglais est mauvais. 
お金持ちにしては古い車に乗っている。 
Bien qu'il soit quelqu'un de riche, il conduit une vieille voiture. "
N2;にそういない ;に相違ない (にそういない) : sûrement, sans aucun doute ;"Pour indiquer que l'on est sûr de quelque chose 
Peut se traduire par : sûrement, sans aucun doute 
Dans les certificats officiels, se traduit par 間違いない (まちがいない) : je certifie que ~
 S'emploie généralement à l'écrit ";"Verbe à la forme neutre + に相違ない 
Nom + に相違ない ";"この土器は古い時代のものに相違ない。 
Cette faïence provient sans aucun doute d'une période ancienne. 
ここに書かれていることは事実に相違ありません。
 Je certifie exact ce qui est écrit ci-joint."
N2;にそって, にそい, にそう ;に沿って (にそって), に沿い (にそい), に沿う (にそう) : conformément à ~, en suivant ~, le long de ~ ;"1er sens 
Peut se traduire par : conformément à ~, en suivant ~, en tenant compte de~ 
Synonymes : に従って (にしたがって) ou のとおりに 

2ème sens 
Peut se traduire par : le long de ~";"Nom + に沿って 
Nom + に沿い 
Nom + に沿う";"決まった方針に沿って、新しい計画を立てましょう。 
Etablissons un nouveau plan conformément aux directives prises. 
文法のパターンに沿って語彙を勉強するべきだ。
 Tu devrais étudier le vocabulaire en tenant compte des points de grammaire. 
通りに沿って桜が植えられている。 
Des cerisiers sont plantés le long de la rue. "
N2;にすぎない;に過ぎない (にすぎない) : n'être rien de plus que ~, n'être tout au plus que ~ ;Peut se traduire par : n'est rien de plus que ~, n'est tout au plus que ~ ;"Verbe à la forme neutre + にすぎない 
Nom + にすぎない ";彼は政治屋にすぎない。 Il n'est rien de plus qu'un politicien. 彼女は事実を述べていたに過ぎない。 Elle était tout au plus en train d'exprimer la réalité. 
N2;にともなって ;に伴って (にともなって) : en même temps que ~, avec ~ ;"1er sens 
Peut se traduire par : au fur et à mesure que ~, en même temps que ~ 
Permet d'indiquer qu'un changement a lieu en même temps qu'un autre にしたがって, につれて et とともに ont des sens proches 

2ème sens Peut se traduire par : avec ~ 
S'utilise pour dire que quelque chose accompagne ou suit quelque chose d'autre 
に伴って est équivalent à ~ と一緒に (といっしょに) ";"Nom + に伴って 
Verbe à la forme neutre + に伴って ";"人口が増えるに伴って、 いろいろな問題が起ってきた。 
Divers problèmes surviennent en même temps qu'un accroissement de la population. 
経済発展に伴う環境破壊が問題になっている。 
La destruction de l'environnement est devenue un problème en même temps que le développement économique. 
地震に伴って火災が発生することが多い。 
De nombreux incendies ont lieu avec les tremblements de terre. "
N2;について ;について : concernant ~, à propos de ~ ;"Peut se traduire par : concernant ~, à propos de ~ 
Permet d'évoquer un sujet dont on parle, que l'on pense... 
に関して a un sens proche 
について est un peu plus formel que に関して ";"Nom + について 
Nom + についての + nom ";"コンピューターの使い方についての本がほしい。 
Je veux un livre relatif à l'utilisation d'un ordinateur. 
日本の経済について研究しています。 
Je fais des études concernant l'économie japonaise. "
N2;につき ;につき : en raison de ~, pour cause de ~ ;"Peut se traduire par : en raison de ~, pour cause de ~ 
S'utilise à l'écrit de manière formelle comme dans des bulletins d'informations ou des avis officiels  ";Nom + につき ;"雨天につき、試合は延期いたします。 
En raison du temps pluvieux, la compétition est reportée. 
停電につき、パソコンは今使えません。 
Les ordinateurs ne peuvent être utilisés maintenant pour cause de coupure d'électricité. "
N2;につれて ;に連れて (につれて) : au fur et à mesure que ~ ;"Peut se traduire par : au fur et à mesure que ~
 Permet d'indiquer qu'un changement a lieu en même temps qu'un autre 
とともに et にしたがって ont un sens proche 
につれて s'utilise plus à l'oral et にしたがって à l'écrit ";Nom + につれて ;"品質がよくなるにつれて、値段が高くなる。 
Au fur et à mesure que la qualité s'améliore, les prix augmentent également. 
空気が抜けるにつれて風船は徐々に降りてきた。
Le ballon descend lentement au fur et à mesure que l'air s'échappe. "
N2;にわたる, にわたって ;に渡る, に渡って (にわたる, にわたって) : durant ~, tout au long de ~, à travers ~ ;"Peut se traduire par : durant ~, tout au long de ~, à travers ~ 
Permet de définir un intervalle de temps, de lieu ou de personnes 
Est précédé par un indicateur temporel, géographique ou un groupe 
S'utilise à l'écrit ";"Nom + にわたって ou にわたり 
Nom + にわたる + nom ";"西日本全域にわたり、台風に被害を受けた。 
Toute la zone Ouest du Japon a été frappée par les dégâts du typhon. 
理事会の決定については、すべての学部にわたって学生の不満が広まった。 
Le mécontentement des élèves s'est étendu à travers tous les départements de l'université par rapport à la décision du conseil de direction. 
兄は 5 時間にわたる大手術を受けた。 
Mon frère ainé s'est fait opérer durant 5 heures. "
N2;のもとで, のもとに ;の下で, の下に (のもとで, のもとに) : sous ~, en suivant ~ ;"Peut se traduire par : sous ~, en suivant ~ 
Indique que quelque chose se réalise sous l'action de ~, en étant influencé par ~, grâce à ~ 
S'utilise dans un registre formel ";Nom + の下で ou の下に ;"その新しい法律の下では、夫は子供の世話をするために休暇を取ることができる。 
Suivant cette nouvelle loi, les époux peuvent prendre des congés pour s'occuper de leurs enfants. 
彼の指導の下で商売は繁盛した。 
Les affaires ont prospéré sous sa direction. 
共産主義の下では、生産手段は国有化される。 
Sous le communisme, les moyens de production appartiennent à l'Etat. "
N2;のみならず ;のみならず : pas seulement ~ mais aussi ~ ;"Peut se traduire par : pas seulement ~, mais aussi ~ 
S'utilise à l'écrit de manière formelle ";"Nom ou adjectif en な + (である) + のみならず 
Adjectif en い ou verbe à la forme neutre + のみならず";"学生のみならず、教師もスポーツ大会に参加することになっている。 
Il a été décidé que non seulement les élèves mais également les enseignants participeront au tournoi de sport. 
彼は英語のみならずフランス語も話すことができる。 
Il parle non seulement anglais mais aussi français. 
時は虚偽のみならず真実も明らかにする。 
Le temps clarifie non seulement les mensonges mais également la vérité"
N2;ぬきで, ぬきの ;ぬきで, ぬきの : sans ~ ;"Marque l'absence, l'exclusion d'une personne ou d'une chose 
Peut se traduire par : sans ~ ";"Nom + ぬきで 
Nom + ぬきの + nom ";"万一遅れたら、私ぬきで夕食を始めなさい。 
Si j'arrivais en retard par hasard, commencez à manger sans moi. 
朝食抜きで働くのは苦痛であった。 
Travailler était vraiment difficile sans prendre de petit-déjeuner. 
アルコール抜きの飲物がありますか。 
Avez-vous des boissons sans alcool ? "
N2;おそれがある ;恐れがある (おそれがある) : j'ai bien peur que ~, c'est malheureusement probable que ~ ;"Peut se traduire par : j'ai bien peur que ~, c'est malheureusement probable que ~ 
S'utilise pour indiquer que quelque chose de négatif, de désagréable risque de se produire ";"Verbe à la forme neutre + 恐れがある
 Nom + の + 恐れがある ";"その鳥は絶滅の恐れがあるといわれています。
 On dit que l'extinction de cette espèce d'oiseau est malheureusement probable. 
そういう事故は再発するおそれがある。 
Il est à craindre qu'un tel accident puisse se répéter. "
N2;っぽい ;っぽい : paraitre ~, ressembler ~ ;"Avec un nom ou un adjectif 

Souligne souvent la ressemblance de façon négative 
Exprime l'idée d'une ressemblance mais qui est différent de ce que l'on attend de nous, pas en accord avec notre nature 
Quand le nom se termine par un ん, on enlève le っ : 日本人ぽい (にほんじんぽい) 

S'utilise bien avec des couleurs + っぽい pour dire : une couleur qui se rapproche du ~, dans les tons ~ 
赤っぽい (あかっぽい) : rougeâtre  青っぽい (あおっぽい) : dans les tons bleus 
白っぽい (しろっぽい) : une couleur proche du blanc A

vec un verbe 
っぽい montre une tendance ou une facilité à faire quelque chose 

En général, っぽい s'emploie plutôt dans le langage courant ";"Adjectif en い sans le い final + っぽい 
Nom ou adjectif en な + っぽい 
Verbe dans sa forme en ます sans le ます + っぽい 
Au négatif, っぽい devient っぽくない (っぽい se comporte comme un adjectif en い) ";"３０歳なのに、子供っぽい。 
Elle a 30 ans mais est gamine. 
年を取ると、忘れっぽくなる。 
On devient tête-en-l'air lorsque l'on vieillit. 
怒りっぽい人は、友達が少ない。
Une personne qui s'énerve facilement a peu d'amis. 
今晩は少し熱っぽいのです。
Je me sens un peu fiévreux ce soir. 
私は彼女の黒っぽい目が好きだ。 
J'aime ses yeux tirant sur le noir. "
N2;さえ et からして ;さえ et からして : même ~, même pas ~ ;"Peut se traduire par : même, même pas 
からして s'emploie pour des choses très simples, basiques 
からして peut aussi s'employer pour dire : en se basant sur, d'après 
さえ s'emploie plus pour des choses neutres";Nom + さえ ou からして ;"彼は自分自身の名前さえ書けない。
 Il ne peut même pas écrire son propre nom. 
そして十分な水さえない。
 Et il n'y a même pas assez d'eau. 
この証拠からして当然彼女は無実だということになる。
 En se basant sur ces conclusions, on a bien évidemment décidé de son innocence. 
態度からしてけしからん。 
Même son comportement est scandaleux. "
N2;さいに ;際に (さいに) : lors de ~, lorsque ~ ;"Peut se traduire par : lors de ~, lorsque ~ 
S'utilise de manière formelle et pour désigner un moment ou une occasion précise ";"Verbe à la forme neutre affirmatif (passé ou présent) + 際(に ou は) 
Nom + の際(に ou は) 
この + 際 (expression) ";"だれが一番優れているか、この際はっきり決めましょう。
 Décidons clairement à ce moment là qui est le meilleur. 
会長に会う際にはどんなに丁寧にしてもしすぎることはない。 
On ne peut pas être trop poli lorsque l'on rencontre le président. 
予約の際に聞いた確認番号を私に教えて下さい。 
Veuillez-me communiquer le numéro de confirmation que l'on vous a donné lors de la réservation s'il vous plaît. 
通りを横断する際には車に気をつけなさい。 
Fais bien attention aux voitures lorsque tu traverses la route. "
N2;さいちゅうに ;最中に (さいちゅうに) : en plein milieu de ~ ;Peut se traduire par : en plein milieu de ~ Indique que quelque chose se produit exactement au moment où une autre action se réalise ;"Nom + の最中に 
Nom + の最中です 
Verbe à la forme en -て + いる + 最中に";"彼らは話をしている最中に電話を切られた。 
Ils ont été interrompus en plein milieu d'une conversation téléphonique. 
彼はスピーチの最中に気を失った。 
Il s'est évanoui en plein milieu de son discours. 
彼は遊びの最中です。
Il est en plein milieu d'un jeu."
N2;しだいでは, しだいだ ;次第では, 次第だ (しだいでは, しだいだ) : suivant ~, dépend de ~, la raison est que ~ ;"1er sens 

Peut se traduire par : selon ~, suivant ~, dépend de ~ Indique que : 
selon A, B peut changer 
le fait que B survienne ou non dépend de A 

2ème sens 

Peut se traduire par : c'est parce que ~, la raison est que ~ 
Permet d'exprimer une raison, des circonstances... pour montrer le résultat de quelque chose ";"1er sens 
Nom + 次第で(は) ou 次第だ
2ème sens 
Verbe à la forme neutre ou adjectif en い ou adjectif en な + 次第だ ou 次第で(は) ";"彼が成功するか否かは、彼の努力次第である。 
Qu'il réussisse ou non dépend de ses efforts. 
成功するかどうかはあなたの勉強次第です。 
Que tu réussisses ou non dépend de ce que tu as étudié. 
君の決定次第で行ってもいいしとどまってもいい。 
Suivant ta décision, tu peux rester ou partir. 
このたび日本政府の招きにより、親善大使として日本に来た次第です。 
La raison pour laquelle je suis allé au Japon en tant qu'ambassadeur de bonne volonté est due à l'invitation du gouvernement japonais. "
N2;しかない ;しかない : ne pas avoir d'autres choix que de ~, devoir ~ ;"Peut se traduire par : ne pas avoir d'autres choix que de ~ 
S'utilise quand le locuteur n'a pas d'autres choix que de faire quelque chose et implique qu'il est réticent à le faire 
ざるを得ない a un sens proche ";Verbe à la forme neutre + しかない ;"近くの大学に日本語のクラスがないので、日本語を話したかったら、一人で日本語をするしかな い。 
Parce qu'il n'y a pas de cours de japonais à l'université voisine, je n'ai pas d'autres choix que d'étudier seul si je veux parler japonais. 
修理が無理だとしたら、買いなおすしかないですね。 
Si les réparations sont impossibles, il n'y a pas d'autres choix que d'en racheter un. 
事故で電車が動かないから、歩いて行くしかない。 
Vu que le train ne circule plus à cause d'un accident, on n'a pas d'autres choix que d'y aller à pied"
N2;すえに, すえの, のすえ ;末に, 末の, の末 (すえに, すえの, のすえ) : après avoir ~ ;"Peut se traduire par : après avoir ~ 
S'utilise pour dire que quelque chose survient après une longue période durant laquelle un effort notable a été produit ";"Verbe à la forme passé neutre (-た) + 末(に) ou 末(の) 
Nom + の末(に) ";"長々と協議した末に、売り手と買い手は結局折り合った。
 Après de longues négociations, le vendeur et l'acheteur sont finalement parvenus à un compromis. 
よく考えた末、私は家にいることに決めた。 
Après y avoir bien réfléchi, j'ai décidé de rester chez moi. 
試行錯誤の末、彼はふと正しい答えを思いついた。 
Après de longs tâtonnements, il a trouvé par hasard la bonne réponse. "
N2;といっても ;と言っても (といっても) : bien que ~, même si l'on dit que ~ ;"Peut se traduire par : bien que ~, même si l'on dit que ~, même si ~ 
Permet d'apporter des explications ou des informations supplémentaires sur ce qui vient d'être dit ";"Verbe à la forme neutre + といっても 
Adjectif en い + といっても 
Adjectif en な ou nom + といっても ";"子供の本だと言っても、ちょっと難しいです。 
Même si c'est un livre pour enfants, c'est un peu compliqué. 
ここは冬の時に寒いと言っても雪は余り降らないです。 
Bien qu'il fasse froid durant l'hiver ici, il neige à peine. 
日本は物価が高いといっても、安いものもありますよ。 
Même si les prix sont élevés au Japons, il y a aussi des choses abordables."
N2;ということだ ;と言うことだ (ということだ) : j'ai entendu que ~, cela veut dire que ~ ;"1er sens 
Peut se traduire par : j'ai entendu que ~, il semblerait que ~, on rapporte que ~ 
S'utilise lorsque l'on répète/rapporte quelque chose que l'on a entendu ou lu 

2ème sens 
Peut se traduire par : cela veut dire que ~, cela signifie ~ 
S'utilise pour apporter une interprétation de ce qui a été dit en le reformulant 
On apporte une déduction par rapport à ce qui vient d'être dit ";"Verbe à la forme neutre + ということだ 
Adjectif en い + ということだ 
Adjectif en な ou nom + (だ) + ということだ";"朝日新聞によると、今日は 2 人の有名な歌手が結婚したということです。 
D'après le journal Asahi, deux célèbres chanteurs se sont mariés aujourd'hui. 
その報告書によると不況になるということだ。
 D'après le rapport, une dépression économique arriverait. 
手紙が戻ってきたということは、彼女はもうこの住所にはいないということだ。
Le fait que sa lettre soit revenue signifie qu'elle ne vit plus à cette adresse. "
N2;というものだ ;と言うものだ (というものだ) : je pense que ~ ;"Peut se traduire par : je pense que ~, c'est ~ 
S'utilise pour montrer une impression ou un sentiment particulièrement fort du locuteur ";Nom + と言うものだ ;"一日に本を読み切れるのは無理だと言うものだ。 
C'est normalement impossible de finir de lire un livre en une journée. 
彼に話すのが親切というものだ。 
Ce serait gentil de lui dire. 
人の手紙を無断で開封するのは、プライバシーの侵害というものだ。 
Je pense que c'est clairement une violation de la vie privée que d'ouvrir une lettre de quelqu'un sans permission. "
N2;というものではない ;と言うものではない (というものではない) : cela ne veut pas dire que ~, ce n'est pas nécessairement ~ ;"Peut se traduire par : cela ne veut pas dire que ~, ce n'est pas nécessairement ~, il n'y a pas de garantie que ~ 
S'utilise pour montrer qu'une conclusion logique à une situation n'est pas toujours vraie 
On nuance en quelque sorte un propos ou une idée 
On rencontre également la forme : と言うものでもない ";"Verbe à la forme neutre + というものではない 
Adjectif en い + というものではない 
Adjectif en な ou nom + というものではない ";"どんなこともお金で解決できる、というものではありません。 
Ce n'est pas totalement vrai de penser que l'on peut tout résoudre avec de l'argent. 
ダイエットをするのはやせるというものではない。 
Faire un régime n'est pas une garantie de perdre du poids. 
休めば元気になると言うものではない。 
Si tu te reposes, cela ne veut pas forcément dire que tu seras en pleine forme. "
N2;というより ;というより : plutôt que ~ ;"Peut se traduire par : plutôt que ~, plus que ~ 
Permet souvent d'exprimer l'opinion ou l'avis du locuteur après というより ";"Verbe à la forme neutre ou adjectif en い + というより
 Nom ou adjectif en な (sans le だ déclaratif) + というより";"彼女とは友達というより知り合いの仲です。 
Elle est plus une connaissance qu'une amie. 
私は悲しいというよりは腹が立った。 
Je suis plus furieux que triste. 
私が疲れるのは、暑さというよりはむしろ湿度のせいだ。 
C'est plus à cause de l'humidité que de la chaleur que je suis fatigué.
 彼女は歌手というよりむしろ女優だ。 
Elle est plus une actrice qu'une chanteuse"
N2;としたら, とすれば ;としたら, とすれば : en supposant que ~, si ~ ;"Peut se traduire par : en supposant que ~, si ~ 
Permet d'exprimer une supposition puis d'imaginer une hypothèse ";"Verbe à la forme neutre ou adjectif en い + としたら ou とすれば 
Nom ou adjectif en な + だ + としたら ou とすれば ";"もし試験に落ちていたとしたら、彼はどうしたのだろう。 
Qu'aurait-il fait si il avait échoué à l'examen ? 
もし仮に地震が来たとしたら私たちの町はどうなるのだろうか。 
Que deviendrais notre ville si un tremblement de terre survenait ? 
もし万一外国へ行くとすれば、フランスにするでしょう。 
En supposant que j'aille à l'étranger, j'irai probablement en France. 
もう１度人生をやり直すとすれば音楽家になりたい 
Si je devais vivre une autre vie, je voudrais être un musicien. "
N2;としては ;としては : pour ~ ;"Peut se traduire par : pour ~ 
Implique que quelque chose est bizarre ou inattendu 
S'utilise pour donner un point de référence lors d'une comparaison ";Nom + としては ;"自分としては満足している。 
Pour ma part, je suis satisfait. １
月の輸出は１００億ドルと、同月としては最高記録になった。 
En Janvier les exportations ont totalisé 10 milliards de dollars, un record pour le mois.
彼は相撲取りとしては少し軽い。 
Il est un peu léger pour quelqu'un faisant du sumo. 
彼女の行動は若い娘としては異常です。 
Son comportement est étrange pour une jeune fille. "
N2;としても ;としても : même si ~, en supposant que ~ ;Peut se traduire par : même si ~, en supposant que ~ ;"Verbe à la forme neutre ou adjectif en い + としても 
Nom ou adjectif en な + だ + としても ";"彼はとてもいい人だとしても、私は彼を本当は信頼していない。 
Même si il est quelqu'un de bien, je ne lui fais pas confiance. 
彼女とは二度と口をきかない。たとえ彼女が謝ってきたとしても。 
Je ne lui parlerais plus jamais. Même si elle vient s’excuser. 
もしあした雨が降ったとしてもピクニックに行きますか。 
En supposant qu'il pleuve demain, ira t'on quand même pique-niquer ? 
それが事実であるとしても、私の関知しないことだ。 
En supposant que cela soit vrai, ça ne me concerne pas. "
N2;とともに ;と共に (とともに) : avec ~, en même temps que ~, simultanément ;"1er sens 
Peut se traduire par : avec ~ ~ 
と共に est équivalent à ~ と一緒に (といっしょに) 

2ème sens 

Indique qu'une chose se passe en même temps qu'une autre 
On a deux actions simultanées 
Peut se traduire par : en même temps que ~, simultanément à ~ 

3ème sens
Indique qu'un changement en entraîne un autre par la même occasion 
Peut se traduire par : en même temps que ~";"Pour le 1er sens 
Nom + と共に 

Pour le 2ème sens 
Verbe à la forme neutre + と共に 
Nom ou adjectif en な + である + と共に 

Pour le 3ème sens 
Verbe à la forme neutre + と共に Nom + と共に ";"私と共に来てくれませんか。 
Pourrais-tu venir avec moi ? 
冷戦はソビエトの崩壊と共に終わった。 
La Guerre Froide s'arrêta en même temps que l'effondrement de l'Union Soviétique. 
冬の到来と共に日が短くなりつつある。 
En même temps que l'arrivée de l'hiver, les jours deviennent peu à peu plus courts. "
N2;とか ;とか : il semblerait que ~, j'ai entendu dire que ~ ;"Peut se traduire par : il semblerait que ~, j'ai entendu dire que ~ 
Permet de rapporter une information que l'on a entendu et qui n'est pas sûre";"Verbe à la forme neutre ou adjectif en い + とか 
Nom ou adjectif en な + だ + とか ";"新聞によると、国内線の飛行機運賃が上がるとか。 
D'après les journaux, il semblerait que les frais de transports pour les vols intérieurs vont augmenter. 
彼は金持ちだとか。 
J'ai entendu dire qu'il était quelqu'un de riche. 
田中さんの犬がおじさんに噛たとか。 
J'ai entendu dire que le chien de Mr Tanaka avait mordu un vieil homme. "
N2;つつ ;つつ : bien que ~, malgré ~, tout en ~ ;"1er sens 
Peut se traduire par : bien que ~, malgré ~ 
S'emploie avec quelque chose de négatif 
S'utilise de manière formelle On trouve souvent : 
 ~と思いつつ : bien que je pense que ~ 
~と知りつつ : bien que je sache que ~ 

2ème sens 
Peut se traduire par : tout en faisant ~ 
S'utilise lorsque l'on fait deux actions en simultanée comme avec ながら 
つつ s'utilise à l'écrit et est plus formel que ながら ";"1er sens 
Verbe dans sa forme en ます et on remplace le ます par つつ ou つつも 

2ème sens 
Verbe dans sa forme en ます et on remplace le ます par つつ";"悪いとは知りつつ、うそをついてしまった。 
Bien que je sache que c'est mauvais, je mens. 
試験の準備を早くはじめようと思いつつも、まだはじめていない。 
Bien que je voulais commencer rapidement à me préparer pour mes examens, je n'ai toujours pas commencé. 
食べつつパソコンも使う。 
J'utilise le PC tout en mangeant. 
喜ぶ母の顔を思いつつ、手紙を書いています。 
J'écris une lettre tout en pensant au visage joyeux de ma mère. 
音楽を聞きつつ、仕事をしています。
 Je travaille tout en écoutant de la musique"
N2;うえで ;上で (うえで) : après avoir ~ ;"Peut se traduire par : après avoir ~ 
Indique que l'on réalise une action préparée en vue de quelque chose d'autre ";"Verbe au passé neutre (た) + 上で 
Nom + の + 上で ";"あなたの申し出はよく調べた上でご返事しましょう。 
Je vous répondrais après avoir examiné plus en détail votre demande. 
値段を確認した上で買います。 
Je l'achèterais après avoir vérifié le prix. 
宿題の上で、テレビを見ます。 
Après avoir fait mes devoirs, je regarde la TV. "
N2;うえは ;上は (うえは) : dès lors que ~, du moment que ~ ;Peut se traduire par : dès lors que ~, du moment que ~ ;Verbe à la forme neutre (passé ou présent) + 上は ;"日本語教師になることに決めた上は日本語の能力を高めなければならない。 
Depuis que j'ai décidé de devenir professeur de japonais, je dois améliorer mes compétences en japonais. 
動物を飼う上は責任をもって世話をするべきです。 
Dès lors que l'on élève un animal, on doit faire attention à en être responsable. 
約束を結ぶ上は、条件を慎重に検討すべきである。 
Du moment que l'on contracte un engagement, on doit considérer avec prudence les conditions. "
N2;うえに ;上に (うえに) : non seulement ~ mais en plus ~ ;Peut se traduire par : non seulement ~ mais en plus ~, non seulement ~ mais également ~ ;"Verbe à la forme neutre ou adjectif en い + 上に 
Adjectif en な + な/である + 上に 
Nom + である ou の + 上に ";"彼は無知である上に、傲慢でもある。
Non seulement il est ignorant, mais il est également arrogant. 
有名な物理学者である上に、彼は偉大な小説家でもある。 
En plus d'être un physicien de renom, il est également un romancier remarquable. 
彼女はきれいな上にものわかりがよい。 
Elle est non seulement belle mais en plus intelligente. 
今年にインフルエンザは高熱が出るうえに、せきもひどい。 
Cette année, la grippe provoque non seulement de fortes fièvres, mais également une violente toux. "
N2;Verbe -えば + verbe neutre + ほど ;Verbe -えば + verbe neutre + ほど : plus on fait cela, plus ~ ;Indique que plus on fait quelque chose, alors plus ~ ;"Verbe au conditionnel [-えば] + verbe [neutre] + ほど 
Adjectif en い au conditionnel [-えば] + adjectif en い + ほど ";"練習すればするほど上手になります。
Plus on s'entraîne et plus on s'améliore.
給料は高ければ高いほどいいですね！ 
Plus le salaire est élevé, meilleur c'est, non ?! 
動物の体の形を見れば見るほど面白くなると思います。 
Plus on regarde la forme des corps des animaux, plus je les trouve intéressants. 
聞けば聞くほどますます面白くなる。 
Plus j'écoute et plus cela devient intéressant. "
N2;Verbe -ないで ou verbe -ずに + はいられない ;Verbe -ないで + はいられない : ne pas pouvoir s'empêcher de ~ ;"Pour dire que l'on ne peut pas s'empêcher de faire quelque chose 
Ce qui nous pousse à agir est un fort désir ou une forte envie 
Quand on l'emploie pour une tierce personne, il faut ajouter ようだ ou らしい à la fin 
On peut aussi utiliser ずに à la place de ないで pour le verbe 
Rappel 
Verbe en -ないで : verbe dans sa forme neutre négatif + で 
Verbe en -ずに : ずに à la place de ないで ";Verbe en -ないで ou en -ずに + はいられない ;"彼の正直さを疑わないではいられない。
 Je ne peux m'empêcher de mettre en doute son honnêteté. 
将来の事を考えずにはいられない。
 Je ne peux m'empêcher de penser au futur. 
彼女を愛さずにはいられない。
 Je ne peux m'empêcher de l'aimer. "
N2;Verbe -た + きり ;Verbe -た + きり : pour de bon, une fois pour toutes ;"Indique que quelque chose continue dans le même état après être arrivé 
Depuis un certain évènement, la situation ultérieure est restée et reste encore inchangée 
Peut se traduire par : pour de bon, une fois pour toutes 
A l'oral, きり devient っきり ";Verbe à la forme passé neutre (-た) + きり ;"彼女は５年前に家を出たきりで、その後何の消息もありません。 
Depuis qu'elle est partie de la maison une bonne fois pour toutes il y a 5 ans, je n'ai plus eu de nouvelles d'elle. 
彼はそこに行ったきり２度と帰ってこなかった。 
Il est allé là-bas pour de bon et n'est jamais revenu. "
N2;Verbe -て + はじめて ;Verbe -て + 初めて (はじめて) : seulement après avoir commencé à ~ ;"Peut se traduire par : seulement après avoir commencé à ~ 
On a eu un changement depuis que l'action s'est réalisée (ou on aura un changement pour les actions futures) ";Verbe à la forme en -て + 初めて;"この大学に入って初めて彼女と知り合いになった。 
Ce n'est que seulement après avoir commencé à être dans cette université que j'ai fait connaissance avec elle. 
健康を失って初めて健康のありがたみが分かる。 
On ne comprend la valeur d'être en bonne santé seulement après l'avoir perdu. 
生まれて初めて飛行機に乗った。 
J'ai pris l'avion pour la première fois de ma vie."
N2;Verbe -て + からで + ないと ou なければ ;Verbe -て + からで + ないと ou なければ : si je ne ~ pas avant, ~ ;"Peut se traduire par : si je ne ~ pas, alors ~ 
La partie avant からでないと indique une condition préalable 
La partie après indique un résultat qui a un sens négatif (quelque chose qui ne pourra pas être fait ou qui n'arrivera pas) ";Verbe à la forme en -て + からで + ないと ou なければ + verbe au négatif ;"試験に合格してからでないと、新しいパソコンを買わせません。 
Si tu ne réussis pas d'abord tes examens, je ne te laisserais pas acheter un nouvel ordinateur. 
ビザが取れてからでなければ、旅行の予定は立てられない。 
Si je n'obtiens pas auparavant mon visa, je ne pourrais pas organiser mon voyage. 
上司に相談してからでないとお返事できません。 
Si je ne consulte pas avant mon supérieur, je ne pourrais pas répondre. "
N2;Verbe -て + ならない ;Verbe -て + ならない : ne pas pouvoir se retenir de ~, ne pas pouvoir s'empêcher de ~ ;"S'utilise lorsque l'on ressent une sentiment ou une sensation que l'on peut difficilement contrôler てたまらない a un sens proche mais s'utilise aussi bien pour quelque chose de psychologique que de physique 
~てならない est un peu plus formel que ~てたまらない ";"Verbe à la forme en -て + ならない 
Adjectif en -い : on met くて à la place du い final + ならない 
Adjectif en -な en mettant で à la place du な final + ならない ";"彼女からプレゼントをもらうたびに、嬉しくてならないですな。 
Je suis tellement heureux chaque fois que ma copine m'offre un cadeau ! 
日本の歴史をもっと深く知りたくてならない。 
Je ne peux m'empêcher de vouloir apprendre plus en profondeur l'histoire japonaise. 
明日のプレゼンのことが心配でならない。 
Je ne peux me retenir d'être inquiet pour ma présentation de demain. "
N2;Verbe -て + たまらない ou しょうがない ;Verbe -て + たまらない ou しょうがない : ne pas pouvoir supporter ~, ne pas pouvoir se retenir ~ ;"S'utilise lorsque l'on ressent une émotion ou une sensation très forte qu'on ne peut réprimer 
Ce qu'on ne supporte pas peut aussi bien être : 
physique avec par exemple une douleur ou une gêne 
psychologique avec par exemple une émotion vive ou une envie 
Dans tous les cas, ce qu'on ne supporte plus est très fort, insupportable 
Ne s'utilise qu'avec un sujet à la première personne ";"Verbe à la forme en -て + たまらない ou しょうがない 
Formes se terminant en -い : on met くて à la place du い final + たまらない ou しょうがない 
Adjectif en -な en mettant で à la place du な final + たまらない ou しょうがない ";"母に会いたくてたまらない。 
Je meurs d'envie de rencontrer ma mère. 
窓を開けてくれここは暑くてたまらない。 
Ouvre la fenêtre, la chaleur est insupportable ici.
冷たいものを飲みたくてしょうがない。 
Je ne peux pas me retenir de vouloir boire quelque chose de frais. "
N2;けいごのことば ;敬語の言葉 (けいごのことば) : mots utilisés de manière formelle ;Certains mots ont un équivalent dans un langage plus soutenu, plus formel. ;"Sens Mot normal Mot formel 
je, moi, mon ぼく・わたし わたくし 
tu, toi, ton あなた そちらさま 
maintenant いま 今 ただいま ただ今 
cette fois-ci, maintenant こんど 今度 このたび この度 
l'autre jour, récemment このあいだ せんじつ 先日 
avant-hier おととい いっさくじつ 
hier きのう さくじつ 
aujourd'hui きょう 今日 ほんじつ 本日 
demain あした みょうにち 
après-demain あさって みょうごにち 
l'année dernière きょねん さくねん 
l'année avant l'année dernière おととし いっさくねん 
tout à l'heure (auparavant) さっき さきほど 
après あとで のちほど 
par ici こっち こちら 
par là そっち そちら 
par là-bas あっち あちら 
dans quelle direction ? どっち どちら 
qui ? だれ どなた où ? どこ どちら
 comment ? どう いかが 
vraiment, réellement ほんとうに まことに・じつに
beaucoup, énormément すごく たいへん 
un moment ちょっと しょうしょう 少々 
Combien ? いくら いかほど";""
N2;わけです ;わけです : il est naturel que ~, c'est parce que ~ ;"Exprime une conclusion naturelle, logique, qui découle de ce qui a été dit 
Le locuteur exprime son opinion ou l’explication de quelque chose à l’interlocuteur 
On l'utilise si l’information est une raison ou une explication que l’on veut transmettre 
Peut se traduire par : il est naturel que ~, de ce fait ~, c'est pour cela que ~ ";"Adjectif en -な ou en -い + わけです ou わけだ 
Nom + という ou だった + わけです ou わけだ 
Verbe à la forme neutre + わけです ou わけだ ";"ちゃんと勉強できなかったから入学試験に落ちたわけです。 
Parce qu’il n’a pas étudié sérieusement, il a naturellement échoué à l’examen d’entrée. 
波が高いわけだ。台風が近づいているんだ。 
C'est normal que les vagues soient hautes. En effet, un typhon est en train de se rapprocher. "
N2;わけがない ;わけがない ou わけはない : il n'est pas possible de/que ~ ;"Peut se traduire par : il n'est pas possible que ~, il n'y a pas moyen que ~ 
Permet d'exprimer un fort jugement négatif 
Indique qu'il n'est pas possible qu'un fait se produise par rapport au cours actuel des choses 
S'emploie avec du présent ";"Adjectif en -な ou en -い + わけがない 
Nom + の ou である + わけがない 
Verbe à la forme neutre + わけがない ";"私より年上のわけが無い。
Il n'est pas possible qu'il soit plus vieux que moi. 
あんな下手な絵が売れるわけがない。 
Il n'est pas possible qu'une telle peinture bâclée puisse se vendre. 
ここは海から遠いので、魚が新鮮なわけはない。 
Il n'est pas possible que le poisson soit frais du fait que la mer soit loin d'ici. "
N2;わけにはいかない ;わけにはいかない : ne pas pouvoir se permettre de ~ ;"Peut se traduire par : 

Il n'y a pas de raison de ne pas pouvoir ~ 
Il m'est impossible de ne pas ~ 
Il n'y a pas d'autres choix que de ~ 
Je ne peux me permettre de ~ 

S'emploie principalement pour évoquer une contrainte sociale ou morale ";Verbe à la forme neutre + わけにはいかない ;"私は君にそれをさせるわけにはいかない。 
Je ne peux pas vous permettre de faire ça. 
そんな話を聞くと笑わないわけにはいかない。 
Je ne peux m'empêcher de rire à écouter une telle histoire. 
私はその言葉を聞き捨てにするわけにはいかない。 
Je ne peux me permettre d'ignorer ces paroles. "
N2;わりに ;割に (わりに) : en dépit de ~, malgré ~ ;"Peut se traduire par : en dépit de ~, malgré le fait que ~, par rapport au fait que ~ 
Exprime un jugement dans lequel la situation évoquée après 割に ne rejoint pas les attentes ou les faits qui sont impliqués dans la situation avant 割に ";"Adjectif en -な ou en -い + 
割に Nom + の + 割に 
Verbe à la forme neutre + 割に";"彼は年齢の割には背が高い。 
En dépit de son âge, il est grand. 
彼は経験がない割にはよくやっている。 
Malgré le fait qu'il n'ait pas d'expérience, il s'en sort bien. 
彼の祖父は年の割にまだたいへん健康だ。 
Son grand-père est encore en pleine forme malgré son âge. "
N2;をけいきにして, をけいきとして ;を契機にして, を契機として (をけいきにして, をけいきとして) : suite à ~ ;"Peut se traduire par : suite à ~ 
S'utilise lorsque quelque chose est arrivé et a provoqué un changement important et visible
 S'utilise dans un registre formel ";Nom + を契機に(して) ou を契機として ;"株価上昇を契機に新工場建設の話が持ち上がった。 
La discussion sur la construction d'une nouvelle usine est apparue suite à la monté des prix des stocks. 
オイルショックを契機に新エネルギーの研究が進められた。 
Les recherches sur de nouvelles énergies ont avancé suite au choc pétrolier. "
N2;をきっかけにして, をきっかけとして ;を切っ掛けにして, を切っ掛けとして (をきっかけにして, をきっかけとして) : depuis que ~, suite à ;"Peut se traduire par : depuis que ~, suite à ~, en profitant du fait que ~ 
Permet d'indiquer que suite à un évènement important, on en a profité pour faire quelque chose d'autre ";Nom + を切っ掛け ou を切っ掛けにして ou を切っ掛けとして ;"この映画を切っ掛けに広東語を始めた。 
Suite à ce film, j'ai commencé à apprendre le cantonais. 
引っ越しをきっかけに家具を買いかえた。 
Depuis que j'ai déménagé, j'en ai profité pour racheter des meubles. 
旅行をきっかけにして、木村さんと親しくなりました。 
Depuis ce voyage, je suis devenu proche avec Mr Kimura. "
N2;をこめて ;を込めて (をこめて) : avec tout ~ ;"S'utilise pour montrer des sentiments ou un effort pour réaliser une action 
Peut se traduire par : avec tout ~, de tout ~ ";Nom + を込めて;"私は渾身の力をこめてその戸を開けようとした。
J'ai essayé d'ouvrir cette porte de toute ma force. 
彼女は心をこめて美しい歌を歌った。 
Elle chanta une magnifique chanson de tout son cœur. 
彼女は憎しみをこめて彼を見た。 
Elle le regarda avec toute sa haine. "
N2;をめぐって ;をめぐって : à propos de ~, autour de ~, concernant ~ ;"Peut se traduire par : à propos de ~, autour de ~, concernant ~ 
S'utilise lorsque l'on a des avis opposés ou des opinions divergentes autour d'un sujet ";Nom + をめぐって ;"委員会はその計画をめぐって意見が分かれた。
Le comité était partagé autour de ce projet. 
彼の死をめぐってあるうわさが広まっている。
 Certaines rumeurs grandissent à propos de sa mort. 
先生たちはその問題をめぐって賛否が分かれた。 
Les professeurs avaient des avis partagés concernant ce problème"
N2;をもとに, をもとにして ;を基に, を基にして (をもとに, をもとにして) : en se fondant sur ~, à partir de ~, en se basant sur ~ ;"Peut se traduire par : en se fondant sur ~, à partir de ~, en se basant sur ~ 
Exprime le fait que quelque chose se base, se fonde, se construit à partir d'un autre élément
S'utilise principalement quand l'élément sur lequel on se base est une idée, un sentiment, une intuition... 
に基づいて a le même sens mais s'utilise plus pour quelque chose de rationnel (une donnée, une preuve) ";Nom + を基に ou を基にして ;"この映画は小説をもとにしている。 
Ce film se base sur un roman.
持っている資格をもとに仕事を探します。
Je recherche un travail fondé sur les compétences que je possède. 
このレポートは色んな記事などを基に書かれた。 
Ce rapport a été écrit à partir de différents articles entre autres. "
N2;をとわず, はとわず ;を問わず, は問わず (をとわず, はとわず) : sans lien avec ~, quelque soit ~ ;"Peut se traduire par : sans lien avec ~, sans distinction de ~, quelque soit ~, qu'importe ~
Ce qui précéde を問わず ou は問わず est souvent une catégorie (l'âge, le sexe, la nationalité…)";Nom + を問わず ou は問わず ;"年齢を問わず人々はこの歌が好きだ。 
Cette chanson plaît aux personnes quelque soit leur âge. 
試合は晴雨を問わず行われます。 
La match aura lieu quelque soit le temps. 
この会には年齢、性別は問わず、いろいろな人を集めたいのです。 
On veut rassembler beaucoup de personnes dans cette réunion quelque soit leur sexe ou leur âge. "
N2;をつうじて, をとおして ;を通じて, を通して (をつうじて, をとおして) : durant ~, à travers ~, par l'intermédiaire de ~ ;"1er sens 
Peut se traduire par : durant ~, tout au long de ~, pendant ~ 
Permet d'indiquer un certain intervalle de temps 

2ème sens 
Peut se traduire par : à travers ~, par l'intermédiaire de ~ 
Permet d'indiquer un moyen qui permet la réalisation d'une action ";Nom + を通じて ou を通して ;"読書を通じて多くの言葉が習得される。 
Beaucoup de mots sont appris par l'intermédiaire de la lecture. 
貨幣は銀行制度を通じて流通する。 
La monnaie circulaire par l'intermédiaire du système bancaire. 
午後を通してずっと雨が降っていた。 
Il a plus tout au long de l'après-midi. 
この国では年間を通じて気温の変動がほとんどない。 
Ce pays a une température constante tout au long de l'année. "
N2;ざるをえない ;ざるを得ない (ざるをえない) : ne pas avoir d'autres choix que de ~, devoir ~ ;"Peut se traduire par : ne pas avoir d'autres choix que de ~, devoir faire ~ 
S'utilise dans une situation où on n'a pas d'autres choix que de faire quelque chose 
S'utilise à l'écrit しかない a un sens proche
 La forme en なければならない est aussi proche mais s'utilise quand on doit faire quelque chose à cause d'une obligation ou quand on n'a pas d'autres choix ";"On prend le verbe à la forme neutre au négatif (ない) 
On remplace le ない final par ざる 
On ajoute をえない 
する devient せざるえない";"彼の招待は受けざるを得ない。
Je n'ai pas d'autres choix que d'accepter son invitation. 
私たちは行かざるを得ない。 
Nous n'avons pas d'autres choix que de partir. 
そう考えざるを得ない。 
Il ne peut s'empêcher de penser ainsi. "
N2;~ か ~ ないかのうちに ;~ か ~ ないかのうちに : à peine ~ ;"Peut se traduire par : à peine ~ 
Permet d'indiquer une suite d'évènements : à peine une action vient de se terminer qu'une autre commence juste après ";Verbe à la forme neutre (passé ou présent) + か + verbe à la forme neutre négatif (-ない) + かのうちに ;"彼は逃げるか逃げないかのうちにまた捕まった。 
À peine s'était-il échappé qu'il fut recapturé. 
家を出るか出ないかのうちに雨が降り出した。 
À peine étais-je sorti qu'il s'est mis à pleuvoir."
N2;~やら~やら ;~やら~やら : des choses comme ~ et ~ entre autres ;"Peut se traduire par : des choses comme ~ et ~ entre autres, ~ et ~ entre autres 
Permet de liste différents éléments de manière non exhaustive 
S'utilise à l'écrit de manière formelle ~やら~やら a une connotation négative A pour sens proche : 
~や~や ou ~など~など, sauf que ~やら~やら peut être également précédé d'adjectifs";"Nom + やら + nom + やら 
Verbe à la forme neutre + やら + verbe à la forme neutre + やら
Adjectif en い + やら + adjectif en い + やら ";"帰国する前は飛行機のよやくをするやらおみやげを買うやらで忙しい。 
Avec la réservation pour mon vol et les cadeaux souvenirs à acheter entre autres, je suis vraiment occupé avant de rentrer au pays. 
宿題やらレポートやらで、のんびりする暇もない。 
Avec tous ces devoirs et rapports, je n'ai plus du temps libre à loisir. 
お酒を飲みすぎて、頭が痛いやら苦しいやらで、たいへんだった。 
J'ai trop bu d'alcool, puis j'ai eu des douleurs et un mal de tête, c'était assez grave. "
N2;~も + verbe -えば ou なら + ~も ;~も + verbe -えば ou なら + ~も : non seulement ~ mais ~ aussi, ni ~ ni ~ ;"Peut se traduire par : non seulement ~ mais ~ aussi, ni ~ ni ~ 
S'utilise pour montrer deux faits qui sont tous les deux identiques : 
soit vrais : non seulement ~ mais ~ aussi  
Soit faux : ni ~ ni ~ ";"Nom + も + verbe en -えば + nom + も
Nom + も + adjectif en い au conditionnel (-ければ) + nom + も 
Nom + も + adjectif en な + なら + nom + も ";"父はお酒も飲めばタバコも吸うので、健康が心配だ。 
Mon père non seulement boit mais fume également, je suis donc inquiet pour sa santé. 
新しくできたレストランは値段も安ければ味もいいと評判です。 
Ce nouveau restaurant a pour réputation d'avoir non seulement des prix abordables mais aussi de proposer une bonne cuisine. 
彼は仕事もしなければ学校にも通わない。 
Il ne va ni à l'école ni au travail. 彼も来れば彼女もぜひ来る。 
Lui et sa petite amie vont certainement venir. 
彼は歌も上手なら踊りもうまい、パーティーの人気者だ。 
Il danse et chante bien, c'est donc quelqu'un de populaire lors des fêtes. ";
